smiles,validness
Fc1[nH][nH]c(-c2nc(=NCCl)[nH][aison2][nH][nH]1)C,False
CC1=CC(C)=N[Cu]1,True
N=NC(CCCN)CC(N)Cc1ccccn1,True
CCC(C)(C#N)CN1CCCC1=N,True
Cn1ccccc1=Nc1nnc2ccco1,False
CC(C)=NOc1c(Cl)ccc2cccnc12,True
Brd1OC1OC1CN,False
CNCCC1CCCCCCCCOS1,True
CN(C)CCCCCCCNCc1ccc(Cl)cc1Cl,True
FC(Cn1nnn[Cu](N(Oc2ccco2)C2CCCC2)CCCC(F)CF=C(F)F)[nH]{1},False
CCCCCCS(=O)(=O)O,True
C#CCS(=O)(=O)Cc1ccccc1,True
CCCCCCOS(=O)(=O)Cl,True
CCCCC1CCC(CN)C(C)N1O:O,True
CCNC(N)Cc1ccccc1O,True
Oc1nc(OC)nc(N2CSC3CCCC2c23)c1,False
COP1CCCCCNO,False
CCc1ccc(F)cc1O,True
NC(N=O)CCC1CCCN(=N)N1,False
CC(CS)Cc1cc(-c2nco0+)nc1=O,False
CCN1CCN(C(=S)S)CC1,True
Oc1oc2c(RCO)(RCO)ccc2c21,False
NC(=Ndiploh)NA,False
Nc1noc(CC(O)c2cccnc21)&COCCSC(=N)N,False
N=C(NNC(=S)N=O)Nc1ccccc1,True
CC1=COC(C2=CC(Cl)CCCC2)C(O)C1O,True
C[SH](C)CCC(=O)c1ccc(CCc2c[nH]cn21)cn,False
Nc1nnc(CC2CC3CC2CN3)n1,False
CN=C(C(=O)CI)c1ccoc1C(=O)O,True
CCCCN1CN(CC(C)=O)CN1,True
Nc1nc2c([nH]1)NCCC2C(=O)S,True
NCCCC=NNCCOccccbw,False
O=P(O)(O)OCC(O)c1ccccc1O,True
C#CC[PH](=O)OC(=O)c1cnccn1,True
CSCc1sc(F)nc2nc3ccccc3n12,False
C#CCCC=CCOC=O,True
Fc1cccc(C(Cl)=CNCCCCl)c1,True
CN(Cc1nnn[nH]1)c1ccc(Br)cc1Br,True
Cc1cccc(N=c2nns[nH]2)n1,True
CCCC(CC)C(CO)(CCCCF)SS,True
CSC=CCN=Cc1ccncc1,True
NC1CC1c1cccc(M=C[N[H]].CW[C]{}w1[F])[nH1],False
Oc1cnccc1C(CS)NCCS,True
COCCC(C)(CCC=O)COC,True
NC1=c2ccc(N)[nH]2CCN1O,False
Cc1cccc(=O)n1OCCCCCBr,True
CC1(N)C=CN1c1ccccc1,True
NCc1cn(NCc2ccc(Cl)cc2)nn1,True
CCCC(=O)NN1CC(=CCCC=O)OC(=O)CCCC1=O,True
NOCN1N=NC1=NO,True
NC12OOc1nc(-c2cccn1)CNN2,False
COc1cc(CC(O)CO)cc(O)c1O,True
Cc1[nH]c(S)c(Cl)c(CN)c1CI,False
Cc1cccc(-n2cc(NN)nn2)c1,True
CC(=N)N=Cc1ccc(F)cc1,True
COP(=S)(OC(CCCL)CCL)CCNC(C)S,False
C#CCC(C)CCCCCCCCCCNC(C)CO,True
Brc1[nH][-2][H]Cc1=O,False
CC1CCC2CCCC3CC(=O)OC3(CO)N1C2,True
CCCC(C)NC(=O)c1cccc(Br)n1,True
CCCCCc1ccc(O)cc1O,True
CCCCCC(=N)OCCCBr,True
CCCCCN(O(=O)=O)CN,False
CCC#Cc1cc(=O)c(O)n(C)c1=s,False
Cc1n[nH]c2c(=O)[nH]c(=O)m1-c2Cl,False
CNC(=N)Cc1c[nH]c2ccccc12,True
Cc1cc(C[SH]1)C#N,False
Fc1ccc(COC2COCCCN2)cc1,True
O=c1ocs2ccc(CC(N)=NSCl)nc12,False
CCCCNCc1cc(F)cc(F)c1,True
Oc1c(I)cc(F)c(Br)c1F,True
CN(C)N(Cl)c1ccccc1Cl,True
NCC1(c2ccccc2)CCNC1,True
OCc1oc(-c2cccc(F)c2)*c1O,True
NC(O)c1ncc(O)c(Cl)c(Br)c1,False
NCCSCCCc1ccccc1,True
CONCc1cc(-c2cccc(Cl)c2)c(O)=N1,False
CC(=O)NNC(=O)c1ccccc1,True
Cc1ccnc(C(=O)CN)nc1OC,False
c1ccn(-c2cccn2)c(C)n1,False
CCCCCCOC(=O)C1OCC(O)O1,True
NC1Cc2cc(C(C1=O)C(=O)O)cc2I,False
Cc1ccc(F)cc1,True
CCOc1cccc(NN)c1,True
CCN(N=O)NN=C(O)c1ccc(Cl)cc1O,True
O=C(O)c1cc(O)ccc1Br,True
CCC(C)OC=CCC(=O)OC,True
Nc1cccc(-c2nc[nH]n2)c1,True
CCCCNNNC(CC)CCl,True
Nn1cc(Br)c3n([nH]c2ccccc2at3)n1,False
O=C(OCCNc1ccccc1O)c1ccccc1,True
CCc1ccc(CCN=C=O)a1Cl,False
c1ccc2c([nH]c23nnnhh3)on2c1,False
CC(C1CCCCC1)C1CCCCN1,True
C=C1NCCCC(c2ccccc2)C1=NO,True
CN1CCCC(F)C1=O,True
CCCCNN(CCP(=O)(O)O)CX,False
NC(N)=O(CC(N)=O)NC(CS)S,False
Nc1nc(CCn2cc[nH]cn2)cc1N,False
NC(N)=NCCn1ccccc1,False
ClC(Cl)=C(Cl)C(Cl)(Cl)Cl,True
C=C1CCCCC1=Cc1c(F)cc(F)cc1Br,True
CCC=CC=CCC(C)CNc1ccncc1,True
CCCCCC1CCCC1CO,True
Oc1ccc(Cl)cc1,True
O=P(O)(O)CC=CCNCc1nn[nH]n1,True
"S=C(OC(CC(O)CO)[SH]=""O)N1CSSC1",False
CCc1c(C(=O)O)o[cH]12CCCN2C1,False
CC1CCc2cccc(Cl)c2N1N=C1CC(=O)CN1,True
C=CC(=O)OCC(C)(C)NCC(=O)O,True
CON=C(F)c1ccc(Br)o1,True
CC(=O)CN(CC(=O)NO)CC(=O)NO,True
COCC(O)c1cc(CCl)ncn1,True
CCS(=O)(=O)NNNCC(O)C(=O)O,True
O=c1c2cn(CC2CN1O)cn2cccn12,False
NCc1ccc(-c2nn[nH]n2)cc1,True
C1CCN(NCC2CCCCCC2O)C12CCC1C1F,False
c1cc(Cc2cccsc2)on1,False
CN(Cc1ccc(Cl)cc1)SS,True
COC1CCCC(=O)O1,True
O=C(O)c1nc2cc(Cl)c(Cl)cc2n1O,True
CCC(=O)OC1CO1=NCC#CI,False
NS(=O)(=O)O,True
CCc1noc(C(=NVbiao1)C(Cl)(Cl)Cl)c1ccc(C(=OV)briao1)VCl,False
CNC1OCC(O)C(O)C1O,True
CN=C(Cl)SC(=O)n1cccn1,True
FC1CCNC2N=CC1CN2,True
CCOC(Br)Cc1nc(N)nc(N2CC=CC2)n1,True
CC(O)C(Br)CO,True
CCC(N)OCCCCCN,True
CSc1ccc2c4c(O)cccc43cc4n72 CCC43,False
NNC=CN1CCCCC1,True
Cn1nnn(N = N)n1=N,False
c1nscss-s1,False
O=[PH]=C1(N)ccn1-O,False
NCC(Br)SCc1nocd1,False
NS(=O)(=O)c1ccc(Cc2ccccn2)s1,True
CCC(=O)OCCCNOCCC(C)CO,True
Cn1nnn(CCc2ccccc2)nc1=S,False
CN1C2CCCN1CC2=C(S)C(Cl)(Cl)Cl,True
CCCCCON(C)CC(=O)NN=C1CCCCN1,True
Nc1cccc2ccnn12,True
CCC(=O)Cc1nnn(CC)n1,True
OCn1c(Cl)ccc1CCl,True
CC(C)CCCCCCNC(=O)CCCC(=O)O,True
O=C(OC(Cl)Cl)NN=c1ccco1,False
C[SH](O)CCCC[SH](O)Cc1ccccn1,True
CC(Br)CC(O)CO,True
c1ccc2scrc3ncn(c32c1)C1CC1,False
Cc1ccc(NCc2ccccn2)cc1,True
CCCCCCSS,True
CCCNCc1cn[nH]c1C,True
NC(Cn1nc(=O)cn1)c1ccnh1,False
C=CC(=O)CCCCOCCCO,True
Clc1cc(O)nc2c(C#N)nnc12,False
Nc1ccc2ccc(Cl)cc2n1,True
CCNc1cnccc1F,True
CCCCc1c(Cl)nnn1Cc1cccc[nH]1,False
Cc1nc(CCCCN(C)C)nc(N2CCOCC2)n1,True
N#CCCCCCCCCC(=O)OCl,True
CCCCOC(C]=S)C(C)=O,False
NOCCNO,True
CCCCCCCC(N)CN=N,True
CNC(=O)S(=CN=O)Cc1ccccc1,True
Clc1ccsc(NCc2cccc(O)c2)-1,False
CCOCC(NCc1cccc(Br)c1)C=C%S,False
Cc1ccccc1OS(Cl)CCCnNC(C)C = O,False
CCCO=C1CC(C)(C)N(C(=S)S)C1N=C(S)S,False
NOC=CCn1ccnc1C=O,True
NCCCc1cccc(N=C2ccccn2)c1,False
CC=CCC1=CC(OC(=O)c2ccccn2)C(O)C(=O)N1I,True
Cc1onc(=O)n1CCCC(=N)NN,False
CCN1CN(CC)c2nccc21,False
Nc1ccc2oc(N3CCSC3)o2c1,False
ON=C1NC2CC3CCN3CC2C1S,True
Cc1cc(N)ccnc1-c1cnnn1,False
C[ášoðC1CCCCCC5C(F)C12CCCCC1CWð5)]1212,False
Cc1cccnc1COC(=O)C(N)=NO,True
CNc1cc(F)c(Cl)c(C=N)cc1,False
CCCCCNCCCCCCO,True
Cc1ccc(Sc2cccnc2C[SCH](S)=N=S)nc1,False
C#CSc1noc(C2CN=CNC2)n1O,False
COc1ccc(-c2cccc(N)nv2)c1,False
C=C(Br)C(=O)OCCSP(=O)(O)Cl,True
O=Cc1cc(Br)ccc1CS,True
CNC(=S)NN=Cl,False
CCCCCC(O)C(N)c1ccc(F)cc1,True
O=c1c(Br)cccc1F,False
S=c1[nH]cc(=nn2cccnc22)o1,False
NCCCCCCC(F)CN,True
ClC(CBr)=C(Br)C(Cl)(Cl)Cl,True
Clc1cc(COCN(c)=N)ns1,False
Fc1ccc(Cl2c2ccocl2)cc1,False
CC(N)c1cc(=O)n(CC)c1Cl,False
CCOC(=O)c1cc(Br)c2cccoe2n1,False
CCCCCOCCCCCC(C)O,True
CN=CCn1cccc1C,True
COCC1(O)COC(OC2NCCC2=O)C1,True
CN(CCn1cc(I)=nn1C)C(=O)S(S(=O)(=O)O)O,False
NC(Cn1nnc2cc(Cl)c(Cl)cc21)C(=)O,False
"COc1ncn(Br)c(O)(n1)[SH]""",False
CSc1nc2n(Br)cncn2c1Cl,False
CCCCCCC1OC(O)C<O>C(CO)C1O,False
CN1CC2CC(=O)C(N)=CC1c1ccccc1C2,True
CCC(N)(C#N)c1ccccc1Cl,True
CNc1ccccc1Cc1ccccc1CNN,True
CCCNCCNC1C=CC(CCF)=CC1,True
CSc1cn(OCCCNO)cn1,True
COP(CCCNC(=N)N):C(O)=NO,True
COCC(NC(C)(C)C)[SH]1CC(O)CCO1,True
CCCC1CCC(NC(C)(C)CO)C1(C)S,True
CC(CCNCOP)c1ccco1,True
NSC(=S)S(CC(F)C(=O)O)=NO,True
NS(=O)(=O)OCCCP(=O)(O)OP1CCCCP1,True
N=C1CCCCC1=NN=[SH]N,True
CON(C)Cc1c[nH]cn1,True
CNCCOc1cccc(I)c1,True
CON=C(Nc1ccccs1)Nc1cccc(Cl)c1,False
CC1CC2(N3CCC3=O)=CC3CN=C12,False
O=C(S)c1ccc2ccccc2n1,True
ClSSCN1CC2OCCC1COO2,True
ClCCCc1noc2ccccc12,True
OCn1cc(-c2ccccc2)no1,False
CC(B1C=CC=C1F)C(=O)N(C)c1cscc1Cl,True
O=C(O)C(Br)c1ccsc1,True
COCCCNC(=O)c1cc(=O)[nH][nH]$1O,False
C=CN1CCCC(=O)N1Cc1ccccc1,True
Fc1cccc(Fc2ccc[NH]n2)c1,False
O=C(O)C=C1CNCCN1,True
CCCNC(Cc1cc(Cl)cc(F)c1)N(N)=O,False
CC1(C)(CC(=O)OC(C)C)N(C(=O)O)c2ccccc21,False
NNCCn1cc(O)cnc1=O,True
CC1=CC=CC2=CC=CNN12,True
NS(=O)(=O)Oc1nccnc1Cl,True
CC(C)CSc1cc(N=Nc2nnc(S)s2)nt1,False
CN(CC1CNNC1)c1ccccn1,True
COCCCO,True
O=c1[nH]cc(=O)n(COc2cncs2)c1O,False
CCC(O)(Cc1ccco1)c1cccc(O)c1,True
C=C(CCO)C(=O)OCCO,True
NC(CC(F)C(F)C(F)Br)C(=O)O,True
CC[SH](O)CC(C)CN,True
O=S(=O)(F)C1CC(Cl)(Cl)C(F)(C(Cl)Cl)C1,True
CC=COCn1cncc(=O)n(CNN)c1=S,False
CCC1CCC(Nc2ccncc2Br)N1,True
SC(=S)NCCc1cc(=O)soc1,False
"CNc1nc(NN(=NO)o2cccnc21)""(=O)(O)""FF",False
CCCCOC(=O)CCSP(=O)(O)O,True
CC=CCCNC1NCNNCS1,True
CC1=CN2C=NC(C=O)=C1CCS2,True
Nc1nc(Cc2cccs2)cc(=O)n1O,True
NNCc1ccc(F)c(C(N)=O)n1,True
CN=CNC1=CC=C(NO)OC1=C=S,True
c1ccc(C2CO2)cc1,True
COc1cncc(c2nnc(O)[nH]n2)o1,False
CCCCCOcc1cnc(Cl)c(O)n1,False
O=C1CSCN1C1=CC1Phl,False
CC(=S)NS,True
Cc1ccc(N2CBNCC2)cc1I,True
CCC(NCCOc1cnoc(Br)c1)N=C(N)N,False
NCC1C(Cl)CC1(O)c1ccc(Cl)nn1,True
CCN(CO)N=C(N)Cc1cccc(I)c1,True
S=c1[nH]c3nn cc1n3CCS(C)S,False
CCCCN(C)CCCCCC(=O)O,True
CCC(C)OP(=O)(O)O,True
CCCc1cc(O)c(O)c(OC)=1Cl,False
OC1CCC2C=COC1CC2,True
Cc1cccc2cccnc12,True
COCOP,True
ONC1=NSSN=C1,True
CCCc1ncc(I)c2ccccc12,True
Cc1ncnc2cccc1C12CCCC1,False
ClCc1cnn(C)cc1,False
Oc1cc(-c2ccc(F)cc2)s1,False
SC=S(Cc1c[nH]cn1)oCCCO,False
CCCCNCc1nn2cncnc21,False
CCC(ON)n (O)c1cc2cc(S)ccc2c1,False
CC1=C2NC=CC(Br)=C2C=C(N)O1,True
CCOP(=O)(Cc1cnccn1)NCCN,True
CC1CCCCC(O)N1c1ccc(O)cc1,True
CN1CCC1(O)c1ccccc1,True
CCC(=O)Cc1cnc2oc1232211o2,False
CCCC=C1NCCC=CO1,True
ClCCC(=O)NC1CC=O,False
CCC(=O)OCCNC1CCN CC1=O,False
CCC1=C2CC(C)(C)C2=C1C(N)=O,True
COc1cc(C)cxx1,False
CNc1nc(N)nc(N2CCCCC2)o1,False
N#Cc1c[nH]c2[nH]c ['-']161nc(Cl)c1O,False
C#CCSSCCc1cnccn1,True
CCOC(S)=Nc1ccco1,True
CCC(=O)c1ccccc1-cke1CCCC1OC,False
NC1CCc2c(BO)c(Cl)cccc2C1,False
NCC=CC(=O)CO,True
CNC(C)n1cccc(CC(=O)O)n1,False
CCCC(N)=O,True
COc1ccc(SCC(=O)CCN(C)C)cc1,True
NNc1ccc(C(N)=O)cc1,True
c1cc(CN2CCCS2)o[PH])[nH]1,False
ClCCC1=C(Cl)N=C2N=C(Cl)C=S21,True
CCCN(CCN)C(=O)c1ccc(Br)cc1Br,True
COc1cccc2c(O)c(O)c(OM1)c2Cl,False
OC(N)(Cc1ccc(F)cc1)n1ccnc1=S,False
CC(Br)C1=C(O)[SH](O)S1,True
N=C1CCN(c2ccccc2)CC1=N,True
CC12OOC(OP3(CC2O)CC3)(C12)O,False
CC(=O)C(C)NCC1=NN=N[C@@H]1O,True
CC(=O)Cc1nc(I)c(=O)[nH]c1=O,False
CC(C)CCCC(C)(C)VCLBr,False
COC12CNCC(C3C(CC(C)(C)C3)NCCC(=O)NC2)I,False
CN(N=C(N)N)C(=O)CO,True
CON(CC(=O)O)C(=O)CC(N)c1cccs1,True
Nc1cc(I)c(CO)nc2ccccc21,False
CCCC(CCNC(CCN)CC)c1nncc1C,False
CC(=O)NC1CCC2(C)C(O)C(=O)C12,True
Cc1cc2c(-c3ccccc3)s[nH]c2s1,False
NCCCNCCc1ccc(C(=O)O)cc1,True
CN=NC(N)=NBrlCN=NC=NBr,False
COc1cccc(C=CN)c1C1CC1CN,True
CC(CCl)(CCCCCl)CS(=O)(=O)O,True
Clc1cccc2ccccc1NCCON2,True
CNCCSC(N)CSC(N)CBr,True
C[SH](O)CCCCO[SH](=O)(O)CCCl,True
Cc1nc(CO)nc(O)c1O,True
O=P(O)(O)CCC=Nc1c[nH]cn1,True
CCC(O)CC(S)S,True
"Cc1cccnc1Cs<|end_header_id|>user<|end_header_id|>

Generate SMILES of a purchasable fragment.",False
OCc1nc2n(Cl)cnc-n2c1,False
CCCN1CC(O)CCN1CN,True
CCCC#NCC#Cc1cccc(O)c1,False
CN=CNc1cncc(Cl:c2cccc(Cl)c2)c1,False
CCc1nc2scc(S(N)(=O)=O)nn2C1,False
Cc1cccn1NC(=N)NC1=NCCCS1,True
CC=C(CC)(CC)c1ccccc1,False
NC1CN2CSc2c4nsnc453C1,False
CCCCCCSc1c[NHupid]nc(Br)cn1,False
Cc1csc(CCc2cccnc2)n1,True
COccc1ccc(C(O)cots1,False
NCCC(F)c1nc2c(sc12)CC#C,False
OC(O)c1c(F)sc(P(F)C(F)(F)F)c1I,True
NCC(CO)COC(=O)c1ccco1,True
CCNCc1c(F)csc(Cl)c1Cl,False
CC(CS)c1ccccc1,True
Fc1ccccc1Cc1ccccn1,True
CN(N)c1nsnc1S(=O)(=O)Br,True
COc1nc(O)c(Br)c(=O)c1Cl,False
CCCCCCCCCC(=O)Cl,True
O=Cc1cc(-c2ccccn2)no1,True
CCCCCOc1ccc(C(=O)NO)cc1,True
CCC#CC[SH]=C(C#N)C(S)=NO,True
CC(C)CCC(N)(CCC(C)C)C(O)ON=CN,True
O=C(c1cc[nH]cn1)N1CC2CCC(c31cm1)C2,False
c1cncc(OC2CCOC(CO)C21)c1,False
Cc1cccc(C=CN)c1Cl,True
CN1CCNCC1c1ccccc1Cl,True
CCOc1ccc(CCl)cc1,True
O=C(Cl)c1ccccc1Cl,True
CNC(C)CF,True
c1ccc2[nH]nccc2c1,False
CN1CC2(c1=N)OC(=O)C(F)(FL2)C,False
O=C(Cl)CBr,True
NNc1ccc(=O)n(-c2cccs2)c1,True
Fc1nsnc1=NCC(=CCL)O,False
CC1C(O)CC(=F)C(C)CO1,False
CCCCCCOC(=O)c1ccccc1=C(S)N(C)C,False
CCC(CC(N)=O)N1CCC(=O)N(C)CC1,True
N#CCCC#C(O)=S,False
CCOC(=O)c1ccsc1,True
CC(N)C(O)CNC(=S)CCCCCl,True
CON(O)CCCSCC(=O)V,False
O=CN=C(N)c1ccc2c(c1)o -c1c[nH]ccc12,False
CC#NNC1(S)CC(Cl)(Cl)CC1=C[S](N)(CN)N,False
CCONc1ncncc1-c1cccc(=O)cc1I,True
Nc1cn[NH2]cn1,False
CCCOC1=CC=NC(CN(C)C)=NO1,True
CNCC1OC(=S)N=CS1,True
CCCCCCCCCC(=O)OCCC,True
NCc1cc(I)ccc1O,True
O=C(NO)c1csc(Nn2cccc2)n1,True
CCCOC(=O)C(Cl)(Cl)CCCC(=O)OC,True
NCCCCNC(S)=NCO,True
OC(O)c1cc(Cl)cc1S(),False
C=CCCC=C(C)CCC=CC=S,True
N#CCCC(N)(CP(=O)(O)O)C(=O)O,True
CCN1CN(C(=O)O)nnc1C,False
CCCCN1C=CN(c2cccnn2C1)C(Cl)(Cl)Cl,False
CCOC(=O)c1nsnc1OCC(=O)c1cnsn1,True
CC(=O)Oc1ccc(Cl)nc1,True
CN1N=CN(C2CCCS2)C(=O)N1,True
CN(C)c1cccc(C#N2=NCCO2)c1,False
CNCc1ccc(F)c(F)c1,True
Cc1c(F)c(SCCN)cc2c(Br)c1-Israel,False
Fc1ccc(-c2cnc=N2)c1,False
Cc1cc(C)c(OCCn2cnc3ccccc32)c(C)c1,True
N=C(O)n1ccnc1,True
Cn1[nH]nnc1Cc1cccc(Br)n1,False
COc1ccc(OC)s1,True
CO[SH]1(CO[SH](C)(=O)OC(C)SC)C[SH](CC(=O)C(C)O)C1(C)C(O)CF,True
CC(=Cc1cnn2ccncnc21C)O,False
O=NC1COc2ccccc21,True
N#CCCCN1CCCC(C(N)=O)C1,True
C1CCS(=O)(=O)CCn2cccn12,False
COCC(O)C(OC(N)C(=O)O)C(F)(Br)Br,True
Cc1ccccc1CNSC1=NCCO1,True
Fc1cccc(C(F)c2c[nH]nn2)c1,True
CON=C(C)#Cc1noc(=O)c2cncccc21,False
O=c1[nH]cnc2ccccc12,True
O=c1[nH]c2cnhc2c([nH]1)CCC#CI,False
CC(=NNc1nc2ccccc2nc1Cl)C(=O)O,True
Oc1nc(S)nc(NCCN)1,False
CCc1cccc2nc3cnccc3c12,False
CCN1CCC(N(CCCCC(=No)c2ccccc2)d)CC1,False
CON(C)CCCCCP(=O)(O)O,True
CCC(CC)CCCC(N)C(=O)O,True
CCCCN1C=NCCC[N+]1([O-])O,True
NC(CCNC(C)=O)C=CC#NCl,False
CSc1cn(-c2cccc(C)o2)n(C)n1,False
CC(=O)OCN1CCCCCC1=O,True
NCC1C3CCCC3CN,False
CCS(=O)(=O)NCc1cccs1,True
NC(=O)NCC1=CC(Br)=CC=CS1,True
CCC1(C(C)(C)CCC(C)CCA)CN1,False
CCC(N)C(C)=O,True
NCCn1cc(Br)c(Br)c1,True
Cc1n[sH]c(F)co1,False
CCC(=CC1c2nccn2CCCC1)=NNC(N}=O,False
CC[PH](C)CC(CC)s,False
CCCCNC(=O)c1ccncc1,True
O=C(O)C(O)Cn1cnnn1,True
Cc1n[nH]c(CCS)&c1=O,False
C1=NCn2ccnc21,True
Fc1cn(-c2cccc(Br)c2)c1C1=NCCC1,False
CSc1nnnn1C(=O)C=Nc1ccccc1,True
c1nsc2nc3nccn-3n32,False
O=[SH](=O)Cc1ccncc1O,True
CCC(=O)N(O)CCCC#CO,True
NC(CCCOS(=O)(=O)CC(=O)O)C(=O)OCC(S)Rl,False
O=C(CP(=O)(O)O)NCCCCc1ccccn1,True
COP(OC)=NC(=CF=c1[cHQ]cc(=CD)[nH]c1)[nH]O,False
C=CCCOC(C)[nH]c1ccc(S(N)(=O)=O)cc1,False
NC1=COC(=O)c2cnnn206c2NONC1=O,False
CC(C)(CN(N)C(=O)CON=Nc1ccccs1)N=C(S)NO,False
CCCn1pc(CC(N)=O)nc1O,True
COC(C)(CO)c1ccccc1,True
c1ccc(SCc2nccs2)cc1,True
NC(=NO)NCCCCP(=O)(O)O,True
OCC(O)CNCc1ccc(CI)cc1,True
NCCCCCC(=O)OCCCCN,True
CC(C)=CCOCNCCCCCCS,True
OC1CCc2cc(OC)cm2CC1=O,False
OC(O)y1[nH]nc2nc3ccc(cc32)o1,False
C=CCS=C1c2ccc(H)c(O)2SC1,False
C=C(Br)C1CCC(n2cccnc2)V1,False
CC(C)nrtcn(=O)n=C1ccccnc1,False
O=c1oc(-c2cccnn2Cl)ns1,False
C#CC(C)(C=C)C(N)C(F)C(C)(C)C=C(C)C.C=C,True
CC(C(=O)Nc1nn[nH]n1)=C(F)C(=O)O,True
CN(=S)N(CC)CC(=O)NCCC,False
N=C1NCCCCCNNC(c2cccnc2)=NC=C1O,True
Cc1ccc(Sc2nn[nH]n2)cc1,True
CSc1ccc(NC2=NCCN2)V1,False
CN1CCCN(CCOS(R)=(O)))NC1,False
Cc1ncccc1-c1cccs1,True
CC1NC(=O)CCCC1C=O,True
CCCOCc1ccccc1C(Cl)Cl,True
c1[nH]cct2nncn(C)c12,False
NC1CCCCCC1O,True
NNC(=O)c1cn2ccc(Br)ccc2c1,False
CN(C)CCc1c[nH]c2cc(Cl)cccc12,False
CCCCCCCC1CC(C)(F)CC(C(=O)O)=NO1,True
Cc1ccsc1OC1CNC2(C=NO)CCC1C2,True
c1ccc(CCn2cccnc2)cc1,False
CCn1cc(Br)nc(=N=Nc1=ccc(Cl)cl)V,False
CC=C(CCC=CCCC)[SH]1CCCC1C=S,True
CC(C)=NOCC(Cl)Sch1cc(Br)c(Br)c1,False
"NC=CSC=NN1CCNCC1<|end_header_id|>userassistant<|end_header_id|>

CCCCNC((=O)O)som1y(-nccn1)C1CCCC1",False
CCCC[PH](CC)(CC)CC,True
CCC=NNCCCC(S)=NN=C(N)N,True
Brc1cccc(Br-n2cccc2)c1,False
CSSCOC(=O)c1ccccc1C,True
Ncc1nc(C(=O)O)f(=O)n(C)CC1=O,False
OC1=NOC(c2cc(Cl)ccc2Cl)=CS1,True
OC1=NN(c2ccco2)CCN1,True
Cc1nc4c(N(=O)x2CCCc2=n3ccnc32)sc4n1,False
NC(CC=CCO)=NO,True
NC(=NHNC(=N)N)CO,False
O=C1Cc2c(F)cccc2C1=O,True
CCc1c(Cl)c(Cl)jsc1O,False
CN(CC1NCN(C(=O)P(=O)(O)O)C1)=N(N)C(=O)O,False
Cc1sc2c(c1C)CN1CC(=O)NC(=NO)N1=N,False
Cc1ncc2c(NN)cihn2c1=O,False
CC1=NS=1(c2ccncc2)NC,False
CN(=S)S-c1cns(Br)c1C(N)=S,False
C1CCCCNCCOC(=O)c2[nH]c1CCCC2,False
Cc1onc(O)snc1N(C)=S,False
NCCCO,True
c1ccc(NC(=O)c2cccn2)s1,False
COCCCCCC(=O)C1=CC=C2C=CNC2C1,True
CCSc1nc2ccccc2nc1Cl,True
Cc1cccc(Cl)c1CC(=O)O,True
C(=CCNC(=CN)VV)c1sccn1,False
CN=C(CCn1cccn1)c1ccccc1,True
CCCCCON=C(N)NO,True
CCCCCC(O)CC(N)CC,True
NCCS(=O)(=O)Nc1cc(=O)[nH]c(=O)[nH]1,True
COc1ccc(N2CCCCC2)cc1,True
CC(=N)NC(C(=O)O)c1ccccc1,True
CNC(=NO)c1cccc(O)c1,True
NOCN1N=C(CNO)C1=S,True
CONCCOSn1ccnc1N=Cc1ccccc1,True
C(=NNc1ccccc1)c1cccs1,True
Fc1ccc(-c2cncnc2Cl)cc1,True
NC1=NC(S)C(CO)S1,True
c1cc(-c2cc(C)ncnc2)[nH]1,False
COc1c(O)cc(=O)n(CCc2c[nH]nc2N)c1=O,False
COCON=CCOC(O)CC(O)CO,True
Cn1cc(Cc2ccco2)cn1,True
Cc1onc(=O)c(=Ccc2ccccc2Cl)[nH]1,False
COCc1noc2cccc(Cl)c12,True
"O=C(Cl)c1cc2sc2cc1C<|end_header_id|>user<|end_header_id|>

COSSCl",False
CCCCc1noc(C2CCOC2)c1Cl,True
O=c1[nH][nH]c(=O[nH][nH]c1O)s,False
OCc1c(N)cc(Br)c1Br,False
Fc1nc(C2CCSN2)c(F)c1,False
Ic1ccc(Cn2ccnc2)cc1,True
CC(Br)Cc1ccccc1,True
CC1=C(Cc2c[nH]cn2)N(O)OC(Br)=C1,True
OC1C2CC1c2cc(Cl)ccc1Cl,False
NC(c1cc(=O)[nH]c(CC[NH2]Cc1=brag) = O)=O,False
CCS(=O)(=O)OCCS(N)(=O=O)(=O=O)O,False
COC12C3CCC2c1nccrc1C3,False
S[C@@H](OC(C)(C)C)=NNC(Cl)=C(Cl)Cl,False
S=C(S)N1CCCSC(CCl)C1,True
O=C(NO)NOCCc1ccccc1,True
Cc1cccc(C2CCC2C)c1C,True
COCC(N)c1ccc(O)c(O)c1,True
O=C1c2n3c(sc3=nc2-O)CCCCC1=O,False
CCCC(CC(N)CC(=O)O)C(=O)O,True
FC(F)c1cnc(Cl)o1,True
Cc1cc(CN)c(O)c(CSc2ccccc2)c1,True
COC=C(CCCO)NCl,True
Fc1cccc(NN2CCCO2=c1CCC)N1,False
O=c1c(I)c(OCCo5cmh)[nH]c(CS)s1,False
CCNC(=O)NCCCOS(N)(=O)=O,True
c1cn2cc(O)c(Cl)ccc2c(=O)?[nH]1,False
FC1=NC2=CC(c3conn3)=NS2=N1,True
COCOCC(c1c[nH]c(=O)c([nH]c1=O)L)Cl,False
COC(=O)CN1CCCC(C)=NO1,True
CNC(CC(N)c1cc[nH]1)o,False
Clc1nsc(NCc2ccuf2)n1,False
Cn1nc(CCc2cccnc2)[nH]1,True
CN=C(C(N)=O)c1ccccc1Br,True
NNC1OCC(O)C(O)C(O)C1O,True
CCC#CCCNC(=N)N,True
C1=NCC=NN1c1ccccn1,True
Cc1cc(NCCc2cnnt-2)nn1,False
CCOC(=O)C=Nc1cc(N)ccc1N,True
Cc1n[C@@H](c2nsnth2)cc1C,False
CC=NN(CC(N)=O)OCCC(CC)CC,True
CN=C(NO)COc1ccc2cccnn2c1,False
C=C(N=CNNC(=N)N)C(F)(F)F,True
SCCl=CCC(NC(C)=O)c(C)(C)C,False
Cc1nnnn1Cc1cncnc1I,True
NCc1ccc2ccccc2c1N(O)C(=O)O,True
CC1CCc2ccc(N)cc2OC1=O,True
CN(CC(Br)CC(Br)=CC=O)=C(=O)O,False
O=CCc1c(F)cccc1Cl,True
COCCC(CCCCO)C(O)=CC(=O)Cl,True
Cc1c(O)c(SCC(S)N(C)[PH])cc1C,False
OC1COc2ccc(F)cc21,True
Cl[Sn-2]12SN3(CC4CCCN4C3)C2(S)C=C1,False
CC1N=C(C#N)Nc2ccsc21,True
CSc1nc(Oc2cccnc2)n(NO)n1,True
CCCCOC1CCCN(C#N)N1,True
NC(=Nc1cccnc1)NO,True
ClCBr,True
ClC=C(Cl)Cl,True
COCCCOS(O)WBr,False
N#Cc1ccc(Cl)cc1Cc1nccc1O,False
CCCCCCN1CCSC1=O,True
Cn1noc2c1ccccc2=CFFFF,False
CN(C)Cc1ccc(O)c(O)c1Br,True
NCC#CC(Cl)(Cl)Cl,True
OCc1cncc(CC(O)CO)c1I,True
CCC(CN)NCCS1=NSN=C1C,True
NC1CS(C(=O)N(c2ccccc2)V)=CNCC1=V,False
CC1=NCc2c(V=NPc1 McCart)cn2,False
CCCCSCSSCCCCCNOc1ccccc1,True
CN(CCCL)C(=O)c1ccc(S)cc1,False
O=C(c1ccc2c1CCC2=C(C)F)NO,False
CN(C)c1cc(Cl)cc(Cl)c1S(N)(=O)=O,True
C=CC(S)=CNc1ccc(CC(C)Br)cc1,True
Cc1ccc(SN(C)C)nc1,True
NCCCOc1cc(Br)c(Br)c1Br,False
CCCOCSCC(=S)n1cccc(=O)n1,False
COCONNc1cccn1,False
C=C(C=CC(=OCBr)O)CN,False
S=C(S)SCCNc1nnn[nH]1,True
CC(NCc1cccc(N)n1)C(Cl)Cl,True
COS(=O)(=O)OCCC=CCCCCO,True
N#CN1Cc2ccccc2C(O)CNC1=O,True
CO[SH](O)CCO,True
Cn1sc(-c2ccccc2)o1,False
O=NC(C1CNCN1)C1CC1F,True
NCCc1cc(Br)c(Cl)c(Br)c1Cl,True
CC(N)Cc1ccc(OCCCN)nc1,True
CC(=CCSC(=N)N)c1cccn1,False
CCCCC(CCCCC(=O)o2c(Br)ccc2O)Te,False
CN=c1c(Cl)ccc2ccccnoc12,False
Cc1cc(Cn2cccc2)no1,True
OCc1cc(-c2nrc(=S)n(C)c2)o)sn1,False
c1nc2[nH]c(SCCo3)NC=Nc3c2o1,False
C1NC(=O)C2OC3C=CCNCY3C1C2,False
N=C(N)Nc1cc(N)ncn1,True
N=C(N)NC(N)=N1CCCCCC1,False
Oc1ccc(C=CCS)cc1,True
O=S=OCCSP(=O)(O)OP((=O)(O)O)(=O)O,False
CNCCSC(=S)NN1CCCC1CN,True
O=CNCc1nc2ccccc2n1,False
CCCCC(=O)OCc1ccccc1O,True
NCOc1nn(Cc2ccccc2Cl)cc1Cl,True
COc1cc(N)nc(CC(=O)O)n1,True
NN=C(C#Cc1ccccn)N(O)CC(=O)O,False
FN=C1CC(=C(F)I)CCC1CC1CC1,True
O=CNC=Cc1ccccn1,True
NCC(O)Cn1cc(=O)[nH]c2ccccc21,False
O=P1.ON=C(O)CN1C(N)=NP(=N)(O)n1cc[C@@H]1N2CCCC1C2=N,False
CC(CS)CN(C)C,True
O=c1[nH][nH]c2c(nco3)[nH]c1c21-F-F,False
CC1(O)c2c(c1)CCNCC2,False
OCC(O)Cc1ccc(O)nc1,True
CCCO,True
Cc1ccc(C)c(C)n1,True
CCCCc1nc2c(c1O)COCN2,False
Cc1c(=O)cclccc1C(N)=O,False
c1ccc(CC(O)c(O)[nH][nH]2CO2)cc1,False
CC(N)P(=O)(O)CO,True
Cc1cnc2sc(sc2c1Cl)C#N,False
NC(N)(Cl)CCl,True
Oc1nc2sccc2c1CCN,False
NCCC1CCCc2ccione1,False
CCOCC(O)c1cn(Cl)ccc1C,False
CNCC(O)c1sccc1O,True
N#CC1CCC1CN,True
CNC(=S)N=NH-C(C)(C)C,False
Brc1cc(Cl4n1CCN)c1ccc(O)cc1,False
NC(CS)CCCCCCN(C)=S,False
Cc1nc(O)nc(NCCO)n1CI,False
CCC(O)c1bc(CO)c(O)c(OC)c1,True
CC(=O)NC1CSC(c2cccc(Br)c2O)C(=O)m1,False
CCC(=O)CCSP(=O)(O)O,True
CSc1onc(S)s-n1C=CG(C)(C)C,False
COc1cccc(CCC(=O)CO)c1,True
CCC1=C(C)Nc2ccccc2N1,True
NOCc1cccc(Cl)c1,True
Fc1c(O)c(c(P(=O)(O)(O)o1)c(Br)cc1c(F)c(F)c1Cl)F,False
CCSc1cc(O)cc(Cl)c1S,True
NCOc1ccc(O)cc1,True
Cc1ccc2[nH]c(Cl)c(Cl)c2c1C=O,True
N#Cc1c(F)ccc(Cl)c1Cl,True
CC1=CC(O)c2cc(F)ccc2n1,False
C1CCN(OCCCC2NCCCC22)C1,False
COP[OH2](O)c1ccc(CS)cc1O,False
OCc1cnnc2nc(N)-n=C12,False
CC(N)c1cncc(NCN)c1,True
S=c1cc1C1C=CCCC1,True
CCOP(=O)(NC1CCCNC1)OC(C)C,True
OCC1COCC(C(C())CCCC)O1,False
CCOc1nc2c(S)cc(Br)c2nc1O,False
CCC(O)C(CO)CC#N,True
CC(CCn1ccncc1)s1cnccc1,False
N#CCCl,True
Nc1ncccc1CC1CC=CCO1,True
COC(N)=NOCN,True
Sc1ccc2c(c1)Nc1cnccc1O2,True
Oc1ccc(CNC2CCCCC2)nc1O,True
CN(CC1CCSCC1)V1CCCCC1,False
Brc1cccc2brc3cccc12c3,False
O=C(NNC(=N)N)snc1ccc(S)cc1,False
O=C(NO)c1cccc(C#Nc1)n1ncnc1,False
CN(N)c1cc(Cl)c2c(c1)C=N2,True
CNCc1ccc2cc(NC)nc(NS(=O)(=O)sulfonamide)o2c1,False
N=C(CCS)NOCC#CI,True
CCN1c2nc(N=C(N)N)nc(O)nc2N1,False
O=C(NO)c1ccncc1S,True
COOP(=O)(OO)OCCC1Cc2cc(F)ccn2C1,False
CCOCC(C)OC(C)(C)Cl,True
COC(=O)CCCc1n[nH]c([nH]c1=O)C,False
Cc1cc2sc(O)[nH]c2ccccc1I,False
C1=C(c2cnccs2)N2CC3C=CCCC3C2,False
CC(N)(CCCCN)C(=O)Cl,True
COCc1cccc(CC(N)=O)c1,True
NC(Cn1nnn1CC1CC1)n1ccnc1=S,False
CCCCSCCc1csnc1O,True
Cc1cnccc1-c1nnc(N[NPa]\amaonn)n1,False
CCCC(=O)C1=CN=CC1=O,True
NC1=NCC(O)c2cc(O)[nH]c(=O)c2C1,True
Oc1noc(Cl)cc1C(F)(F)F,False
CONCc1cnc(CC(N)CC=C)sc1N,False
CC=CC1C2Cc3cccnces12,False
NC(O)(CC(C)(C)C)=O,False
CCC(CO)OCC1CCCC1O,True
C=C1NCCOc2ccccc21,True
COCC(CC(N)CCCl)N(Cc1ccccn1)C(Cl)(Cl)Cl,True
CN(C)c1cc2c(o1)c1NC(N)=N2,False
OCOCNCc1c[nH]cn1,True
CNCCCN1CC(O)C(CC(=O)O)C1,True
Cc1[nH]c(CC1)c1ccc(F)cc1,False
CCn1sc2cc(O)[nH]c(O)cz812777C(P(O)(O)O=P2)(CS)71,False
C=CCCCCCCCCC(C=O)CC,True
CSc1cc(C=Cc2nn[nH]n2)no1,True
NCCSCCc1cccc(NO)c1F,True
Cc1nnn(C2CCN=C3NCC=N3C2)C1,False
CC=C(C)CCCO,True
N=C(C#N)NN=NS(=)N1CCCCC1=O,False
NC(CC(CCP(=O)(O)O)=No)n1c CONC1=NO,False
Fc1ccc(N2N3CCC2c1cc3)CC3,False
CCC(O)c(NP(=O)(O)O)c(O)c(C)CWOS(=O)(=O)O,False
CCSCC(=O)NC1=CCNCC1,True
CC(O)Cc1cc(Br)cc(CCI)c1,True
CCCCCCOC(=O)C(F)(F)F,True
NC1CN(Cc2c[nH]cn2)C=C(Br)S1,True
NS(O)[SD](CC=Cc1ccco1)OOCCC#CO,False
N=c1scnc2cnccc12,True
ClCC(C#NN)CCCCl,False
O=S(Oc1cc[nH]1)s(=O)(O)Cl,False
CCOCCOCC,True
Nc1cc(CSc2nncs2)no1,True
CCCCCC(CN)=NO,True
O=C1CCC1=Nc1cccc(Cl)c1,True
C[SH](C)Cc1ccc2c(c1)N=CN=CC(F)=C2,True
CCCc1c(SC)ncc1SC,False
Nc1ssc(F)c1F,False
NCc1ccc(OCc2cnncn2)s1,True
CC(CN(C)C)NNC(N)=S,True
C1CCC(C2CO2)CC1,True
O=NC(N(=O)P(N)O)(N)NP(=O)(O)O,False
CCN(=S)NCC1OC(COC)(C)CO1,False
CC1=NC=CN(C)C(NC(C)C(=O)O)=N1,True
CCC(=O)OC1(C(=O)C(O)CO)OCC12C2CC(=O)O1,False
CCCCc1cc(Cl)c[SH]n1,False
C=C=C(C=C(C)C(C)C)CC(C)C,True
CC12CCC(C1)C(C)(C)C2O,True
CCCC(N)CCCC(=O)NO,True
CC1CN(c2ccccc2C=N)c2ccccc21,True
Cc1ccc(O)c2cccc(O)c12,True
CON=CC(C(=O)F)=C(C#N)Nc1nccs1,True
N#CC(F)C(=O)O,True
O=NN(N)(N)CCCCNCc1c[nH]nn1,False
SC=NS(=O)(CC(=O)O)ClCCCCl,False
ON=CC(OS(=O)(=O)=O)CN,False
CONC1=CN(C)C=CN1C,True
O=C1Nc2ccccc2N(O)C(=N(O)O)C1=O,False
Cc1cc(O)nc(-c2cconc2C)c1C,False
Cc1noc(O)c(CN2CCOC2)=1,False
NC(CNC(=O)c1cccs1)C(=S)Cl,True
C=CCNCc1ccc(O)c(O)c1,True
O=c1[nH]c23cnc[nH-)c2cc1C C1C=CBC1 C=CCCCC,False
S=c1cnc(NCc2cccc(O)c2I)[nH]1,False
Cc1cccc(OCCO2%C5CCC(C(=O)%c21)n2)n1,False
CCCCCc1cnnt1,False
CCCC(CC#N)(CCC)CCC,True
CCN(CC=c1nsnc1N)N=O,False
CCC(N=C1CCCCC1)c1ccccc1O,True
FC1(CC(=NCCO)synthetically purchased purchasable purchasable purchasable purchasable purchable)N=c2ssn1CCS2,False
CC(=O)C(C)(N)COP(=O)(O)OCB1CCCC(Br)C1,True
Nc1ssc(F)c1=O,False
Cn1cc(-c2cc（c(=O)[nH]N)c（C)n2)cn1,False
CSC=C1(CO)C(=NO)C(=O)N1C=O,False
NCCCN1C=CN(O)CN=1Cs,False
CN(C)CC(O)c1cc(-c2cccc(O)c2)[nH]c1=O,False
N#CCCN=N[S@@N](CC(=O)NC)N1CCCC1,False
CC1=C2OCC(C2)c2ssc3ccc(OC1)cc32,False
SCCN1CC=CCC1,True
CCOCOCOA=0,False
NS(=O)(=O)c1ccc(N(CCN)[nHol])cc1,False
NC(=NC=NCc1nnc(Cl[nH]1)n1ccn1CCCn1)d1cccc1,False
CCC(N)C(=N)CCc1csc(=O)o1,True
COC(c1cnc(Br)o1)C1CNN1,True
Cc1ccnc2ccccc2c1Cl,False
CNc1cc(CN2C[CHT(C#Ci01)m1]2)o,False
O=C1COC(N2C(=O)C(=O)SC2=NO)C1,True
CC(C)CN1CCC(c2ccccc2)N1,True
CCC(C)(O)c1ccc(Br)c(Cl)c1,True
CCc1c(F)cnc2c(F)nc(=O)o1h3cccnc32,False
N#CSc1ccc(Cl)cc1Cl,True
OCC1(O)NCC(Cl)C(Br)C1Br,True
N#Cc1cc2cn(C(F)(=O)=O)cc2c1C,False
NCCCc1noc(CN2CCCC2)n1,True
CN(C)c1cc(=O)ccc1-c1ccc(Cl)cc1,False
CCOC(=O)c1cc2ccc(I)nc2[nH2]1,False
Cc1nc4[nH]c(NCCCO)nc-2[SystemAsBr]53CCC5-N(OO)O(O2)C34C12CS,False
COn1cc(CCBr)cn1Cs,False
NNC1=c2ccccc2N2CCO3CCCC12O3,False
N#CC(CCN)c1cccc(F)c1,True
CNC(SSHhCCCl)NC,False
CON=CC(CN)CO,True
CCCCCC(O)c1ccnc(OC(C)CCC)=1,False
S=c1ssc(n2ccnc2[nH]1)O,False
"Clccc1noc(=O)c1s<|start_header_id|>userassistant<|end_header_id|>

ClCCC(Cl)=C(Cl)Cl",False
C(CCCP(O)(CCCCCCC)CCC)c1ssc(Cl)c1F,False
Cc1ccc(C=NN(C)C)cc1,True
CCc1nc(C#N)cccn1-ccccc-NNCCC=NO,False
Cc1cc(OC(=O)Nc2nn[nH]n2)on1,True
O=C(NC=CN=Nc1ccc(C(N)=O)c(CT)=1)o)Nc1ccc(Cl)cc1,False
N=C(O)c1sc(F)c(CN)c1F,True
CCCCCCSC(=O)c1ccc(Cl)nc1,True
FC(F)(F)c1nc2ncccc2c1N1NCCO1,False
O=C(CCl)c1cnccn1,True
COc1cc(-c2cc(N)no2)c(O)c1,False
O=P(O)(CCBr)CCBr,True
SCCN=CCSc1nsccn1,False
CCCC(=O)c1cccc(O)c1OC,True
CSc1nc(Cl)c(S)c(Cl)c1CN,True
Clc1nn2cc(N(C)C(=O)C3NC3)cc2n1,False
Cc1[nH]ncc(-c2cc(C(=O)O)ccc2Cl)n1,False
CCC(CC)c1cc(C)ncc1NC,True
Oc1nc(Cl)nc(N2CC(N)P(CCC2)o)cn1,False
CCN(n1ccnc1)n1c(C)csc1=S,True
C(=CCc1cccc(Cl)c1)c1nc[-aat]c(NS(=*=O)c1)p1,False
CSCCCCN,True
Cc1cnccc1CNCCCOC(=S)S,True
Cc1ccc(Cl)c(C(=O)O)c1Cl,True
C(=Nc1cccnc1)Oc1ccccc1,True
CCCCCc1cc(N)c2c(cf1)C=CÇ2,False
ClCC1NC1=Nc1ccc[nH]1,True
CC1=CC(=N)NN(C(CS)=NC(C)C)C1,True
N#CCCl(=O)Oc1cn2cncc(C)c2s1,False
O=Cc1c(F)cccc1NC=NO,True
CC=CCC1C=NN=NCc2cccc(Br)c21,True
OC(C1CCC(c2ccc)n2)C(Cl)(Cl)Cl,False
NCCCCC(=O)NC1=NOSC=C1,True
CCCCCC(O)C=NCC#N,True
c1nnsc2cccnc21,False
Oc1c(O)c(O)cnn1-c1cnccn1,False
CN(N=C(c1ccccc1)N=N)CN(C)c1cncc1C,False
CC(=O)NC1(C)c2ccccc2C(CN)C1C#N,True
Cc1cnc2sc(O)snc12,False
CCNC(=O)c1sc(Br)c(CC(C)N)c1Br,True
CCCSCc1nsc(Br)c1Br,True
CCCCC1(O)CCCC(NC(C)=O)C1,True
NC1c2ncccc2CC(O)C1C=O,True
CC12CCCCC1c1ccc(U(=O)O)cc1O,False
CCCn1ncc(C=c2ccccc2)cc1C,False
NC(=O)NNC(=S)S,True
CCC1SCC(N)C(CO)S1,True
CN=CNc1cnn2c1N=Nc2n1,False
CCC(=N)Nc1nnn[nH]1,True
O=NNc1nc[nH]c2ccsc102,False
Cc1cccc2ccccnc1-2,False
O=C(CS)c1c(O)cccc1S,True
CCCCCCOCOCF,True
NCCClCc1cccc(C#N)c1O,False
CN1CCCC(O)C(O)C1=O,True
CNCC(=N]c1ccc(C)[nH1]*)Nc1cccsd1,False
ON2O,False
O[ SH]c1cccc(F)c1,False
Nc1cc(-c2cnco2)no1,True
CSc1ccc(O)c(Cl)c1,True
CC#CC=O,True
NCOc1cc(C(N)C(=O)O)n[nH]1,True
S=[OH+]1(CC(=O)C=C(C)[SH])CC1P(=O)(O)O,False
N#CC(=O)N1CC2CNCC(C2)C1=S,True
NC(N)(Cc1cccs1)C1=S(=O)(=O)CC1,False
CC=Cc1[nH]ncc1CSP(**Br**),False
CON(C)CCCCCc1ccc(oc1)VFF,False
CCCOc1cc(Cl)c2c(n1)SN(N)C(C)=C2,True
Oc1cnnc2c(ccnd2o1)C1CCR1,False
O=c1c(Cl)c(Cl)ccc1-c1ccccc1(Cl),False
NC(=NC(c1cccn1)S)C(=O)O,False
CC1(COC(C)(R)=C(N)=CC(C)=NO)C(O)CN(CC(C#N)=Cc2cncnc2)O)CO1,False
Cn1nnc(-c2cnc[nH]2)n(C)c1=O,False
CCC=OCC(N)(CCCO)CC=O,False
c1ccc(COC2=CSC(CO)N22)cc1,False
NC(CC1CCCCN1)S1=CC=CN=C1,True
Fc1c(c(F)cl1)CC#CI,False
CCCCC(CC)CO,True
N#Cc1ccc2c(ncn2)na1,False
NCC(CCC(=O)OC(=O)O)c1ccccc1,True
N#Cc1c(S)nc2cnco2c1O,False
O=Cc1cccc(Cl)o1,False
CCCCCCNCCN,True
Brc1cn[phimei]?-127-[nc2cnc(C)nc2]-128-c1BBr,False
CC1Cc2ncc3c([nH]c2=O)CCN3C1,False
N=C(NC(=O)CN)c1cccc(F)n1,True
CCSCc1cccc1S(C)C,False
O=OCCOCBr,False
Cc1cc(N]N)c(O)c(Br)c1Cl,False
CCOP(=O)(O)CCSC(=S)n1ccnc1,True
c1nnn(-c2cnnnc2N1)C(=O)O,False
CN=C(NC)C1N=NNC1C,True
CC(Cn1cnc2ncsc21)C(N)=O,True
CC1COCC(C#CN)c12c[nH]cn1C(=O)F2,False
c1ccc(Nc2noc(C(=DF)FCCF)c2)n1,False
COc1ccc(Cl)cc1C(I)C(=O)O,True
CNc1nn(sc1Cl)CCCN,False
Cc1ccc(C)n1CC(N)=NF,True
CCCCCC(=O)S(N)=O,True
CC(Br)CN(c1cncccc1)C(=O)O,False
N#CCCCNOC(=O)c1cccc(Br)c1,True
CC(CN)[SH](CCC#N)Cc1c[nH]cn1,True
CN1cnc2cc(O)c(O)cc2C1c1,False
Brc1c2cc(I)c(O)nc2cc(O)n1c1CCC(n1)c1,False
Fc1ccc(NC2CCCCC2)c(L[nH]h1).nanoI,False
Clc1nsnc(CC#N)c1N=O,False
Cc1cnc2oc(=O)ccc2c1C,True
S=c1cc(NC(=O)CN)cnc1OC,False
NCC(c1c[nH]nnt1)C(N)=O,False
NCC#CC12_RCC4CCC13CC(C)(C)C242CC3CCC5C352C46,False
N#CCSCCc1n[nH]c2cnhhc12,False
CC(=O)C(=Cc1c[nH]cn1)CCCNN,True
CCCCCN1CCCC(=O)N1=O,False
O=C(O)c1ccc(CSc1)NC=N,False
CSc1cccc(N2O3CCC2)c1,False
Fc1cccc(F)c1NCC#CCCCCCCNCCC1,False
C[SH]=CC1Cc2c(Br)cc(Br)c2O1,False
NC(=O)c1cc(F)nc(SC)[nH]1,False
CCCCCC(N)=O,True
c1nsc(CSc2cccc(Cl)c2)y1,False
COCc1nc(N)ccc1C,True
Cc1cc(-c2cc(Cl)no2)on1,True
Cc1cc(-c2nn[nH]n2)on1,True
O=C1OCC1c1c[nH]c2ccccc12,True
CCS(=O)(=O)OCCCSCCOC,True
NCC(O)C12CC1CC=C2O,True
COc1cccc(C2CCNCC2)c1,True
Cc1nc2c3c(cccc3c1C)N2,True
Cc1ccc(-c2nctc(=S)[nH]2)cc1,False
CON=CCCN1C(=O)C(C)(C)C1=O,True
COc1c(Cl)c(OC(O)o2CCCC2)br1,False
ON=CC(O)(Br)CCCBr,True
O=C(NO)Nc1cnn1O,False
NCCCC(N)C(=O)O,True
CN(C)c1cnc(-c2cccs2)ns1,False
Cc1c(F)cccc1C(N)O,True
CCC(C)(CCC(C)(CCCOC(N)(CC)=O)Cc1ccc(Cl)a1)[S@@H]CCCCCBS(H)(C=O)Br,False
NC(CCSCCC(N)d1cccc1)CP(=O)(O)O,False
Nc1nc(cc3c[nH]ct3)n1,False
Oc1cccc(Cn2ccnc2)n1,True
ON(c1ccccc1)c1ccccc1Cl,True
FC1CCC2(CC1Br)c1ccccc12,True
c1[nH]cc2cc3cccc(=NO)c34C5C6CC4C6C5,False
COCCOCc1c(C=CC1=O)CCC(=O)Me,False
CNc1cccc(C(F)(F)F)c1,True
CCCCCCC=C(CCCl)C(N)=S,True
Cc1cccc(N2C=CNC=N2)c1C,True
CC1=NN(s1)C(=O)OCCCNC(=O)C(N)CCC(=O)NCCR=N,False
CCCOCNN=C(CCC)NC(N)=O,True
S=c1sc2ccccc2c1NCCO,False
CCCCCn1[nH]c(=O)ccc1=O,True
NC(=S)Nc1c(Br)ccc2ncccc12,True
C=CC(O)n1c(N)cnc1O,True
CCCNC1Oc1cccc(c1)O,False
CN1CCCC2(c1ccc(Cl)cc1)CC=C2,False
CCC(C)(C)CCCCCN,True
Cc1[nH]ncc1CN,True
COCCCCCCN=C=S,True
CN=C1N=C(N2CCCC2)N=C1NC[SH]C,True
Cc1ccc(NC(=N)NCC(Cl)Cl)c(Cl)c1Cl,True
CCC(C)(CCC(=O)O)NC(=O)c1bc(CC(C)C)ccc1,True
Oc1[nH]c(S)ccc1S,False
CCCCCOCC=O,True
CNc1nc(=O)n(CCc2cccnc2)c1,False
O=CC=CSCC=NCCC=O,True
Nc1ccc2onc(CS(N)(=O)=O)c2c1,True
CON=CC(N)(Cl)Cl,True
Nc1ccc(CCC(O)C2=CCC2)[nH]1,True
CCCCCNCCCBr,True
NNC(=O)c1cnn(Cc1=NC(=N)Cl)C,False
C=C1CN2CCCC1C2,True
NS(=O)(=O)c1ccc(CS)cc1,True
CC(c1ccccc1)c1cccc(N)n1,True
O=c1cccc(Cc2cccnc2)o1,True
C=CCC(S)CC1CCCCCCNC1=O,True
CCOCc1cc(Br)ntnc1,False
CC[PH](O)CCc1cn[nH]1,False
O=c1oc(=S)c(=c2ccncc2)[nH]1,False
Cc1ccc(SCc2ccione2)V1,False
CCCC(=NCc1cccs1)C(=O)OC,True
NC1CCCS1,True
CCCCCC(=O)COS[NH],True
Nc1nnc(O)c2ccccc12,True
OC=COc1ccc2c(c1)SN=NN2,True
CCCC1(CC)C(=O)c2ccccn1,False
CC1(O)CNC2=C(CSCC2)C1=O,True
OCCCCn1ncnn1,True
CN1CCCC(C=C2NCCN2)C1,True
CCCCOC(=O)c1ccc[SH]c1Cl,False
COc1cccc(C)c1,True
CCN(CCO)c1cc(F)c(Br)c(Br)c1Br,True
OCCCCCON=C1CN=CN1,True
CCCCCC(=NO)OCCC,True
CCS=C1=NCCC1c1ccncc1,False
Cc1ccc(NC(=N)NCCSC)n1,False
OClCCNCc1nc[nH]c2CCC1C2,False
CCCCCCCCNCCO,True
Cc1ccc2ccc3cnccc3c2c1S,True
O=C(O)CCCCCNCC(O)CO,True
CC(=O)CCCC=CC#CC(C)(C)CCC(Cl)Cl,True
CCCCCC(O)c1ccc(O)c1Br,False
