,Unnamed: 0,smiles
0,0,CC(=N)O
1,1,CCN=C(C)O
2,2,CCC(=O)NC(F)CC
3,3,COC(C)=NC(C)CNCCC=O
4,4,COC(C)=NC1CNC(CC=O)C1
5,5,COC(C)=NCCNC(C)CC=O
6,6,CC(O)=NC(C)CNCCC=O
7,7,COC(C)=NCCNCCC=O
8,8,CCN=C(C)OC
9,9,CCC(=O)N(CC(=N)O)C(F)CC
10,10,COC(C)=NCCNC(C)C(C)C=O
11,11,CCC(F)NCC(=N)O
12,12,CC(C)=N
13,13,COC(C)=CCCNC(C)C(C)C=O
14,14,COC(C)=NC1CNC(C(C)C=O)C1
15,15,CC(O)=NC1CNC(CC=O)C1
16,16,CNC(CC=O)CCN=C(C)OC
17,17,CC1=NCCNC(C)(C(C)C=O)CO1
18,18,CC1=NC2CNC(C(C)C=O)(CO1)C2
19,19,COC(C)=CC1CNC(CC=O)C1
20,20,CCC(F)NCC(C)=N
21,21,CC1=NCCNC(C)(CC=O)CO1
22,22,CCC(=O)N(CC(C)=N)C(F)CC
23,23,CNC(CC=O)CCN=C(C)O
24,24,COC(C)=NCCNC(C)CP=O
25,25,CC1=NC2CNC(CC=O)(CO1)C2
26,26,CC(O)=NCCNCCC=O
27,27,CC1=CCCNC(C)(CC=O)CO1
28,28,COC(C)=CCCNC(C)CC=O
29,29,CCCNCCC=O
30,30,COC(C)=NC(C)CNCC(C)C=O
31,31,COC(C)=N
32,50,CC1=NCCNC(CC=O)CO1
33,54,CCN=C(O)C=CNCCC=O
34,59,CN=C(C)O
35,79,CC(O)=NC(C)C
36,86,CC1=CCCNC(C)(C(C)C=O)CO1
37,106,COC(C)=NCCNCC(C)C=O
38,140,CC1=NC(C)CNC(CC=O)CO1
39,143,CCC(=O)N(C(F)CC)C1N=C1O
40,144,CCC(N)F
