,Unnamed: 0,Smiles
0,0,CCCCC(CC)NOCC(C)CN
1,1,CCC1CCCCC(CCCC2CCC2C)N1
2,2,OCCC(O)C(CCNCCNCCC)CCC
3,3,C=C(C)NCCCCCC(C)(C)O
4,4,CCCCCCCCN1CCCC(C)C1
5,5,CCCCNCCCNCCCCC#N
6,6,CC1CCCC(C1)C1CC(C)CCC1
7,7,CNC(C)CCCCNCCN(C)O
8,8,CC1CCCCC(CCC)C1C(O)O
9,9,CCCCC=CCCC(C)CC
10,10,CC(C1CC1)N(O)C(C)O
11,11,OCCC(COC)C(O)CCCCC(C)(C)C
12,12,CCCCC(CCCC(CC)O)CO
13,13,CCCCCCCCCCCCCCC(CC)O
14,14,CCCCCCC=CC(C1)CC(CC)C1
15,15,CC=C(CCCCCCCC)C=CCCC
16,16,C=CC(O)OCCCNNCCCCC=O
17,17,CCCC(CCCCCCCCCCC)(CO)C
18,18,NC(CCCCCCCCCCCCC)C(C)O
19,19,CCC1CCC2(CCC2)CCCCC1
20,20,CCCCCCCCCC1C(C)S1
21,21,CC1CC2C(O)C(O)C(O)C2C1
22,22,CCCCCCCCCCCC=CC(C)CC=O
23,23,CC1CCCNCCCCCCCCCC1=O
24,24,CCCCCCN(CC(N)CC)CC(C)F
25,25,CC(C)(C)CC
26,26,CCCCCCCCNCNC1CN1CO
27,27,CCCCCCCCCCNCC(O)CC
28,28,C#CC(CC)CCCCCCCCCCC
29,29,CC1CCC(C)CCC11CC1CCCCN
30,30,CCCCCCCCCCCCCC2CCO2
31,31,CCCCCCCCNCCCCN=S
32,32,CC1CC1CC(C)C(C)CC(CC)O
33,33,OCCC(CCC)C(C)C(C)C(C)S
34,34,C=C(CO)CCC=CCCC(C)C
35,35,CCCCC=CC(CCC)CCC
36,36,CCCCC(C)CCCCCCCC(O)C
37,37,N=C1CC(C)C1CCC=CCCOO
38,38,NCC1CC2CCCCCC(C2)C=CCC1O
39,39,CC(CN)CCNCCCCCCC(N)NO
40,40,O=CC(CCCCC(C)C(C))(C)C
41,41,CC(C)CCCCC(C)C=O
42,42,CCC(C)C(C)CCNCC(C)=C
43,43,OCCCCCC(CC=C)CC(CO)C
44,44,CCCCCCC=C(CO)CCC(F)=O
45,45,CCCCCCC(CC(C)C(O)C)C
46,46,CCCCCC(CCC(CC)C)=O
47,47,CCCc1c(CC)ccc11C(C)C1
48,48,OCCCCCCCCC(C)NNC(=O)O
49,49,C=C(C)C1CC(CCCC(C))C1
50,50,CCC1CCCCCCCCCC(O)C1
51,51,CC(CCC(C)CCCC)CCCC
52,52,CC1CCCCC(O)C(O)C(C2)C12
53,53,CCCCCC(C)C(CC(CO)O)C
54,54,CCC1CCCCCC(N)(CO)C1OO
55,55,CCCCCCCC(C1CCCC(O))C1
56,56,CCCCCCNCCC(C(C)CCC)O
57,57,CNC(C)C(C)CC1CCCCCCC=1
58,58,CN(C)C(C)C(O)C(C)C=O
59,59,CC1=CC2CCCC(CCCSCC)C2CCS1
60,60,C#CC(NC(N)=C)=CCCCC(C)=O
61,61,CC1C2CCC2CCCCCCCCCCC1
62,62,CCCCCCCCCCCC(C)COO
63,63,CCC=C=CCCCOCCC=O
64,64,CNCCC1CCNCCC1CC(CO)O
65,65,CNCCC(C)CO
66,66,CCCC(C)CCCCCCCCCCC(C)C
67,67,CCC1CCC(C(C1(C)O)OCC)CO
68,68,SCCCCCCCO
69,69,CCCCCCC1CC(C1CC(C))C
70,70,CCCCCCCCCC(C)C(COO)O
71,71,CC1=CCCNCCCCCC1O
72,72,CCCCCCCCCCC
73,73,CCCCCCCCC=S
74,74,C1CCC(C)CC(C)CC(CC)C1
75,75,CCCCCC(C)C(C)CCC(O)C
76,76,C#CCNCC1NC(C(N)CC)CC1=O
77,77,C#CCCCCC(CCC)C(C)O
78,78,CC=CC=CC2CC2CCCCCCCCC
79,79,CCCCCCCCCC1CCCCC1
80,80,C=C(N)SCC=C(C)C
81,81,N=C(C)C(CCCCC=CC(C)CC)=O
82,82,CCCCC(CO)C1CNCC1CCCC
83,83,C=CCC1CCCCCcCcCCCCC1
84,84,CCCCCC(C)NC(C)C(O)CC
85,85,CCCCCCCCCC(C)C(C)C(O)O
86,86,CC1CCCC(CC(C))C(O)CC1O
87,87,Cc1csc(C2CCCCCC2)c1C
88,88,NC(C)CCCCC(CN)C(=O)O
89,89,CCCCCCCO
90,90,CCCC(N)1CCC(CC(C)C)C1=O
91,91,CCCCCCNCCC(C)C(C)(C)O
92,92,CCCCCCC(C)NCCCNNCCC
93,93,CCCCCCCCO
94,94,CCCCCCCCCNCS(N)(O)OO
95,95,CCC1CCC=CCCCCC1CCCC=O
96,96,CCSC2CC(NN2CCC2)2C(C)CO
97,97,CCCCC=CC(C)C=CC(C)(C)C
98,98,CCCCCCCCCCCO
99,99,CCCCCCCCCCCCCCNCCCCO
100,100,CCCCCCCCCCO
101,101,CCCCN(C)CCCCCCC(C)C
102,102,NCCC1=CC(C)C1O
103,103,CCCC=CCCNCCCNNCNO
104,104,CC(CCCCC)C(O)S
105,105,CNCCCCCCCCCCCCCC(C)O
106,106,CC(CNCCCl)CC1CCCCCC1=O
107,107,CC(C)CCCOCC
108,108,CNCCCNCCCCCCC(C)=N
109,109,CC(C(=C(C)NCNCCCC)C(CC)N)C
110,110,COCCCCCO
111,111,CCC1CCC(C#CC(C))C(C)CC1
112,112,CCCCCCCCNCCCCC#N
113,113,CCCCCOCCCCC
114,114,CCCCCCCCCCCCCC(O)OO
115,115,CC1CSCCC1C(CC)CC(O)O
116,116,CCCCSCC(C)C(C)C(C)CC
117,117,CN(C)CCCNC(C(C)C)C
118,118,CCCCN1CC1CC1CCC2CCCCCC2C1
119,119,CC(CCC1CCCCCC)CC1
120,120,CCCCOCC(C)CO
121,121,CCC1CCC=C(CCCCC)CC1
122,122,CCCCCCC=C=CC1CCC1CC=N
123,123,CC=CC(CCCC(N)CC(O))C
124,124,CCCC1CCC(CCC(C)NC)ON1
125,125,CC1=CC2CCCCCCC2CCCCCCO1
126,126,C=C(O)CC1CCCCC1
127,127,CN(C(C)CCC=CCl)CC
128,128,CN(C)CCCCCC(C)CO
129,129,CCC1CCCCCC(C1CC)COO
130,130,CCCCCCCCCCOCC=O
131,131,CCC(CCCCCCC(C)CC)O
132,132,C=C(N)N(CCCCCCC(C)=N)
133,133,CCCCC1CCNCNCCC12CC2O
134,134,CCCCCCCCCC(C)=CO
135,135,CCCC1CC1ON(O)C(N)=NO
136,136,CN(C)NCSCC#CCC=O
137,137,CCCCCCCCCCCCCNCCCO
138,138,CCCCCC(C)C(CC)CCC(C)C
139,139,CCCCCCC(CCC(C)C(C))O
140,140,CCCCCCCCCCCCC(N)CN
141,141,CCCCCC(C(O)C1CCC)CC1
142,142,CCCC1(CCC)CC1(CC)C(=O)
143,143,C=C1CCCC(CCC2CCCCC2C)N1
144,144,CC(C(C)CCC)C(O)N(C)C(=O)C
145,145,CCCC1C2(COC(CO)C(O)C2O)S1
146,146,CCCCCC1CCC(C1CCC)CC=S
147,147,CCCCCCCCN
148,148,CCCCCCC=CC(CC)C(C)CCCO
149,149,CCC(C)(C#C)N=NC(C)(C#N)CC
150,150,CCC(CNC(N)CCC)C1CCOC1
151,151,NCC(N)CCCCCCCCCCCO
152,152,CCCCCC(C)=O
153,153,OC(CCCCCCCCCC)CCCOCCCO
154,154,CCNCC(C#N)C=CNCCCC1CC1
155,155,CCCCCOCCCCCCCCCC=O
156,156,CCCCCCC=NO
157,157,CCC1CCOCNCCCCC1
158,158,CCC(C(C)1CCCCCCC1)CC
159,159,CCCCCCCCNCCCCC(C)CC
160,160,CCCCC(C)C(C)CC(C)C
161,161,CCCCCCCCCCC(C(C)CCO)CC
162,162,CCC1CCCC2CCCC2COOC1CO
163,164,CCCCN(CC)CCCCCCCCC(C)C
164,165,C#CCCCC=NC(C)CCCCCC=O
165,166,CCC1C(CC2C(C2CCCC))CCC1O
166,167,CCC1CCC2CCNCCCCCC2C1
167,168,CCCC=CC(C)NCCC(CC)CC
168,169,CCC1CCCC(O)C(O)C(CC)C1O
169,170,CCC(C)C(C)(CCC(C)C)C
170,171,CCCCCCCCN=C=S
171,172,C=CCCCCCCCCCCCC(C)COCO
172,173,C#CCCCCCNC(CN)CCCC
173,174,CCCCCCCCCCCC(O)O
174,175,CCCCCCCCCC=C(C)N
175,176,CCCCCCCCCN
176,177,CCCCNC2C(C2C1NC(C)CC)S1
177,178,CCCCCCCC(CO)CC(C)CC
178,179,CCCCC2CCCCCC(CCC)CCC2
179,180,CNCCCCCC(C1CCC)C1C=O
180,181,C=C(CC)CCCC(C)CCC
181,182,CCCCCOCCCCCC1C(N)C1O
182,183,CCCCCCN(CC(O)C(C)C)O
183,184,CCCCC(CCCC(C)CC)CCC
184,185,CN(C)NCCCCSCCC=O
185,186,CCCCC(CC)C(C)C(O)O
186,187,CC1CCC2C(O)C(O)C(CO)N12
187,188,ON(C1CCC11)C1CCCCC(C2)CC2
188,190,CC1CCC2(C(CS)O)C(O)C2C1O
189,191,CCCCCCCCC
190,192,CC1C(CC)CC2CCC2CCCC1
191,193,CCCCCCC=C
192,194,CCCCCCCCCCCCCC(CC)C
193,195,CCCCCC(=O)OO
194,196,C#CCC(CCCCCCC)CCNO
195,197,CCC(C)CCCCNCNCCNCNCO
196,198,CCCC1CCC(CCC1C)C(O)O
197,199,CCCC(CC(N)(N)CCCCCCNCC)C
198,200,C1CC=CC=CCCNN1
199,201,CC1CCC(C)CC(C)CCC1
200,202,CCCCCCCCC1CC1C(C)(O)CC
201,203,CC1C(CCC1C(CCC(C))CC)C
202,204,CC=CC=CCCC(OO)C(O)COCO
203,205,CC1C(CCC)C(C)C(C)C1
204,206,CC(C)CCCNCCC#N
205,207,CCCCCNCC(C1)CCC(CC)CCC1
206,208,CCCCCCC(NCC2CC22)CCC2
207,209,CCCCCCCCCCCCCCC(O)CS
208,210,CNCCC=CCCCC(C)C(O)CC
209,211,CCCC(CC)CCCCCCC(C)=O
210,212,CCCCCNCC1CCCCC=C(C3)CC13
211,213,CC(C)CCCNCCCCC(N)O
212,214,CCC(CN)CCC(C)CCC(=O)O
213,215,CCCCC=CC1CCCCCC(C)CC1C
214,216,CCCCCCC(CCCO)C(C)CCO
215,217,CCCCCCCCCO
216,218,OCC1C=CC(C)NCCCCCCCC1
217,219,CCCCCC(N)S
218,220,CC(C)C(CCC)C(N)=O
219,222,CC1CCCC(C)CCCC1CCCCN
220,223,CC1CNCCCOCC(C)C(OO)C1O
221,224,CCCCCCCCCCCCCCCC
222,225,CCCCC(CCCCNC(C))CC=O
223,226,CCC1CCCCC(CCC(C)CCC)CC1CO
224,227,CCCCCCCC1CNC1CC(CC)
225,228,CC1CCCCCCCCC2CCCCCCCC2O1
226,229,C#CC(CCCN)C(C)CCCCC(C)=O
227,230,CCCCCCCC(CNCCC1C)CCC1
228,231,C=C(C=CCC(C)C)CCCC(C)=N
229,232,CCCCCCC=NC(C2CC2CC)C
230,233,CCCCCC(C)CCCCCC(C)CO
231,234,CC(COCCCCCCCNC(S)C(C)=C)C
232,235,CNC(C)(C)CCCC(C)CC=O
233,236,CCCCCC(C)C(CC)C(CN)C=O
234,237,CCCCCC
235,238,CCC1CCOC(CC)CC(O)C1O
236,239,C#CCC(CC)(CC)C(N)=O
237,240,CCCCCCCC(CCCCC1C(C)C)C1
238,241,CCC(CCC(N)(C)C(C)C)C(C)OCC
239,242,CCCCC=CCCCCNS
240,243,CCC1CCCC2C(C1CCCC2)O
241,244,CC1COCC(O)CCCC1CCCC
242,245,CN1CCC(C2NC(CCC2))C1
243,246,CC(CC=C(N)CC)C(C)C
244,247,CCCC(C)CCCNCCCCC(C)C
245,248,CCCCC=C(CC)C(N)CNO
246,249,CCCC1CCC(C11CC1C(C))
247,250,N=C(C)NCCC2CCC1CCCC21
248,251,CN1CCCC(CCCC(C)(C)O)CC1
249,253,CCCCCCC(N)CC1CCCCCCCCC1
250,254,NN(C)CC(=O)O
251,255,CC(C)CNCCCCC#N
252,256,CCC1CCCC(CCCCCCCC)C1
253,257,CCCCCC1CCC1CC(N)SS
254,258,CCCCCCC1CCC(O)C(=O)O1
255,259,CC(C)CC(NC(CCC)C)C(=O)O
256,260,CCC(CN)CCC=CCC=O
257,261,CCCC1CCCNCCN1C2CCC22CC2
258,262,CCC(C)NCCC(C)CC(=O)C
259,263,CC1CCCC(C(CC(CC)C)C1CC)CO
260,264,CCCCCCCC=O
261,265,CCCC1CC(CC)N(N)C(N)C1=O
262,266,CCCCCCCCCCCCCCCO
263,267,C#CCCCCCCCCC(C)C
264,268,CC#CCOC=CC1CC2CCC1C2
265,269,CCCCCCC=CC(C)CC
266,270,CCC(O)N(CCCCC)CC(C)O
267,271,CC(CN)C(CC(N)C(C)C)C
268,272,CC1CCCCCCCC(O)N1OO
269,273,CC(C1CCCC1)C1C(C)N(C)O1
270,274,CCCCCCCCCC(C)CCC(C)C
271,275,CCC(CCCCCC(CC))C(C)C
272,276,CCC(CC)CCN
273,277,CC1CC2CCNCC2CCCCCCCCC1
274,278,CCC(C)CCCC(C)C1CCCCCCC1
275,279,CCCC=CCCCO
276,280,CCCC(CCC(C(CC))(C))Cl
277,281,CCC1CC(CCC(C)(CC))CCCC1
278,282,NCCCCCCCCCCCC(O)C(O)CO
279,284,ClCCCNCN
280,285,CCCCCCC(C)NO
281,286,CC(C1CCCC1)1CC1C(C)CC
282,287,CCC1(N)CCCCCCC1C
283,288,CC1CC(C)CCCCCCCCCC1O
284,289,CCCCCCCCCCCCCC(O)C
285,290,CC1CCCC(CCCC2CCCCC2)=N1
286,291,CCCCCCCCNCCC1CC(O)CC1
287,292,CC(C)C(C)CCCCC
288,293,CC1CCCCOcCCCCCCCOO1
289,294,CCCCSC(C)C(CO)C(C)CCCC
290,295,CCCC(CC)CCCCCC(C)O
291,296,CCCCCC1CCC=C1CC=NO
292,297,O=C(C)CCCC(N1CC(C))S1
293,298,CC(C)(CC)CNC(O)C(O)CC
294,299,CNCC(CC=CCCC)CCC(F)CC
295,300,O=C1CCCCCCCC(C)C(O)C1=O
296,301,CNC1CC2CC3CC(C2)C1C3O
297,302,CC1CCCC1CCC
298,303,CCCCC(CC)(C(CCC(C))C)C
299,304,CCC1CCC(CC1C1CC1=C)CO
300,305,CNC(C)(C)CCCC(C)(C)O
301,306,CCC1CC2CCCCC1CCCC2
302,307,CCCCCCCCCC(C)C(O)C=O
303,308,CN=C(CC)CCCCCCCCCCCCC
304,309,CNCCC=CC1C=CCC1C(N)C
305,310,NCC12CCCCCCCC1O2
306,311,CNCCC(C=NCNCOC)=CO
307,312,CN1CCCCCC#CC(C)(C)CCCC1
308,313,CCCCCCC=CCNN
309,314,CNCC(C)CCCC=CC1CCCCC1
310,315,C#CC(CCC)(CCC)CCCCN(=O)
311,316,CCCCCC(CCCC)C
312,317,CCCCCCCCCCCCCCCCCCC
313,318,CCCCC1CC1C1CCC1C(C)CCC
314,319,N=C1CCCCNN=C1CO
315,320,CCC(C)CCCC=CCCCC=O
316,321,CCCCCCCC1CC(CC1)C(O)C
317,322,CCC1CCC2CCCNCC2OCCC1
318,323,CC1CCCC(CC1CCCCCCCC)COC
319,324,CC1CCCC(CCC1CCCCN)CCCC
320,325,OCC(N)CCCCCCCCCC
321,326,CC1CCCCCCCNCNCCCCCCCCC1
322,327,CCCCNCOCNC1CCC1
323,328,CC(C1CC1)C(C)C(C)=O
324,329,CC(C)C1(C(C)CC)CCC(O)C1
325,330,CCCCC=CCCC(C)C(O)O
326,331,CC1NCCC=CC(=O)C(C)C(CO)C1
327,332,O=CCC=CC(C(C)CC(C)CC)Cl
328,333,CCC1CCCCCCCC(O)C1
329,334,NC1ccCCCCc1C(C)CCCO
330,335,COC1CCCC4=CCCCCCCC1CCC4O
331,336,CCCCC(CCCCOC(C)CCCC)CC
332,337,CCC1C=C=CC(CCCC(C))O1
333,338,CN(CCN1CCC1C)N=N
334,339,CCCCCCC(C)CCCCNO
335,340,CC1CC=C1CCCCCC(C)CSC(=O)O
336,341,CC(C)CNCCC(O)COC(C)O
337,342,N=C1CCCC2CCC(C(O)C2)1O
338,343,CCCCCCCCCCC(O)=S
339,344,CCCCCC(C)C(Cl)C(O)Cl
340,345,CC(C)C(C)CCO
341,346,CCCOCCOO
342,347,CCC1CCCCC(C(O)C(C)C)CS1
343,348,CCC1CC(C)C(O)C(O)C1O
344,349,CCCCCC(C)CCCCC(C)N=O
345,350,CCC1CCC(CC(C))C(C)=C1
346,351,CCCC1CCCCCCC1CNNCCSO
347,352,CCCCCCCCCCNCCCCCCCCO
348,353,CCCCCCCCCC(C)CC(O)CSCO
349,354,CC1CCC(C)C2CCCCC2C1
350,355,C#CCNCNCCC(C)CCCC(=O)O
351,356,CC=CCCC=NC(CC)CCCCO
352,357,CCCCCCC(CC)NCC(N)NO
353,358,CCCCCCCCCCCCCC#N
354,359,CCCCC(CC)CC(C)(C)C=O
355,360,CCCCC(C)N=O
356,361,CCCCC1CC(C)CCCCC(C)CCC1
357,362,CCCC1C2CC2NC1CCCCOO
358,363,CCCCCNCCNCCCCC#N
359,364,CN(N)CC(O)CNC(C)(C)C
360,365,O=CC(=O)C(C)CC(O)OC
361,366,CC1CCCCCCCCCC=CC1N
362,367,C#CC(C)C(C)(C)CC(C)Cl
363,368,CCCCCCCC1C(C1)CCC(=O)O
364,369,CCCCCCCCCC(C)C
365,370,CCC1CCCC(CCCCCCCC)CC1N
366,371,C=CC(CC(C)CCCC(CC))CCC
367,373,CCC(CCCCCC(C)C)C=O
368,374,CCCCC(CCCCCCCCC)CC(C)=O
369,375,NCCCCCC2CCCC2CCCCO
370,376,CC1CCCC(N(CC)CCC#C)CC1
371,377,CCCN1CNC(C)(CC)C(C)NCS1
372,378,O=C(CO)C(O)C(C)(C)C
373,379,CCCCCCCC1CC1SS
374,380,CC(CCCCC)CCC(C(C)C)C
375,381,CCCCCCCC(C)C(N)O
376,382,CCCCCCCCCC(N)CCC(C)CCCO
377,383,CCC=C=CCCO
378,384,CCCCCCC=CCC(C)C(C)=O
379,385,CC(C)(C(C)CCCCC(C)C)CO
380,386,CCC(C)CCCCNCCCC(C)CC
381,387,CCCCCC(CCCCCCCCCCC)C
382,388,C=C1SC2(CNN(C)CC2)NC1=O
383,389,CCC=CC(CO)C=CC1CCC1O
384,390,CCC1CCC=2C(C2)CC(C)C1C
385,391,CCCC(C)C(C(C)CCN)C
386,392,CN(C)c1CcC(N1CC(O))O
387,393,CCC1CCCCCCCC1CCNCCCO
388,395,CCCCCC(O)C(O)=O
389,396,CNCCCCCCC(CN)CCCOO
390,397,CCCCCNCCCCCCCC=O
391,398,CCCCCCCC(C1CCC)C=C1
392,399,CNCCCCCC1CCC(CC)CC1=O
393,400,CCCCCCNO
394,401,CN(C)N(C)CNCCN
395,402,CN(CN=CC(C))CCCO
396,403,CC1CCCCCCCCCCCCCC(CO)C1
397,404,CCCCCCCCCCNC(C)=S
398,405,CNCC(CCC(CCC)CN(C))CCC
399,406,C=C(C)NCCC=C(C)C(O)CO
400,407,CCCCN=CC(CC)C=CCCO
401,408,CCCC(NCNCCCNCCC(C)CC)O
402,409,COC1CCCCCNC=CC2CCC2C1=O
403,410,CCC1OC2CCCC(C2)CCC(C)C1O
404,411,C#CCCC(C)C(C)C(O)C
405,412,CCCCCCCCCC(C)CC(C)CC
406,413,CCCC=CC(C)CCC(C(C))C
407,414,CC1CCCCCCC(N)CCC(=O)O1
408,415,CCC(C)CCCC
409,416,CC1CCCCCNC(N)O1
410,417,CCNC(CCCCCCC)CC1CCCC1=O
411,418,CC(CCCC(O)CCCCC(C)CO)O
412,419,C#CC(CCCC)C=CCCCC=C(CC)C
413,420,CN(C)CCCCCNCC(CC)N
414,421,CC1=CCCC=CC(=O)CCC(O)C1
415,422,CC1CCCC(CCCC2)C(CS)C2C1
416,423,CC12CCCC2CCN1CC(C)CCCCC
417,424,CCCCCCCCCCCCCCC=S
418,425,CCCC(NC(C)=C)C(C)(C)CC
419,426,COC(CO)(CCOCO(C))C
420,427,CC(C)CC(N)C=CO
421,428,ClCCCCCO
422,429,CCCCCC(C)C(C)CC(C)C
423,430,CCCCCCCCCC(CC)CCCO
424,431,CCC(C)C(C)(O)C(C)C
425,432,C=CC(C)CCCCCCCCC(C)C
426,433,CCCN1COCNC(C1)CO
427,434,CCCCCCNCNC(C)CCCCOO
428,435,C#CCN(CC)CC#CCCNCCCC=O
429,436,CCCCC=CCCCCCCNCC
430,437,CCCCC(C)CCC1CCNN(CC)CC1
431,438,CN(CC)CCCCCCCCOCCO
432,439,CCCCCCC=O
433,440,CC1CCC(COC(CO)C(C)CC)C1O
434,441,O=CNCC1CCCCC2CCCCCNC2C1
435,442,CNC(C)CCNCCNCCNOCC(C)O
436,443,CCC1CCC=NC(C1CCC(C)C)C
437,444,NC(C)CCCCC(C)CCCC(CO)O
438,445,CCCC1CCCC1CC1CCCCNCC=C1
439,446,C#CCN(C)C(C)CCCCC
440,447,CCC(C)NCCCCCCC(C)C
441,448,CC1=CCC(CCC=C)C(O)=C1
442,449,C=CNOCCCNCCCCN=O
443,450,CC(C)CC(C)C(O)C(C)=O
444,451,CCCCC(CN)C(C)OO
445,452,CCCCCCCCCC(C)CC(=O)O
446,453,CCCCCOCOO
447,454,CCNCCCCCC
448,455,CC1CCC2(CO(S))CCCCCC2C1
449,456,CCCC1(CCC)CCC(CC(C1)CC)O
450,457,C=C1CCC(C)(C)C1C(OO)C
451,458,CCCCCCCCC1CC1C(C)C(=O)O
452,459,CC(C)CCCC(CC)NCC(O)CCCO
453,460,CN(C)CCC(C)C(C)C=O
454,461,CCC1CCCCN1CCCC1CC1CCCO
455,462,CC(C1CCC(C)CNCC(C))=N1
456,463,CCCCC=CCCC=CC1CC1
457,464,CCCCCCC2CCCC2CC1CCC1
458,465,CCC1CCC2(CCCCCC2CC)C1
459,466,OCCCCN(C)COCCCC
460,467,CC1cCC2CC(CCC(C(CO)C2))C1
461,468,N=C(N)N(C)CCNCC(=S)N
462,469,OOCCCCCCCCCCCC1CC(C)CC1
463,470,CCCOCC=COCCO
464,471,NC=CCCCCNCCCCCCC=O
465,472,CC(CC(C))CCCCCCCC(=O)O
466,473,C=C(CC=CCCCCCC)CCC(C)C
467,474,CCC1CCCCCCCC(CCCC)CC1C
468,475,CCC1C=CCCCCCCCC(C)CO1
469,476,CC(C)=CC(CCC)CCC=O
470,477,C#CC(CC)CCCCCC(C)O
471,478,OCCCCCCC1CCC1CCC=CCCCC
472,479,CCCCCCC(CCCC)C(C)O
473,480,C=C(C=N)CCCC1CCCCC1
474,481,CC1CCCC(C#CC(C)(C)O)CC1
475,482,CCCCCCCCCCCC(C)C
476,483,CC1C2CCCCC1C2CC(N)CCCC
477,484,CCC=CCCCCO
478,485,CC(C)=CSCC(C)CCC
479,486,CCCCC(CCCC(C))C(=O)O
480,487,CN(C)CCCC(N)NCC(=O)N
481,488,CCC1CCCCCC1CCCC=N
482,489,CCCCCCC2(CC2CC#2)CCC2
483,490,CCCCC(C)CC(C)(CO)CCO
484,491,CCCCC(CC)C(C)=O
485,492,S=C(C)C1CC=C(CO)C(O)C1O
486,493,CCCCCCCCCCCCCCC=O
487,494,CCC(N)C(C)(ONCC(N))C
488,496,CCC(C)NCCCC(CC1(O)CC)C1
489,497,C=C(B)C(C)CCOC(CC)C
490,498,C1CCCCC1O
491,499,CC1CC(C(C2NC1CC)CC(C2)CC2)C2
492,500,CCCCCCC=2C(CCCCC)CCC2O
493,501,CCCCS(CCC)CCCCCNCC(C)NO
494,502,C1CC(CCO)CCCCCCCC1
495,503,CC(C)CCC(O)CCCCO
496,504,CCC=CNCNC
497,506,CCCCC(C)CCCCCCCCN
498,507,CCCCCCC1CC(C1CCCC)(C)C
499,508,CNCCC=CCNCCCNCC(N)=N
500,509,CC(CC=CCC=CCSCSC(C)CC)C
501,510,CCC(C)SCC=C(C)CO
502,511,CCC(C)NCCC(CO)CCCC(C)=O
503,512,CNCCC(CC)CCCNCC(N)=O
504,513,C=C(CO)CCCNC(C)C
505,514,CCCNC(=N)C(CS)CC=CCCCC
506,515,CCCCCCCCCC=C(C)C
507,516,CCCCCCCCCCCCCCCC(C)C
508,517,C#CCCCC1CC1
509,518,CCCCCCC2CCCCCCC2CC=O
510,519,CCCCCCCC=CCC=N
511,520,CCCCCCCCCCNCC(N)=N
512,521,CCCCCCOCS(=O)C(O)O
513,523,CNCCC(CCCCC=CCC(C))C
514,524,CCC1CCCC(CCC)C(O)CCC1
515,525,C=c1cc(C)ccCCC1C1C(=O)O1
516,526,CCCCCC(CNN)=CNCCCCCCNCNC
517,527,CCC=CCC
518,528,CCCC(C)CCCCCCOOOCC
519,529,CCC(C)C=CC(C)CCC(C)
520,530,CCCCSCC(CC1CC)CCCCCC1O
521,531,CCC1=CCNCCCCC=CCCCCC(C)C1
522,532,CCCC1NCCCC1NCCCC(N)CC
523,533,CC1CCCC(NC)CCCC(C)CS1C
524,535,C=C(O)C1CCN=C(NN)N1
525,536,CCCCCCCCNC(CC)CO
526,537,CC(C)CC=CCCCN
527,538,CCCC(C)CCC(C)C(N)C
528,539,CCCCCC(C)CCNC(C)CC=O
529,540,CCCCCCCN
530,541,CC12CC2CCOC(=N)N(C)C(O)C1
531,542,CCCC1CCC=C1C=O
532,543,CCC(CCCCCC(C)O)C(C)=O
533,544,CC(CC(C)CCCCCC)
534,545,CCCCC=CCCO
535,546,CCCCCC(C)C1CCC1N
536,547,CCCCCCCCCCCCCCCC(C)CO
537,548,CCCCN(C)CCCCCCCCCC
538,549,NCC1CCOCCC(CCO)C1
539,550,CCCCC(N=O)
540,551,CCCC1CCCC(CC)1CNO
541,552,CCC(C)CCNCCCCO
542,553,CCCCCCCCCC1CCCC11CCC1
543,554,CC1CCCCCCCC1
544,555,CCCC(CCC)CCCCCCCCCCC
545,556,CCC1CC2(CCC(C)CC2)CC1O
546,557,CCCCCC=CC
547,558,CCCCCCCC(CNC)C(C)CC
548,559,CCC(CNC1CCCC)C1(OC)O
549,560,CC=CC(N)CC1NCCCCC1CC
550,561,CCC(C)(C)CCC(C)=S
551,562,CCCCSCCCCC(CC)C(C)CCCC
552,563,CCCCCCC(CC(=O)CCCC)C
553,564,CCCCCCCCNCCC=O
554,565,ONCC(CC=CC(C)CCC)C(C)C
555,566,CC(C)C(C)(C)C
556,567,CCCC1CCC(CCC(C)N)C1O
557,568,CCCCNCC(S)C(C)CO
558,569,CC(CCCC(C))C#CCC(C)N(O)O
559,570,CCCC1CCC(O)CCCCC1CO
560,571,CCCCCC(C)CNC(C)CO
561,572,CCCC(C)C(O)C(N)C(C)C(=O)O
562,573,CCC1CCNNCC(O)C(C)C1
563,574,CC(C)CCCNC(C)C
564,575,C(#CC(C1N))C1C1CCCC1
565,576,CC12CCC22CC2CCC(C)CC1
566,577,CCC1CCC2CCNCCCCCC2CC1
567,578,CCCCC(CCC1CCCCNCC)CC1C
568,579,CN(C)CCCNCNCC(C)=O
569,580,CN(C)CCCCC#CSC=N
570,581,CCCCC(C)C(Cl)CC(O)=O
571,582,CNCC(CC)C1CC=CCCNCCC1C
572,583,CCCC1NCC(C)=CCC(N)CC1
573,584,CCNCNONO
574,585,CC1CCCCC1C(CC)C(C)(C)C
575,586,NCCCCCCNCC1CCC(C)C1
576,587,CCCCCCCCCC(C)C(C)C
577,588,CCCCCCC(CCCC)C(C)C
578,589,CCNCC(CC)CCCCCC(C)CC
579,590,CCCCCC1CCCC(C)C1=O
580,592,CCCCCC(C)CC=O
581,593,CC1CCCC(CC(C)CC(C)CC)C1
582,594,CCC(C)CCCN(C)C
583,595,CC(C)(C)CC(Cl)CCNC
584,596,C#CCS(CC)C(CCCCCCC)C=CCO
585,597,CCCCCCC(C1CC1CCN)C(C)=O
586,598,CC(N)C(S)CCCCCCC(C)
587,599,CCC1C(CO)C(Cl)C(C)CC1
588,600,CCC1CCC=CCCCCC12CCCC2
589,601,CNCC(C)=CC1CCCC(CC)C1
590,602,CCCNCCC(C(C)NCN(C)OO)C
591,603,CC(C)=C(CCN)C(O)CC
592,604,CC1=CCC(CC1C1CCCCCCCC)1O
593,605,CC1CCC(CCNCCC(CCCCC))CCC1
594,606,OCC(C=NCCCCCO)CCCC(C)=O
595,607,CC(CCC)CCC=C(C)C
596,608,CC(C)CSCNC(C)=O
597,609,CC1CC(CCCC)C(C)C1
598,610,CCC(CC1CCC(CO)N1CC)CO
599,611,CCCC1CCCCCCCC1
600,612,CCCC(C)C(C)(C)C(C)(C)
601,613,CC(CC=CCNC(C))CCN
602,614,CCCCCCCCCCC(C)CCCC(C)=O
603,615,CCC1CCC=CCC(CO)C1(CO)O
604,616,CCCCCCCCCCCC(C)C(O)=O
605,617,CCCCCC12CCCC2CCCC1
606,618,C=CC(C)CCCCCCCCC(C)C(NC)C
607,620,CC12CC34CNCC3(C1)CC2(C)C4
608,621,CCCCCC1CCCCCCCCCC1=O
609,622,C1CCCC(C)CCCCCC(CC)C1
610,624,CC(C)(CCN)C(C)C(O)CC
611,625,CCCCCCCCCCC2CC2CC(CC)CO
612,626,CC(C)CCCC1CC(C1N)C(=O)O
613,627,CCCCCNNCCCCCCC1NC1=O
614,628,CC(C)=C(O)CCCCCO
615,629,CCCCCC(CNCC(C)N)CO
616,630,CC(CC(CC)CNCCCC)CC=O
617,631,CNCC(NCCN1N=C=C(N)CC)C1
618,632,CCCCCCC
619,633,O=C(C)NCCCCCCCCC(=O)O
620,634,C=CC(C)C(CC=C)C(C)(C)C
621,635,C=C1CCCCC(C(CC1)CC1C)C1
622,636,CNCCC(C(C)CCCCCCC)CCCC
623,637,CC1CC(CC)CCCNCC(CO)1
624,638,CCCC=NCCCNCC(CCN)CCCCO
625,639,CCCCCCCC(CCC)C(C)C
626,640,CCCCN(CC)CNOCCCCO
627,641,NC1CCCC2CCCC2CCC1
628,642,CCCCCCCCCC1CNCC(C)CC1O
629,643,CCCCCCCC=C(C(C)C)C
630,644,CC(C)CC(C)C
631,645,CC(CC(CC)C(O))(C)CCO
632,646,CNC(C)CCCCCCCC
633,647,CCCCCCCCC(C)=C(C(C)CO)OO
634,648,CCCCCCC=CC(C)C(O)C
635,649,CC(C)C(C)CCCCCCCNO
636,650,CC(C)CNCCC(O)COC(C)C
637,651,CNCCC=CCCCNCC(N)=O
638,652,CCCCCC(C)=CCCN(C)C
639,653,CC1CCCC(CCCCCCC(C))C1C
640,654,CC=CCC2CCCC(C)CC2CCCCO
641,655,CCC1CCCCCC(CCCC(C))O1
642,656,CCCCC=NC(CC)CCCCCC
643,657,CC1CCCC(NC1CC)CCOCCCO
644,658,CCC(C)CCCCCC=CCC
645,659,CCCCCCCCCCCC(CNCN)CC=O
646,660,CCCCC=C=CN(C)C(=O)O
647,661,CCC(C)CCCCCCCC(C(=O))N
648,662,CCCCC=CCNCCC#CCCCO
649,663,CCCCCCCCCCNCCCC(C)C
650,664,CCc1cc(NC)ccc1CCCNN
651,666,NCCCCC2CCCCC3CCCCC2CCCCC3
652,667,CN(C)NCCNCNCCCNS
653,668,CCCCNCC(C)C(O)C(=O)O
654,669,CN(C)CCCCC(C)=CO
655,670,N=C(C)NCCCNC(C)C(O)=O
656,671,CCCCCCC(C=CCC)CC(C)=O
657,672,CCCCC2CC2CCCCCCC(C)C
658,673,CCCCCCNCC(N)=N
659,674,C=C(N)N=CC(C)CCCCC
660,675,CNC(C)CCCCCCCNC(=C)N
661,676,CCCCCC=O
662,677,CC(C)C(O)CCCNCC(C)CSCO
663,678,CC1CCCC(C(CC))C(C)CCCC1
664,679,O=C(S)CCCCCCCCCO
665,680,C=C(N)C1CCCCCCCN1NC=S
666,681,CCCCCCCCCC(C)NN=NO
667,682,CC(C)CCCCN
668,683,CCCCCCCCCC(C)C(O)=S
669,685,CCCCCCN=CC(C)CCC(O)
670,687,CCCC1CCC(CCN1C#N)=S
671,688,Cc1cc(C)cCCCCcCCCCCC1
672,689,CCC(C)CCCCCC(C)O
673,690,CCCCCCC=CNOO
674,691,CCC1CCCCCC1O
675,692,CCC1CCC2CCNCC22CCCC21
676,693,CCC1CCCNNC11CNCCNCCC1
677,694,CCCCCCCCCC(C(C)C)C
678,695,CCC(OC(C))C(C)C(CO)C
679,696,CCCCCCCCCC(C2CC(C))C2
680,697,CC(C)CCCCC(C)CCC(C)=O
681,698,CCCC(O)CCCCC(C)(CC)O
682,699,CCCCCNCCCC=CCN=O
683,700,CCCCCCOC(S(=O))(C)CC=O
684,701,CCCCCCCCNC(CC)NCCC
685,702,CCCCOCCCCCO
686,703,CC1=CCCC#CCC2CCCCCN2C1=O
687,704,CNCCN(O)CCCCCNCCC
688,705,CCC1CCCC(N)C2CCCCC2C=C1
689,706,CC=CCNCOCC(O)C(O)C(C)
690,707,CCCCCC(C)N(C)(C)=O
691,708,CCC1CCCC(CCCCCC(C)C)CC1
692,709,CC(C)CC=C=N
693,710,CCCCCCCC(C(C)C(C)O)C
694,711,CC(CC(CC)CCCCCC(C)CC)C
695,712,CCCCCC(O)OS
696,713,CCC1CCC2(CC2)C(C)CC1
697,714,CC=C(CC)CCCCCC(C)C
698,715,CCC(CCC=CC(N)CCC)N(C)C
699,716,CCCCCCCCCCCCCNCNC
700,717,CCCCC(C)CCCCC(C)CCCO
701,718,CCCCCCCCNC(CCC)C(C)C
702,719,CC1CCCCCNN1CCCCCO
703,720,CCCCCN1CCC(C)C(C)O1
704,721,CC1CCCCCCCC(C)C(=O)O1
705,722,CCC1CC(CCCCC1C1)C1(C)CO
706,723,CCC1CCCCN(CC1CCN)C(N)NC
707,724,CC=CC=C=NC(CCCC=CO)C=O
708,726,CCC1CCCC2CC2CCC(C)CC1
709,727,CCCCCCC(C)N
710,728,CCCCC(C)NCCCCCC(C)CO
711,729,CC(CC(=O)O(CCCl))C(=O)
712,730,CC(CCCC(C))CNC(N)C(=O)O
713,731,CCCCC(CN)CCC=O
714,732,CCCCCCCCCC(CCCCC(C)C)C
715,733,CCC(C)NCCC(CC)(C)O
716,734,C1CCCCC1CO
717,736,CC1CCCC(CC(C)C)C(C)C1
718,737,CNCCCCCCCCNCCCCC=O
719,739,CNC(C)NCCCCCNCC(C)(N)O
720,740,C=C(C)C1CCC(C)(C)C(C)C1C
721,741,OCC1C=C(CNC=CCCC2CC2)C1F
722,742,CCC(C=CCCCCCCCCCCC)
723,743,CCCCCCCCCC(CC)C(CC)C
724,744,CC1CCC(C)(CCNNN(C)CC)C1
725,745,CCCCCCCCN=C(C)NC
726,746,C#CC(CCCCCC(C)CCC)(C)C
727,747,C#CCCCCCCC(C)C(O)C
728,748,CC1CCCCOOC(C)C(CO)OC1O
729,749,C=C1CCCC(NCCCCCCCCCC)C1
730,750,C=C(N)N=CC1CCCCCCC1
731,751,CC1CCCN(C(C)CC2C)C2CC1
732,752,CCC(C)CC(=S)O
733,753,CCCCCCCCCCCC=C(C)C
734,754,CCCCCC(C)(CO)C(C)CCCCO
735,755,CC(CC)CC(CNC(C)CC)NO
736,756,CCCCCCCCCC(CC)C(C)C
737,757,CCC1CCC(N)C(O)C(O)CC1
738,758,CC(CCC(C)CCCCC)C(O)O
739,759,NCCCCCCCCNO
740,760,CC1CC(C#N)(C)C2CCCN2C1=O
741,761,CC1(C(C)CCl)NCCC(OC)CC1=O
742,762,N=C1NCCCC(CC1(C1C)CC)C1
743,763,CN(C)C1CCCC(CCC)CCC(C)=C1
744,764,CC1CCCC(CC(CO)CC1CO)CC
745,765,CCC(C)CCCCCCCCCCCCCO
746,766,CC(C1CCC(N)CO)CCCCCCC1
747,767,C1CCCCCCNC=CCOCC1
748,768,CC(C)=NNCC(O)C1C(C)C1
749,769,CCCC(N)CCCC=C=C=C
750,770,O=C(O)N=CCCCCCCC(C)C=C=C
751,771,CCCCCCCCCCC1(C)CCC(C)C1
752,772,CC(C)CC(CC(C)C)C(C)C
753,773,CC1CCCC(CCCCCC)C1CCCCC
754,774,CC(C)=CCCCCCCCO
755,776,CCCCCCCCCCC=N
756,777,CC1CC(CC2=CCCCC2)C=CC1=O
757,778,CC(C)=CCNCCCCC
758,779,CCC1CCC(CC1CC1)CCC1
759,780,CC1CCCCCC=CC(C)(CSO)CC1
760,781,CC1CCCC(C(C)CC)CCC(C)C1
761,782,CCC(C)CCCCCCC(N)CO
762,784,CC(C)CC(O)C(C)(C)C
763,785,CNCCCC(C)CCCCC1C(C)C1
764,786,CCCCCCC(CCCCCCN)CO
765,787,C=C(C)NC#CCC1CCC1CCCCC
766,788,CCCCC=CCCC(C)C(C)C
767,789,ClCC(CCCCCCC)CC(CC)C
768,790,CCCCCN(C)CCCCN
769,791,C=CC(CCCCCCCCCC(C)C)=C
770,792,CCCC(CCC)C(O)CC(O)CC
771,793,CC(C)NNCCN(N)C(C)C(N)=O
772,794,CCCCCCCCCC=N
773,795,NC1(C)CCC(CCCC1CCC(C#N))C
774,796,CCCCCCCC1CCC1CCNCN
775,797,CC(C)(CCNC(=O))OCO
776,798,CCCCCCCCCCCCCCCCCCCO
777,799,CCCCCCCCNC(C)=CNOO
778,800,CCCCC(C)C(CC)CC(O)OO
779,801,OC(C)(O)OOCCOCCC(C)C(C)C
780,802,CCCCCCC2CCCC2CCCCN
781,803,CCCCCCC(C)CNCC(C)CO
782,804,CCCCCCC(CCCO)C(O)C1CC1
783,805,CC1=C2CC2CCCCC1CC(=C)C
784,806,CN(C)CCCCC(C(C)C)=NO
785,807,C=C(N)NCC1CC1C(N)C(=O)O
786,808,CC(CCCC)CO
787,809,CC(C)C1CC2CCCCCCCC(C2)CC1
788,810,NCCCCCCCCO
789,811,C=C(C)NC1CC1CCOC(C)=C
790,812,CCC1CCC(CCCCCCOCO)C1C
791,813,CC(CC)C1CC(C)C(C)C1
792,814,CCCCC(CC)CCCCC(C)CCO
793,815,CCC1CCC(CN)=CNCCCC(C)C1
794,816,CCC(N)N(O)CCCCCCCC(N)OO
795,817,NCCCCCCCCCCN1CCCCC1
796,818,CCCCOCC(C)C(C)CCO
797,819,CCCCCC(C)C(C)NCO
798,820,CCCCCC(N)OC
799,821,C#CCCCCCNCCC#CCCC
800,822,CCCC(C(CCC(O)=C))C(C)C
801,823,CCCCCCCCCCCCCCCC(C)O
802,824,CC(CCCC=CC)O
803,825,OCNCC=CCNC(C)C(CC)CCCCCS
804,826,CC(CCCCCCC(C1C))CC1
805,827,CCC1SC(C)C(O)C(C)C1O
806,828,CC(C)CCCNC(C)NOO
807,829,CN1CC(CNCCCCCCC(C)CC)C1
808,830,CCCCC(CC(CC))C(O)C
809,831,C=C(Cl)CCC(N)CC(O)CCl
810,832,CCCCC1CCCCCCCCC(N)CC1O
811,834,C#CCCCCCN=CC=S
812,835,CC(C)CC=CCCS
813,836,CCCCOCCCC=N
814,837,CCCCCCCCC=C=NS
815,838,C#CCC(CC)C(CC)(C)C=O
816,839,CCCCCCC(CC1CC(C)C1CC)C
817,840,CCCOCCCCCO
818,841,CCCCC(CC)CCCCC(N)C(=O)O
819,842,C1CCCCCCCC1C1CC1=O
820,843,CCCCCCCCCC(C)CC(C)C
821,844,C=CCCCC2CCCC2CC(C)(C)C
822,845,C#CCCCCC(C1C#N)C1O
823,846,CCCPc1(CCC)CC1CCN
824,847,CCCC(CCCCCCC(C)C)O
825,848,CCCC1CCCCCCNCCCC(C)=1
826,849,CCCCC=C=CC(CCCC(C))O
827,850,CCCCCCCC(CNCCCCCC)CCCO
828,851,CCC1CCCCCC1CCC1CCCC1
829,852,NCCCCCCCCC(C)CNO
830,853,CCC(O)NCCCCCCSC(=O)O
831,854,CC1C2CCC1CCCC2O
832,855,CNCCCC(O)CCCCCC(CC)C
833,856,CCCCCCNCC(SS)(CCCC)C(C)O
834,857,CC(C)NNCCC(C)COC(C)OO
835,858,CCCCC1CCCCCC1O
836,859,C=CCCC2CC(C1CCCCCCCC2)O1
837,860,CCCCNCC=CO
838,861,OCCC(C)C(CCC)CC(C)CC
839,862,CCCCC(CC)(CC)CCCCCCCCC
840,863,CCC1CC2CCNC=C=CNCCCC2CCC1
841,864,OC(CC1CCCCCC)C1C(C)C
842,865,CCCCNCCC(C)(C)NO
843,866,CCCC1CC(O)CC1C(N)NO
844,867,C#CCCCCN
845,868,COc1ccc(CC=C(C)CCOO)cc1
846,869,CC(C)CCCCCCC#N
847,870,CCC(C)NCCC=C(C)C(C)O
848,871,CCCC1CCC(C)C(O)C(C)C1O
849,872,CC(C)OCC(O)COCCCCO
850,873,CCC1SC2C(C(C2CCCC)CC)C1
851,874,CCCC(CCCCCCCCC)CCC=O
852,875,CCCCCCCCCC
853,876,OCN(CCC=CC(C1(C))O)CSC1
854,877,CCCCCCCCC=O
855,878,OCC1CCCC2C(C2CC(C))C1
856,879,CC(C)NCCCCNCCC=O
857,880,CC1CC(CCC)CC(C)C1=O
858,881,CCCCCC=CCO
859,882,CCCCCCCCCCCCCCCC(C)
860,883,CC=CCCCCCCCN1CCC=CCC1O
861,884,C=C(C)CCCCNC1(CN)CCCCC1
862,885,CC(C1CCCC)CC1(CN)C(=O)O
863,886,CCC(N)C(C)CC1CC(CC)=CC1
864,887,CCC1CCC(CC1C)C1C(C)=C1
865,888,CNC1C=C(CCCC(C)(C)O)CC1
866,889,CCC1CCC(NNCCCCCCC(C))C1
867,890,CCC1CCCCCCCCCC(CC)CO1
868,891,CN(C)CCCCCCCNCC(C)
869,892,CC=CC=CC1CCCCCC(C)CC1
870,893,CCC1CSCCNNCC2CCCCC2CCC1
871,894,CCCNCCCCCCNN
872,895,CCCCC(CCC)CCC(CC)C(=O)O
873,896,CCCCCC1CCC(CC)C(O)CC1
874,897,CC1CCCNC(C)C(O)C(CO)SS1
875,898,C=CC(O)(CC(C))C(O)CO
876,899,C=C(CO)N1CC1CCCC(N)CCC
877,900,NCC1C2CCCC(C2)CC1
878,901,CN(C)C(SN)CCCCC
879,902,CC(C)CCCCCNC(CN)CC
880,903,CCCCCCCCCCS
881,904,CC(C)(C#N)C(O)(C)C#N
882,905,Cc1ccc(Cl)c(NN=CCCCCC)n1
883,906,CNCC(C)CCCCCCCC(O)=O
884,907,CCCCC(C(=S)CC)CCCCC(C)=O
885,908,O=C1CCCC(CC2CCC2CC)C1
886,909,CCCCCCCCNC=CCCCOO
887,910,CC(CC=CCCC(CC)C)CCCC
888,911,CCC=C(N)CCCC=CCCC
889,912,CCCCCCCCCCCCC2CCC2
890,913,CCCCCCCCCC(C)C=O
891,914,CCCCC(CC1CCCCC)(C)CC1
892,915,CCNCC(N)CCCCCCCC=O
893,916,CCCCCCCCCCCC=C=O
894,917,CC1CCCC(CC(O)COO)CCC1
895,918,CCCCCCCCNCC(C)CCC
896,919,CC(C)=C=C(C)SO
897,920,CNC(C)CCCCC=CSCO
898,922,CCC1C(C)CCCCCCC(C)C1
899,923,CC(C(CC)C=CCNCN)CCCC=O
900,924,CCCCCCCCCCCCCC(C)CC
901,925,CCCC1=CC(N)NC(C)C(C)NC1
902,926,NCCCCCOCCO
903,927,CCCCCCCCN=C=SS
904,928,O=CCNCC(C)=CCOO
905,929,CCCCOC(C)CCCC
906,930,CCCCCCC(CC1NCC#N)C1C
907,931,CCC1CCCCCCCCCC(C)C1O
908,932,CCCCCCCCCC(C)C(N)O
909,933,CCC1NCC(C)=CN1O
910,934,CCCC2CC2CCNCC2C(C2)CB
911,935,CCCCCN1CCCC=C1CNCN=O
912,937,CCC12c(C)c(O)c(CCc(C2))c1
913,938,CCCCCCCCCC1CCCCNNNCO1
914,939,CCCC1CCCC(CCN)N1
915,940,CC(C)CCCCC=C(C)C(C)=O
916,941,CCCCCCCCNC(C)CCO
917,942,CC=CCON=NCNCCC1=CCC1
918,943,CC1CCCCCCC(O)C(C)C1
919,944,C1CCCCCCC1CC(C)CCC(C)O
920,945,CC(CC1CCCC11C)CCCCCCC1
921,946,CC(CC(CCCC1CC1)C)C(C)OC
922,947,C=CC(O)CCC(C)C(C)CC
923,948,CCCCCCCC1CCC1CC(C)CO
924,949,CCCCCN(C)CCCN
925,950,CCCCCC(CCCCCCC)CCCCO
926,951,CCCCC=C=CC(C)C
927,952,CC(C)=C(CC)C(C)(CC)C
928,953,CC1CC(CC)C1C1CCC(O)O1
929,954,C=C(C)CC1CCC1C(C)C(N)=O
930,955,CC1CC(CCC)CCCCC(C)C(Cl)C1
931,956,CCCCCCCCCCCC(C)(C)CCCO
932,957,CC(CC(CC)CCCCCCCOO)O
933,958,CCCC(CC(CC(N)O)C(C)C)O
934,959,CNCCCCCCCN=C(N)NC
935,960,CCCCCCCCCCCC(C)C(=O)O
936,961,CNCCCCC(CCCCCC)C(C)C
937,962,CCC1CC(CC(CCCCCN))CC1
938,963,C#CC(C)CCC(C)CCCCCC
939,964,CCCCCC1CCCC=C1C=NO
940,966,CCCCCOCCCC(C(C))C=SO
941,967,CN(C)NC(C)CCCCCCNC
942,968,CCCCCCC1CC(C1CC(C))O
943,969,CCCCCC(C)CC(C(C))O
944,970,CN1CCC(C)C1C(NC)C
945,971,CCCCCCC=CO
946,972,O=C(C)CCCC1CCC1CC1CC1
947,973,CCCCCCCCCCCCCCCC(O)C
948,974,CCC1CC11ccc(O)c(CC)C1
949,975,CCCCC=CCNCNN1CCCCC1O
950,976,CCCCCCCC=C(C)CCO
951,977,CCCCCCCCNCCCCCCCC(=O)CN
952,978,O=CC1CC(C)C11CCCCCCCC1
953,979,O=C(Cl)CNC(N)C1CCCCC1
954,980,CCCCC(C)(CCC)CC(CC)C
955,982,CCCCCCCCCC(CC)CCC(C)CCCO
956,983,CC=C(CC)CCCCCCCCCCCC
957,984,CCCCCCCCCCCCC=NS
958,985,O=CCCCCC(=O)CCCCC(C)OO
959,986,CNC(C)NCCCNC1CNNCC1
960,987,CC(C)=C(N)CCCCCC(C)(O)O
961,988,CN(C)CC(C)C(C)C(=O)O
962,989,CC1CCCCCCC(CCCCCC)CC1
963,990,CCCCCCCCCCC1CC(O)C1
964,991,CNC(C)CCCCNC1CC=CC1
965,992,CCCCCC(C)CCCCC
966,993,CCCCCC(O)=O
967,994,CCCC1CCC(CC)C1CN(C)CO
968,995,CCCCCCCC1CC(C1)CS(C)C
969,996,CC(C)C(C)(C)CO
970,997,CC1C(CNCCC(CC)C)CCCC(C)1
971,998,CC(C)CCC(C)CN
972,999,CCCCCCCCNNC(CC(N)C(C))O
973,1001,CNCCCc1ccc(O)c(O)c1
974,1003,CCC(N)NCCCCCNNCC(N)OO
975,1004,CCCCCSC(N)CN1CCCCCCCC1
976,1005,CCCCCCCCNC(C)CCC
977,1006,CN(C)C1CCCNC1CCC=O
978,1007,CC(CCOCC)CCC
979,1008,CCCCCCCC(C)CCCCC
980,1009,CC1=CC(O)C(C)CCCC1=O
981,1010,CCCCCCCCN=CC=C
982,1011,CCC1CNCC(O)C(C)N1COO
983,1012,C#CCCCCC(N)CCNCCCCC(=N)N
984,1013,C=CC(C)=CC(C)C(CC)=O
985,1014,CCC1CC(C)C(C)N1CO
986,1015,CCCCCCCC(CC(CC)O)CCC
987,1016,CC1CCCCCCCCC(NS)C(C)C1
988,1017,CCCCCCCCCCCCCCCCCC
989,1018,NCC1CCCC(CCNC(C))C(C)C1
990,1019,CCCCCCCCCC(O)C(C)CCO
991,1020,CCCCCCC=CCCS
992,1021,C1CCCC(CC1)C(CCC(C))C
993,1022,C=C(O)NCCC2C1CCC(C)C2C=1
994,1023,CCCCCCCC1CCCCC1C(=O)O
995,1024,CCCCCCCCNC(OCC(O)CCC)
996,1025,CCC1CCC(C2CCC(CCCC))CC21
997,1026,CCCCCCCC2CC1CC(C2C)C1
998,1027,CCCCCC(COC(O)CCC)CCCCC
999,1028,C#CCCCCCCCCCCC(C)O
1000,1029,CC(C)N(C)C(C)C
1001,1030,S=C(CO)CNN1CC=CC1
1002,1031,CC1CCCCC(CCCCCC1)CO
1003,1032,CC1CCC2(CCSCC2)C(C)CS1
1004,1033,CCCCCCC(CC(C)=O)C(=O)O
1005,1034,CCCCCCC1CCCC(N)C(C)C1CO
1006,1035,OCCCCCCC(C)C(C)S
1007,1036,C#CCC(CCCCC)CCCO
1008,1037,C#CCCNCCNCCCCC#N
1009,1038,CCCCCC(CC(CC)CC)=O
1010,1039,C=CC(C)CCCCCC(O)COO
1011,1040,C=C(CC)CCCCCCCC(C)CO
1012,1041,CC(CCCCCNCC)CN
1013,1042,CC(C)CC(CCC(C)CC)C(C)O
1014,1043,CCCCCC1CCCC=C1OCCO
1015,1044,CC(C)NC(C)CNCC(=O)O
1016,1045,CCCCCCC(OC(CC)C(C))C
1017,1046,CCCCOC(C)(C=C)CCCCC(C)C
1018,1047,CC(C1CCCC1)C(CS(C(N))C)OO
1019,1048,CCCCCCC(OC(C))C(=O)O
1020,1049,CCC(C)CCSC(C)CCCCO
1021,1050,CCC2CCC2NCCCCC1CC(=O)N1
1022,1051,CC1CCC(C2)CC2CCCC(C)C1=C
1023,1053,CC1=C(CC1CCC(C)CCC=O)C
1024,1054,CC(C)CC(C)(C)C(C)C(O)O
1025,1055,C#CCCCCOCC(C)COC(C)C
1026,1056,OCC1CCCC(NCC1N2C1C2C)C1
1027,1057,CCCCCCCCCCCCCC=C
1028,1059,CC1CCCCNNC1CCC1CCCC1
1029,1060,CCCCCCCC=C(C)C(C)=O
1030,1061,CCCCCN(C)COCCCO
1031,1062,CCCCCCCCCC(C)CCCCC(C)C
1032,1063,CCC(C)NCCC=CCC(C)O
1033,1064,CCCCC#CCN1CC=CCCC(=C)C1
1034,1065,ClCCCCCCC
1035,1066,CC1CNC(N)=CNCCCCNCCC1
1036,1067,CCCCCCCCC=C=SS
1037,1068,CC1CC(C(C)CC(C)S)S1
1038,1069,CCCCCCCCC(CC)C(O)=CO
1039,1070,CNCCC(CCC=CCCCCC1C)C1
1040,1071,CCCCCC(C)C(CC)=C=O
1041,1072,CCCCCCCOCC(N)C(O)O
1042,1073,CCC1CCC(CC)CCC1(C)CO
1043,1074,CC(C)(CO)CCC(C)=CO
1044,1075,CCCC(CCCCC(C))CC(C)C
1045,1076,CN(C)CC=C=NC(C)CC=N
1046,1077,C1CCCCC=CC(C1CCCCC)C
1047,1078,CCCCC(C)CCCCCCCCCS
1048,1079,CCC1SC(C)C(O)C(O)C1O
1049,1080,CCC=CCCCNCCCCCCO
1050,1081,CCCC(CCCCC(CC)CCCC)C
1051,1082,CCCCCCC=CC(CCCC(O))C
1052,1083,CCCCC(CC)CNCC(C)=O
1053,1084,CC1=CC(C)CCC(C)(CO)C1
1054,1085,CCCCCCCCNCNCCC1(C)CO1
1055,1086,CCCCOC(C)C(C)CCCC
1056,1088,CC1CCCCC(N)C2CCCCC2CC1O
1057,1089,CC=CC(CCOC(O)C(C))CO
1058,1090,CCCC1CC=CC(C)C(CO)CC1
1059,1091,CC(C)CCCCCN
1060,1092,CCC1CCCCCCCCCC(C)C1
1061,1093,CCCCCCCCCCCCCCCC(C)=O
1062,1094,CC(C1CC1)C(C)C(N)=O
1063,1095,CCC1CCC(CC1CCC(C1))CCO1
1064,1096,CC(C(CCC))C1CCCCC1(C)O
1065,1097,CCCCCCCCCCCC(N)C(O)Cl
1066,1098,CCCCCCCCCCCC(C)=O
1067,1099,CC1CCCCC(N)CCCCCCCC1CO
1068,1100,CCCC(CC)CC(C)COO
1069,1101,CCCCCCCCCCCC(N)C(C)CO
1070,1102,CC(CCCNC(O)C(O)C(C)CCOCO)O
1071,1103,CC1CCCCCC=CC1CCCCC(CC)CO
1072,1104,CCCCCCCCCC=C(N)CN
1073,1106,CCCCCC(C)CCCC(N)CCCO
1074,1107,CCCCCCC(C)C
1075,1108,CCCC(CC)CCCCCCCCO
1076,1109,CC=NCCCCN(C1)CCC(CC)C1
1077,1110,CC1CCC(C)C(N)C(C)C1O
1078,1111,C=C(C)CCCCCCCCCO
1079,1112,CCCCCCNC
1080,1113,CCC(C)NCCCCCCC(C)=S
1081,1114,CNCCC(CCC)CCCCC(C)CC=C
1082,1115,CCCCCCCCCCNCCC=C=N
1083,1116,CCC1CCC(C)C(C)CCC(=O)C1
1084,1117,CC1CC(OC(N)=O)C(C)CC1C
1085,1118,C[1Sc]C(CC(C)C1)OC1CO
1086,1119,CCCCCN(C)CCCNO
1087,1120,CCCCCCCCCC(C(CCCC)C)CO
1088,1121,CCCCCCCCCCN=CC(N)=O
1089,1122,CC1CCCC(CCCC(N)COO)C1O
1090,1123,CCCCNCCC(C)COCCO
1091,1124,NCC1cc1CCCCCCCCO
1092,1125,CCC1CCCC(CCC)CCCCO1
1093,1126,OCC1CCC(CCCC)CCC(C)C1
1094,1127,CCC1CCCC(CCCCCCCC)CC1
1095,1128,CCN(C)CCCNCCCCCC
1096,1129,CC(C)CCCC=CN
1097,1131,CC1CCC2CCC(COCC(O)C2)S1
1098,1132,CCCNCC1CC2CCC1CC(C2CC)CC
1099,1133,CCCCCCCCCC1=CCC1CCCC
1100,1134,CCCCSC(C)C(O)C(O)CCO
1101,1135,CC(CC(C)NCC=O)
1102,1136,CCCCCCNCCCCCCCCC(C)C
1103,1137,CCCCCCC(NCCC1C)C1
1104,1138,CCCCCCCC2CCCCCCCC2CC=O
1105,1139,CCCCCCCCCCC=CCCO
1106,1140,NC1CCCC(CNC1C(C)F)C(C)CC
1107,1141,CCCCCCCCCC1CCC(CC)CO1
1108,1142,CCCCCCC1CCCC(C)CC1
1109,1143,CC(CNCC(C)C)CCN
1110,1144,CCC1C=CCCCNCCCC(N)CC1O
1111,1145,CCCC1CCCC1CC1CCC1CCCCC
1112,1146,CCC1CNC(C1)CC(CC(C))CC=O
1113,1147,NNCCC1CCCCCCCC1CC=O
1114,1148,CCCC(O)N1CCCCN1C(C)O
1115,1149,CSC1SC(C)C(O)C(O)C1O
1116,1150,C=C(C)C(C)CCCCC#CC=N
1117,1151,CC1CCCCC(O)(O)C(C)CCN1O
1118,1152,CCC(C)(C#N)N=NC(C)(C#N)CC
1119,1153,CCCCCCCC(CCCCC#CCO)
1120,1154,C1C=CC(C)C(C)CCOCS1
1121,1155,CCCCCCCCCC(C)C(O)=O
1122,1156,CN1CCC(C)CCC(O)C(O)C1
1123,1157,CCCC=CC(CCC)CCN=NO
1124,1158,CCC1CCCC2C(CCCC2)CC1
1125,1159,CC1CCCCC1NC(N)=N
1126,1160,NCC12CC2(C1N1CCCCC)CC1
1127,1161,CC(C1CC)C1
1128,1162,CCC1CC(C)CC(CO)OCC1O
1129,1163,CC(N(C))CCCCCCCCCC
1130,1164,CCCCCCC=NCCCCCCCCCCC
1131,1166,CNCCCCCCCCNC(N)C(=O)O
1132,1167,CNCC(CCC(CC(CCC)C)CC)C
1133,1168,CC(C)CCCCC(S)
1134,1169,CC(C)CNNCC1CC1
1135,1170,CC1(CCCCCCC(C)=C)CC1=O
1136,1171,CC1N=C(Cl)C(Cl)(Cl)SS1
1137,1172,CC(C)CC1CC(CC)NCC(=O)O1
1138,1173,OCC1CCCCCCC2CC2CCNCC1O
1139,1174,CCC1SC2(CCN(C)CC2)CC1=O
1140,1175,CNCCC1CCCCCCC(C)CC=C1
1141,1176,CCCCCCCC2C(C2)1C(C)ON1
1142,1177,CC(C)(C(=S)CCCCCC(N))N
1143,1178,CCC(O)NC(O)C(=CCCC)C(=O)O
1144,1179,CCC1CCCOOCCNCCCC(C)C1
1145,1180,CCC1CCCCCCCCCCC(CO)C1O
1146,1181,CC(C)NC(NN)C(N)C(C)N(NN)
1147,1182,CCCCCCCC(CNC1C#N)C1
1148,1183,CCCCCCCCNCCC(C)O
1149,1184,CC(C(CC(N)=N)CCC)C(=O)
1150,1185,CC1CCC(C)C(CO)C(CO)C1
1151,1186,NCCCCCC1CC(C1C#C)OCO
1152,1187,NCCN2C(C2)CC(C1)CC1CO
1153,1188,CCCC1C(C)CC1CN=O
1154,1189,CCC1CCCC(CCN)CC(C)CNC1
1155,1190,CNCC1CCCCC1C=O
1156,1191,NNC1C2CCC2CC(C1)C1CCC1
1157,1192,CN(C)CCCNC=CCN
1158,1193,CC(CCCC=CC(C))C(OO)O
1159,1194,CCCCCCNCCC(C)C(O)C
1160,1195,CCCCC1CCCC1CC(N)=O
1161,1196,CCCCCC(CCC(CC)C)C(=O)O
1162,1197,CCCCCCCCCC(C)NC(OC)Cl
1163,1198,CCCCCCC=CC(N)C(N)C
1164,1199,CC(CCCC(C)(C))CCCC=O
1165,1200,CCCCCCCCNCOCCCCC
1166,1201,CCCC(C)CNCC(C)CC
1167,1202,CC1CCCCCCCCCCCCCCCCC1
1168,1203,OCCC1CC=CN1
1169,1204,C=CC(O)CCCCCNCC(C)C
1170,1205,CCCC1NC(CC=NCCN(C))O1
1171,1206,CCCC1CC(CCNCC(C)CC)C1=O
1172,1207,CCNNCCC(C)CCCCNCNCCCCC
1173,1208,CC(CC=CCCC(C))=O
1174,1209,CCCCC(CCN)CC1CCC(C)CC1
1175,1210,CC(CC(CCN)CC)C(C)CC(=O)O
1176,1211,CCCC1CC1NC(N)C(N)=O
1177,1212,CCCCC(CC)C(O)C(C)CCC=S
1178,1213,C=C(CCNCCCC(C)C(O))O
1179,1214,C1=CC(C#CCCCCCCOC)CC1O
1180,1215,CC=CC=C=CCNCNCCC2CC2=O
1181,1216,CCCCNC(=O)C(CC=C)C=O
1182,1217,CCC(CCCCCOC(C)CCC=C)(C)C
1183,1218,CCC(N)(O)CCCCO
1184,1219,CCCNC1C(C)CC1CNC(C2)=C2
1185,1220,CC1CCCOC(O)(O)C(O)C1
1186,1221,CC(C)CCCCCCCC(C)CC=O
1187,1222,C=CCCCC2CCCCC2C1CC1
1188,1223,NCC1CCC(CCC(C))O1
1189,1224,CCCCCCN(CC(O)CCO)CCC
1190,1225,O=C(CC)C(CCNC)C(C)CC=O
1191,1226,CC1CCCCNCCCC2CC2CC1CO
1192,1227,CCCCCCCCCCCC1CCC1O
1193,1228,CCN(CCCCCCNC1=CC)CCCC1
1194,1229,CC(C)C(CN)CCCCC=N
1195,1230,CCC1CCC(O)C(O)C(O)CC1
1196,1231,CCC1CC(CN1)C1CC(C)CC=C1
1197,1233,CCCCCCCC=CC=O
1198,1234,CNCC(CCCCC(C)C(O)C)O
1199,1235,CCC1NC(C)NNC(N)C1
1200,1236,CCC1SCC(CC2CC)CC2CCC1CO
1201,1237,C=C(CC)CCCCCCCCCCC=O
1202,1239,CCCC=C(CO)NCCC(C)C(C)
1203,1240,CN(C(CC)CCCCCC)CC(=O)
1204,1241,CN(C)CCC(CCN(C)C)=NO
1205,1242,CCCCCCCCNC(=O)CC
1206,1243,CCCCCCCCCC1CNCCC(C)C1
1207,1244,CC=C1CCC2CC(C)C2CCCC1CO
1208,1245,CCCCCCCCCNN
1209,1246,CCCCC(OCCCCCCC)C(=C)O
1210,1247,CC(C)CC(N)(Cl)C(C)OO
1211,1248,CCCCC(CC)(C)C(C(C))Cl
1212,1249,CCCCC(CC)C(C)CCC(O)C
1213,1250,CC(C)=CCC(C)(O)C(CC)C
1214,1251,CN(C)CC(N)CCCCCC(N)O
1215,1252,CCCC1CCCCC(O)C(O)=C1O
1216,1253,CN(C)CC1CCNCCCCCCC1
1217,1254,C#CCCCCCCCCC=O
1218,1255,CCC1OC2CC22C(CC)C=CC2O1
1219,1256,CCCCCCNCCCCCC(C)=S
1220,1257,N=C(O)CCCC(C(C))CC=O
1221,1258,CC1CCCCCCCCCNCC1CCNN
1222,1259,CCCCCCCCCC(C)CCC(O)C
1223,1260,CC(C)CCCSCC=CCCCNN=O
1224,1261,CC(CCNCO)C(C)=O
1225,1262,CC1CNC(C)COCCC#CCCCC1
1226,1263,CCCCNCNCCCCC1=C=C1O
1227,1264,CC(CC(CC1C(C)CCCC))C1O
1228,1265,CCCC1CCCCC1NC1CCCCO1
1229,1266,CCCCC(CC)CCCC(C(C))C
1230,1267,CC1CCCNC(S)C(O)C(C)CC1O
1231,1268,CC(C)CCCCC(CN)C(=O)O
1232,1269,CC(C)CCC(C)CCO
1233,1270,CC(C)CCCCO
1234,1271,CC(C)CCCCN(CNCN(C))COO
1235,1272,CCCCCCC1CCCC(C)OC1=O
1236,1273,CC1CCCC(C(C))C(O)C(C)C1
1237,1274,CCCCCC(C)C(C)C(C)
1238,1275,CC1CCCCCCCCC(CC(C)CO)C1
1239,1276,CCCCCCCCCC(CCCC)OCCC
1240,1277,CCCCCCCCCCCCCCC(C)CC
1241,1278,CN(C1CC(N)(CC)C1)CNC
1242,1279,CCCCCCC=CC(C)C(CO)C
1243,1280,CCCCCCCCCCCCCC(C)N
1244,1281,CNC(C)NCCCCCC(C)CC=O
1245,1282,C=c1cc(O)nc(N1CNOCCCN)N
1246,1283,CCC(CCCCC)CCCCCC(C)C
1247,1284,CN(C)CC(CC(CC))CC(=O)O
1248,1285,CN=C(CC)NCN1C=C(NC)C1C
1249,1286,CC=CCCCCCCNC2CC2CCCCCCC
1250,1287,CCCC(CCCNCCC)CNC=O
1251,1288,CCC(C)CCC=NC1=CC1S
1252,1289,CCCCCCCCCC(C)C(O)CC
1253,1290,OCCC(N)CCCCOCCC(O)CC
1254,1291,C=CC(CC(C)CCC=C(C)(C))
1255,1292,CCCCC(C=CC(C)CCCCC)C
1256,1293,CCCCC=COCC(O)C(C)C
1257,1294,CC(C)(C)CCC(C)CC
1258,1295,CCCCCCCCCCCCCCC(C)C
1259,1296,CCCCCCC=CC(C)CCC(C)CC
1260,1297,CCCCCCCCOC(C)C(C)C=O
1261,1298,CCCCCCCCCCCC1CC(O)=C1
1262,1299,CCCCCCCC2CCCCCC2C1CO1
1263,1300,CCCCCC(C)CCC1CC(C)CC1
1264,1301,CCCCCCOCN(C)C
1265,1302,C=CCC(O)CCCC(C)CC
1266,1304,C=CC(=O)CCCCCCCCCC
1267,1306,CCC(Br)CCCCCCCCO
1268,1307,CC(C)OCC(CCC)C(N)=O
1269,1308,CCC(C)CCCCC1CC1C(C)N
1270,1309,CCCCCC(C)CCC(C)C
1271,1310,CC(C)CCCCC=CC(O)C(C)O
1272,1311,CCCCCCCCCCCCC1CC2CC2=C1
1273,1312,C#CCCCCCC
1274,1313,CCCC(CCC(C(C))C(C))Cl
1275,1314,CC(CN)CCCC(C)CCC(=O)CCC
1276,1315,OCC1C=NC(C)(C)C(C)(C)C1
1277,1316,CCCCCC(CC)C(C)C(O)CO
1278,1317,CC(C(CN)C)CCCCCCC
1279,1318,CCC1CCCC(C1C1C(C))N1
1280,1320,CCCC(C)CCCCCCCCCCC(N)N
1281,1321,CC1CC=CCC1
1282,1322,CCCCOCCCCC=C=C=S
1283,1323,CC(C(C)CCC=CC)CCC
1284,1324,CC1CCC(O)C(C1)C(O)CNCO
1285,1325,CC(CCCC)O
1286,1326,CC=C(CCCCC(CC))CCCCO
1287,1327,CCCC(CNC(C(O)CCO)C(F))O
1288,1328,CC1CC(O)(C(C))C(CCCCC)CC1O
1289,1329,CC1CCC2(CCN(CCCC)C2)CC1
1290,1330,CCCNC(=O)N=C1CCC(CI)CC1
1291,1332,CCC1CC2CCC1CCCCCCCCCC2
1292,1334,O=CC(=O)OC(O)C(O)C(C)O
1293,1335,N=C(N)C(C)CCNC(C)C(N)=O
1294,1336,CC(CC)NC1C=C(CC)C(OO)C1O
1295,1337,CNCCCC(C)CCCCCCC=O
1296,1338,CC1CCCCC(CCCCCCCC(C)CC)C1
1297,1339,CCCCC=NC(C)C(N)C(C)=SCO
1298,1341,CCCCCNC(C)=S
1299,1342,CCCCCCCC(CCC)C=CCCO
1300,1343,CCCCCCCCNCCCCCCC=O
1301,1344,CNCCC(CC1CC(C)(CO)C)C1
1302,1346,CC(CNCC=CCCCCC)1CC1
1303,1347,CCCCCCCCNCCCCCCO
1304,1348,CCCC(CCNCCCCCC)N1CC1=O
1305,1349,CC(C)=CCCC(C)CNC
1306,1350,CCC1CCC2(C(OCCC2))C1C
1307,1351,O=C(C)OCCCCCC(C)CC
1308,1352,CCC(C)CCCC(C)C(N)N
1309,1353,CCC(C)NCCC(CN)C(C)CO
1310,1354,CC1CCCC=CCCC1C(N)N
1311,1355,CNCC(O)C1CCCNC1CC(=O)O
1312,1356,CCCCCC(C)C(C)C(N)=CO
1313,1357,CC(C)(CC)C
1314,1358,CNCC(C)(C)C=CCC(C)(C)C
1315,1359,OCC(CC(C(CC)C)CCCC(CC)CC)C
1316,1360,CCC1CC2CC1(C1CCCCC)C2CC1
1317,1361,CC=CC(CC2CCCNCCCC2CC)C
1318,1362,CCCCCCC=CC(=O)C(C)(C)
1319,1363,CCCCCC2CCCCCC2CCCC
1320,1364,CC(C(=O)C1c(CC)C1C(CC))O
1321,1365,CCCCCNCCCCCCCCCC(C)C
1322,1366,CC1CCCC(CC)C(N)C1
1323,1368,CNC(C)CCCC(CNC#CO)SO
1324,1369,CCC(C)CCCNNCC=C=CS
1325,1370,CCCCCC(C)CCCCC(C)CCO
1326,1371,CC(C(CCC)C(C)CCC)C(C)Cl
1327,1372,CCCCCCCC(C)CC=O
1328,1373,CC(C(C)CC)C(O)CN(C)Cl
1329,1374,C=CCCC(CCCC(C(C)C)OC)O
1330,1375,CCCCCC(C)CCC1C(O)C1O
1331,1376,CCCCC1CCCC(C2CCC=C2)O1
1332,1377,CCCCCCCCCS
1333,1378,CCC(CC(NN)(=S))CCCCCNCN
1334,1380,CCCCSCC(CCS(C)CC)C(C)=O
1335,1381,CC12CCCC2CCC(CCC2)CC2C1
1336,1382,O=CC(C)COCCCCCC(C)(OC)C
1337,1383,OCCC(C)(C(N)(N)C(C)C)C
1338,1384,CCCCCCOCOO
1339,1385,C=CCCC1CCC1CCCCCCC
1340,1386,CC1CC2C3CCCC3CC2CCCC1
1341,1387,CCCCCCCC(CCC)CC(C)CC
1342,1388,CCCCCN1CCC1CC1CN=CC=1
1343,1389,CCC1CCC=NCCCCC1C(O)O
1344,1390,CCCC(C)=CCC=CCC(C)CC=O
1345,1391,CCCC1CCCCC(CCC(C)C)C1=O
1346,1392,CCCCCCCC(CCC)C(C)CC
1347,1394,CCCC1CC=CC1CCCCC(=O)O
1348,1395,CCCCCCCCCCNCC(C)CCCO
1349,1397,CCCCC(CC)C(C)COO
1350,1398,NC1CCCN(CNCCCCC(C)C2)C12
1351,1399,NC(CCCCCCCCC)CCO
1352,1400,CSCCCC(C)C(CC)C(C)CC
1353,1401,CNC1C2CCCCCC(C2)CC(=O)N1
1354,1402,CC(C)CCCCCCCO
1355,1404,CC(C)CNC(C)CCCCC
1356,1405,CCCC1CCCCC1C(N)=N
1357,1406,CCCCCCC=NCNCCCCCC
1358,1408,OCC1C(CCCCCC)CC(C)CC1
1359,1409,CC(CC=CCCC(C)CC(C))O
1360,1410,CCCCC=CCCC(C)C(O)=C
1361,1411,CCCCCCC(CN(CC)CCCC=O)O
1362,1413,C=C(C)C1CCC(C)(O)C(O)C1
1363,1414,CC(C)CC(C)CC(=O)C(C)(C)C
1364,1415,CCCCCCCCCCNC(C)=NO
1365,1416,CCCCCCOC(CC)CCCC
1366,1417,CNCCC(CCC)CCCCCCC(C)C
1367,1418,CCCC1CC=CC(C1CC(O))N
1368,1419,CCC1CCC(CC(C1))CC(=O)O
1369,1420,CCCCC2CCCC12CC2CCCC2C1=O
1370,1422,COC(C=C(C)CCC=C(N)C)OC
1371,1423,NCCCCCCCCCCCCCC1CO1
1372,1424,CCCCCN=C=O
1373,1425,CC(C)CN(NC(C)C(C)=O)OC
1374,1426,CCCCCCC=CNO
1375,1427,CC(C)(O)CCCC=O
1376,1428,CCCCCOCC(O)C(O)C(C)C(C)C
1377,1429,C#CCCCCCCCCCCCNC(C)CC
1378,1430,CCCCCC2=CC(C2CC2)CCO2
1379,1431,CNC(C)CCCCNCCC(C)C=O
1380,1432,CCCCCCCCNCCCCC#S
1381,1433,NCCC1CCCCC1CC=NO
1382,1435,CCC(N)OCNC(C)(O)CO
1383,1436,CCCC(CC=CCCCCC)C(C)C
1384,1437,CC1CCCC1COO
1385,1438,CCCCCCCCCCNC(N)=S
1386,1439,OCCC1=CC(C)CNC(CO)CC1
1387,1440,CC(CC2CCC2CC1CCCCC)CCC1
1388,1441,O=C1CCCC(CCC)CC(C)CC=C1
1389,1442,CCCC1CcCC(CNCCCO)C(C)S1
1390,1443,CNC1CC(C)CCCCC1(C)CC
1391,1444,C=CC(CCNCCC=C(C)C=CC)=O
1392,1445,CC1CCCCC(CNCCCCCO)CC(C)C1
1393,1446,C#CCCC(C)C(C)CCCC
1394,1447,CCCCN(C)CCCCCCCCOO
1395,1448,CC1CCC(C)CNCCC=CCCC1
1396,1450,CCCCNNN(N)CCCCCC(N)NO
1397,1451,CCC(C)(C(N)=C)CCCCCC(C)
1398,1452,CCCCCCCC(CC)CCCCCC
1399,1453,CCCCC(CCCCCC)C(C)CC
1400,1454,CCCC=CC(C1CC(C)(C)O)CC1
1401,1455,CC1=CCC(C)=CC=C=C(C)C(CC)C1
1402,1456,CCC1CNCCCCCC1CC1CCCCCC1
1403,1457,CCCCCCCCCCC(CCCO)C=O
1404,1459,CCCCNCNCCCCCCCCO
1405,1462,C1CCNCC#CC1CNCCC1CC1(O)O
1406,1463,C=C(N)NCCCCCNCC(C)=C
1407,1464,CCC1CCCN2C(CO)C(O)C2CO1
1408,1465,CC(C)=CC(N)C(C)C
1409,1467,CCC(C)CCC=C(C)C
1410,1468,CC1CC(CO)C1CCCCCCN=O
1411,1469,C=C(CS)CCCCCCC
1412,1471,CCCCOC(CO)C(O)C(C)CC=O
1413,1472,CNCCCCC(CC)NCC(C)C(C)=O
1414,1473,COC(Cl)CCCCCC(C(C))C=O
1415,1474,CNC1CCCC(C)NNC(CC)(C#N)C1
1416,1475,CCCCC=C=NC(CC)C(C)CCCC
1417,1476,NC=Cc1ccc(O)ccCC1=O
1418,1477,CCCCCC(C)C(=C)CCN=CCCC
1419,1478,CCC1CCCCCC1
1420,1479,CCC(CNCCCCNC=CC)CO
1421,1480,CCC1CCCCCC(N)CC(C)CC1
1422,1481,CCCCCC(C)CCCCC(N)CC=O
1423,1482,OCCC1CCN=CN1
1424,1483,CCC(OCC=C2CCC1CC1CCCC)CC2
1425,1484,NCCCCCC=CCC(C)CCC(=O)O
1426,1485,CCC(C)(C)CC
1427,1486,CSC1SC(N)C(C)(Cl)C1O
1428,1487,CCC1CCCCSC(O)CCOCCC1
1429,1488,O=C1CNNCC1CN1CC2CNCC2C1
1430,1489,NC=CCC1CCCCCCCCC(CC)C1
1431,1490,CC1CCCC(C)CC(C)(C)CCC1
1432,1491,NCC1CCCCCC(C)C1
1433,1492,CCCCCCCCC(C)=O
1434,1493,CCC(CCCC)CCCCCCC(C)CC
1435,1494,CC(C)CCCCC(C)C
1436,1495,C=C1CCC(NNCN2CC=CC2)=N1
1437,1496,CCCCCCCC(CC)CO
1438,1497,CC(C(C)CC)C(C)OC(C)C
1439,1498,CNCCCOC1CCNC1C(C)O
1440,1499,CCCc1cc(CN)c(CCCC=CC)nn1
1441,1500,CC(CCCCCCC(C))CO
1442,1501,CCCCCCCCNCCC=NO
1443,1502,C#CCCCCC1CCCC1=N
1444,1503,CCCC(CCCC)C=CCC(C)CC=C
1445,1504,CC(C)(CO)C
1446,1505,CC1CCC(C)CCC(N)(O)OO1
1447,1506,CCCCCC(C)C(CCOOO)C
1448,1507,CCCCC(CC)CCCCCCC(C)C
1449,1508,CCCCSC(C)C(C)=C(C)CC
1450,1509,CCCC1CC1CC(C)C(O)OO
1451,1510,CCCCC1CCNCCC1CC=NO
1452,1511,CC(CCCCC)(C)CCCCCC(N)O
1453,1512,CC1CC1C(C)C(O)C
1454,1513,CNCC1CCCCC1CCC1CCCCC1
1455,1514,CCCCCCCC2CCCC2ONCC=O
1456,1515,CCC(CC1CCC1C)CCCC(CC)C
1457,1516,CC1(CC=CCCCCCCCCCC(C)CC1)C
1458,1517,CCCCCCC(C)C(N)C(O)CO
1459,1518,CCC(C)CC
1460,1519,NCCCCCC=CCO
1461,1520,CC1CCCC(CC(C)C)C(COCCO)C1
1462,1521,CCC(C)OC1CC(CCCC(C)=C)=1
1463,1522,CCC(C)CCCCCCNCC(O)=O
1464,1523,CC1CCCCC2N1C2CCCCCC(=O)O
1465,1524,CCCC(=O)CCCCC(C)C
1466,1525,CC(CCCCCCCCC1CC(C))O1
1467,1526,CCCCCNCCCCNCCCC=O
1468,1527,CC1NCC(C)C(CCCCO)C1O
1469,1528,CCCCCCCCCCCC1CCC1
1470,1529,CC1CCC(C1=CC(C)(C)O)CO
1471,1530,CCCCCCC(CCC=CCC(C)C)CC
1472,1531,CCCCCCCC(C)CCCCO
1473,1532,CCNCC(N)NNCCCCC2CCCCC2
1474,1534,CCCCCCCCCCCCNC(=O)OO
1475,1536,CC(C(C)(CC=C)C)CC
1476,1537,C=C(C)C(C)C(O)CC(F)C
1477,1539,CCCC(CCCCC(CC)C)(C)C
1478,1541,CCCCCCCCCC=CC(C)C
1479,1542,CC(C)CC1C=CCN1
1480,1543,CC1CCCC(CC1C1(C)CC)N1
1481,1544,CC1CCCCCCCCCCCCCCC(C)C1
1482,1545,CCCCCC(C)(CC)CCC(C)CC
1483,1546,CCCCOCCCNC(C)C
1484,1548,CC1=C(CO)CC(C1CC1(C)(C))C1
1485,1549,CCCCC=NCCC1CCCC=CCCC1
1486,1550,CC(C)=CCCC=CC=N
1487,1551,CCC1CCCCNNCCCCCCCCCCC1O
1488,1552,CCCCCCCC1CCCCC(NC)C1C
1489,1553,CCCCCCCOO
1490,1554,CCCCCC1CCCCCCC1CCC=O
1491,1555,CCCC(=CC)C(CO)C(C)CC
1492,1556,CC(CC1CCCCC1)C1CCCCC1
1493,1557,CCC(C)CC(C)CCC
1494,1558,CCC1CC2=CC(C2)CC1(NO)O
1495,1560,CCC1CCCC2CCC1CC(C2)C
1496,1561,CCCCC=CCNCNCNOC(C)CS
1497,1562,CCCCCCC=CC1CCCC1CCO
1498,1563,C=C(Cl)CCCCCCCC(C)(C)C
1499,1564,CCCCCCC=CC(C)C(N)OO
1500,1565,CC1C(CCCC)=CCC=CCC(C)C1
1501,1566,CCCCC(C(O)C#CC)(C)CC=O
1502,1567,CN(C)CCCNCNCCC
1503,1568,CCCCCCC(CCCCNCCC2)C2CO
1504,1569,CC1CCCCC(O)CCOCCC1=O
1505,1570,CNCCCCCCCCCCCCCCCC
1506,1571,CN1CCCC(C1CC(N)(C)O)CC
1507,1572,CCC1CC(C2)CC2CC(C)C1
1508,1573,CCCCC(C)CC
1509,1574,CCCCCCCCCCNCC(C)C
1510,1575,CCCC1C(CO)C(CO)(CO)C1O
1511,1576,CCC1CN(CCCCC1CCC2C)C2O
1512,1577,CNCCC(C#C)CCCCC(CCN)=CC
1513,1578,CCC1CCCCNCCC1CC(C)C
1514,1579,CCC(CCCCN)CC1CCCCC1CC
1515,1580,CNC(C)CCCCCC(O)C(O)N
1516,1581,C=C(CO)CCC=CC(C)CO
1517,1582,CCCCCCCCC(C=CC)CCCC2CC2
1518,1583,CCCCC#CCCC(=CCC(C)CC)C
1519,1584,CCCC1CCC(C)OOCC(O)O1
1520,1585,C#CCCCCCCCC=C(C)CO
1521,1586,CCCCCCCCCCCCCC(CN)C=CC
1522,1587,NCC12cC(CCCC1C)C(C2C)C
1523,1588,CCC1C2CCCNCC(C2)CC(=O)N1
1524,1589,CN(C(CO)C1CCNCC1N)CO
1525,1590,CCCCCCC=CCCC(C(N)C)
1526,1591,CN(C)C1CCCCC1O
1527,1592,CCNCC1CCCCCCCC1
1528,1593,CCCCSCC=1CC(CC)C(=O)C1
1529,1594,OC=C(CCCCC(C1CCCC)C)CC1
1530,1595,CC(C)CC(N)C(C)(C)O
1531,1596,CCCCCCC2CCNCC2CCCCCO
1532,1597,CCCCCCCCCC(O)C(N)=O
1533,1598,CCCCNCCCC(CC)CCC
1534,1599,CC=CC(COCCC)CCCCCCCCC
1535,1600,CCCCCCCCCC1CCCCO1
1536,1601,CC1CCCC2CC(CO)C(C)CC2=1
1537,1602,CCCCNCN(NC(C)N)CN
1538,1603,CN1CCCC(CCCCCC(CC)CO)C1
1539,1604,CCC(C)CC1CCCCC1O
1540,1605,CCCCCCCCCCCCCCC2CS2
1541,1606,CCC(C)(COC(=O)CN)C(C)CO
1542,1607,CCCCCCCCCC(CCO)CC
1543,1608,CCC1C2CC2CC(C)C1(C)O
1544,1609,CCC1CSC(N)CC1=CCCCCCCCO
1545,1610,C1CCCCCCCCCC1CO
1546,1611,CCCCC(CCCCC(CCC)CCOC)CO
1547,1612,CCCC1CCC(C)CC1=O
1548,1613,CCC1CCCCCCCCCC(CC)C1
1549,1614,CC(C)CCCN
1550,1615,CC(CCCCCCCCC1CC(C))CCC1
1551,1616,CCCCCOCCCCCCCCCCO
1552,1617,C#CCCCCC(CCO)CCCCCCC=O
1553,1618,CCCCCCCCCC(N)C(C)O
1554,1619,CCCCCCCC(C1NCC#N)C1
1555,1621,CSC1SC(CO)C(O)C(O)C1O
1556,1622,C=CC1CCC(C)CCC(C)(C)N1
1557,1623,CCCCC=CCN
1558,1624,CCCCCC=C=O
1559,1625,CCC1CC(C1CCCCCC2)2CC=C
1560,1626,CC1CC1CCCCC(C)CC=O
1561,1627,NCC1CCCCCCC1=CCC=O
1562,1628,CCCCCCC2(CCCCCC)CCO2
1563,1629,CCC1CCC(C)(NC)CC(O)C1
1564,1630,CCCCCC(C)CC=C(CC)CCCC
1565,1632,CCC12C(C)CCC2CCCC(CC)C1
1566,1633,C=C(CC)CCCCCCCCCCC
1567,1634,CCCCCCCCNC(CC)CCNC
1568,1635,CC1CCCCC2C(C2)CCCCCCCCC1O
1569,1636,CCCCCCCCC=N
1570,1637,CCCC(C(CC))=C=CCC=CC(C)C
1571,1638,C=C1Cc2(C(C=CC2C1C2C))2
1572,1639,C=C(CC)CCC(CC)C(C)CO
1573,1641,CCCCCCCCCN=C(N)CCO
1574,1642,CCCCCC(C)C(O)C(O)CC
1575,1643,CC(NCCC(O)N=CC(CC)C)CSC
1576,1644,C=C(C)N=C=NC1=CCC=C1
1577,1645,C#CCCC(C)CC(C)C(C)CCC
1578,1646,CCCCCCCCCCNC1C(N)C1
1579,1647,CC1CC(P(=O)(O))(C)CC1CCO
1580,1648,CCC(CO)C(=O)CCCCCC
1581,1649,CC(C)CCCCCO
1582,1650,CCCC1CC(NC(CC))(CO)C1
1583,1651,CCCCNC(C)C(CC)C(C)CCCO
1584,1652,CCC1CCC(C(C)CC)CCC(C)N1
1585,1653,CCCCC=C=C
1586,1654,CCCCCCCCCCCCCC(C)C
1587,1655,CCCCCCC=CC(CC)CC(=O)O
1588,1656,CCC1CCCCCCCCCCC(C)CO1
1589,1657,CCCCCC(CC(CC)CCCCC(C))C
1590,1658,CC(C)=CCNC(C)C=O
1591,1659,CCCCCCC=CC(=O)C(O)(C)O
1592,1660,CN(C)CCCCCSCNN
1593,1661,CCCCCCCCCC(C)=CCNO
1594,1662,OCCCCCC(C)C(C)CN=O
1595,1663,CCC(CC(O)NCN1CCCCCC)CC1COO
1596,1664,CNCNC(CC)CCCC(C)C(=C)O
1597,1665,CCCCCCCCCC(C)CCC1CCC1C
1598,1666,CCNC(C1=CC(C)CC)CC=CCCC1
1599,1667,CCCCCCC=CCC(C)C(C(C))
1600,1668,CCC1CCCCCCCCCCCCCCCCC1=O
1601,1669,CCCCCCCCCC(C)C(C)OO
1602,1670,CC1CCC(C)C(CC)C(C)C1
1603,1671,CCC1CCC(CCCCC)CC1
1604,1672,CCCCCCCCCC(C)C(C)O
1605,1673,CCCC(=O)CCCCCCC(C)C
1606,1674,CCCCCCCCCCCCC(O)C=O
1607,1675,CCCCCCC2CC(CCC)CCCO2
1608,1676,C=C1CCCCC1
1609,1677,C#CC(CCCCCCCC)CCCCCCC
1610,1678,CCCCCCCCNC(N)O
1611,1679,CCCCCCCCCCCCCCC(CC)C
1612,1680,CC(C)CC(C)(C)C(C)C(C)C
1613,1681,CC(CCCCC)C(C)(C)CC
1614,1682,CCCCC1CCCC1C(C)(CC)O
1615,1683,CCCCCCCCCC(C)C(O)=C
1616,1684,CCCCCCCCCCCCCCCCCOC
1617,1685,CNC(CC)CCCCCCCCC(C)CC
1618,1686,CCCCC(CCCCCC)CCC(N)=O
1619,1687,CN(C)CCCCCCNCCC(C)CC
1620,1688,CC(C)NC(NCCCCC)C=O
1621,1689,CCC1CCCCCCCC2CC2CC(C)N1
1622,1690,C=CC(C)(C)C(CCC(O)OC)C
1623,1691,CC1CCCOC(N)(O)C(C)CC1
1624,1692,CCC1CCCC(CSC)OC(OO)C1O
1625,1693,CCCC1CC1CCC(C)C(C)=O
1626,1694,CCC(CC=CC(C=C)CCCC(C))O
1627,1695,CCCCC(C(N)CCC(C))C(=O)O
1628,1696,C=C(N)C1CCCCCN1C1CCC1
1629,1697,CC(CC)C(=O)OCCCC
1630,1698,NCCC1N(C)C1CNN
1631,1699,C=C(BO)CCC(CC)CCCO
1632,1700,CC1=CCCCN1CCCCCCC1CCC1=O
1633,1701,CCC(C)(C)C(=O)C(C)(C)C
1634,1702,CCCC(CC=CCCCCC)(CC)O
1635,1703,COC1C(CC)CCCCCCCC1(C)O
1636,1705,CC(C)CCCCC(CO)(O)C
1637,1706,CCCCCCCCNCCCCCCCN=O
1638,1707,CCCCCC(C)C(CO)CC(O)CS
1639,1709,CC1CCCC(CC1=CC(C))CO
1640,1710,CCCCC(C)CCC(C)(C)O
1641,1711,CC(CC(NCCCCC(C))CCC)CC=O
1642,1712,CC1CCC(C)C(N)C(N)C(N)C1O
1643,1713,CCC(Cl)CCC(C)C(C)C(O)Cl
1644,1715,CC(CC)CCCCCCCCCC(O)OCO
1645,1717,C=C1CCNCCCCCCCC1C(CO)
1646,1718,CCCCC(CC)CCCC(C)CC(C)O
1647,1719,CC(C)CCCCCCC(C)CCC(C)O
1648,1720,CC(C)CCCCC(C)=O
1649,1721,CCCCCCNCCCCCCNCC1CCC1
1650,1722,CCCCCCC(CC(C)CC)C(CC)O
1651,1723,CC1CCCCCCCCCC(C)CCCC(C)C1
1652,1724,C=C(C)C1CCCCCC1=CO
1653,1725,CC#CCC=O
1654,1726,CCCCC(CCCCOCCC)C(N)=O
1655,1727,CCCCCCCCOO
1656,1728,CC(C)CS(N)(=N)NO
1657,1729,O=C1cc(C(C)CCO)CC1
1658,1730,CCC1CCCCCC1NCN1CCCCC1
1659,1731,CNCCNNCC(N=NCCNC(C)C)C
1660,1732,CCC1CCC(CC)C1C(N)NOO
1661,1734,CCCCCCCCNCNCC(N)CCCO
1662,1735,CCC1CCCCCC(C)C(O)C1O
1663,1736,CC1CCCCC1O
1664,1737,CCCCCCCCCCNCC(C)=O
1665,1738,CCCCNCCCCCOCCCCO
1666,1739,CNCCCCCCNCCCCCNO
1667,1740,CCCCCCCCCCCCCCCC=O
1668,1741,CCCC(CC)CCOCC(C)CO
1669,1743,C=C(O)NCCCC=C(O)CC(O)C
1670,1744,C1CN=C(O)C(CC)CCCC1
1671,1745,CCCCCC(CC=CC(C))CC(=O)NCC=O
1672,1746,CCCN1CCC2C11CC1C(C2)CN
1673,1747,CCCCCC(C)CCCCCCC=O
1674,1748,CC(C)CCC=C(C(C)C(C)=O)
1675,1750,CCC(C)NCCCCC=C1OCC1O
1676,1751,CC(C1CCCC)CC1C(N)N(O)O
1677,1752,CCCC(CCC(S)(N)C(C)C)C
1678,1753,OCC1CC2(CNN(C)CC2)NC1=O
1679,1754,CCCCCCC=CCNC1C(N)C1
1680,1755,CNCCCCNCNCCCCCN
1681,1756,CCCCCCCN1CC=CN(C)CCC1
1682,1757,C#CC(C(C)(C=C)CCC)CCC
1683,1758,C1CC(CC)CCCNCCCCCC1
1684,1759,CN(C)C1CC2NCCC1CC2=O
1685,1760,OCC1CCCC2(CCCC(CO)O2)O1
1686,1761,CC(C)CC(N)C(C)CC
1687,1762,CCCC1(CCN)CC1(CN)C(=O)O
1688,1763,CCCCCCCC
1689,1764,CC(C)(O)CCCC(C)CC
1690,1765,CC(C)CCCCCCCCO
1691,1766,CC(C)CC(=O)
1692,1767,CCCC1CCC(CCCC)C1
1693,1768,CC(CN)C(C)(O)CCC
1694,1769,CCCCCC(C)C(OCC1O)C1O
1695,1770,CCC(CN)CCN1CCCC1=O
1696,1771,CCCCCCCCNC(C)C=O
1697,1772,CCC(C)(C)CC(C)C
1698,1773,CCC(C)CCCC(C)NCC(C)CCC
1699,1774,CCCCCC(O)C(C)C
1700,1775,CC1CC(C#N)CC2CCCCCC2C1=O
1701,1776,CNC(C)SCCCCCCO
1702,1777,CCC1CCC=2C(CCCC2)C(C)C1
1703,1778,CC(CCCCCCCCCC)NCCCCO
1704,1779,CCCCC=CCNCN(C)CCCNCC=O
1705,1780,CN(C)N(C)CCCCN
1706,1781,ClCCCCCN
1707,1782,C1CCCCC=1
1708,1783,CCCCCCC(CC(CCCCC)C)C
1709,1784,CC=CCCC=CC(C)CCC(C)O
1710,1785,CCCCCCCCCC(N)C
1711,1786,CCC1CC2CCCN(C)CCC2NC1=O
1712,1787,CN(CN)C(O)CCCCCCCC(C)O
1713,1788,CCC(O)NC(CC=CCO)CC(C)CO
1714,1789,CCC1CCC2(CCOCC2C)C1
1715,1790,CCCC1CCCCC(C)CNCOCCC1
1716,1791,CC=CC2CCCC1CCC2CCCCC1
1717,1792,CCCCC(CC)CCCCC(C)C
1718,1793,C=CCC(C)CCC1CCC(CC)CCC1
1719,1794,CC(C)CCCCC(C)=NO
1720,1795,CCCCC(C)NC(CCC(C)CC)C
1721,1796,CCCCCC1CCCCCCC1NC=SO
1722,1797,CCCC=CC=CCNCCCCCC(CC)C
1723,1798,CCCCCCCCNO
1724,1799,C1C=CCCC2CCCCCC(C2)C1
1725,1800,CN(C)NNCCCNCC(N)=O
1726,1801,CC(C)CC(C)CONS
1727,1802,CCC1CCCC(N)C1CCCC(C)2CCO2
1728,1803,CCCC(CCCC=CC)CCC
1729,1804,CCCC1CC(CC1CC1)=CCC1
1730,1805,CCCCC(CC)C(=O)O
1731,1806,COCCC(O)C1CCCC1C(C)O
1732,1807,C#CCCCCCCC(C)CCCCCCCCC
1733,1808,CCCCCC(C)C
1734,1810,CN(C)NC1CCCC1
1735,1811,Cc1ncc(C)cc1CC(N)C(=O)O
1736,1812,CCCCCCC1CC(C1CC(C)CC)C
1737,1813,CCCCCCOCCC(C)CC
1738,1814,CCCC(C)CC
1739,1815,CCC1CCC2(CC2CC2)CC21
1740,1816,CC=CCCCCCC(CCC(C)CCC)C
1741,1817,NCC1CNCCCCCNCCC=C1
1742,1818,CCCCCCCC1CCC1=CCCS
1743,1819,CCC1CCC(CC(C2CCCC))C21
1744,1820,CCCCCCCC2C(C2CCCCC)CCC
1745,1821,CCCCCCC(O)(O)C(CO)C(C)=O
1746,1822,CCCCCCC(CC(NN)C(O))
1747,1823,OCCCCCCCCC(OO)CNCNCCC=O
1748,1824,CCCCCCC=C=NO
1749,1826,CCC(C(C)C=C(CC))C(=O)CN
1750,1827,CC1CCC2(CC(O)C(O2)CC)1
1751,1828,OCCCCN(C)CCCNN
1752,1829,CNCCCC(C)C(C)C(C)COO
1753,1830,CNCC1=CCCNCCC(C(C)CC)C1
1754,1831,CCCCCC(C)C(C)=S
1755,1832,CCC1C(CC1CCN)CCC(C)CCCC
1756,1833,CC(C(C)C)(CCCCCCCC=O)O
1757,1834,CC(C)C(CCCCCCCCN)(C(=O)O)
1758,1835,CNCCNNNCCCCCCCC=O
1759,1836,CC(C)CC(CC)C
1760,1837,C1=CCCC=NCCCCC(C)1
1761,1838,C#CCSC(C)C(OC)CCCC
1762,1839,CCCCCC(CCCCCC)C(C)CC=O
1763,1840,CNC(C)NCCCCCNCC(O)S
1764,1841,CCCCC(CO)CCCCCC(C)(C)C
1765,1842,CC=1C=C(CN)NCN=CCNCCC1
1766,1843,CCCCCCCCCC(CC)CCNO
1767,1844,CC(C1CC(C))COCN1CNO
1768,1845,CCC1CC2CCCCC1CC2=CCCCC
1769,1846,CCCCCN(C)CNCC(C)CC
1770,1847,CC(CCCCC=C(CC)C(O))C
1771,1848,CCCC1CC(CC=C)C1O
1772,1849,OCCCCCCC(C1C)CC(=O)C1
1773,1850,C=C(C)CCCCC=CCCN(C)C
1774,1851,CCCCC(CCC)C(CC(S))C(=O)O
1775,1852,CCCCC(CC)C(N)C(O)CCO
1776,1853,CCCNSNCCCC1CCCC1(C)C
1777,1854,C=C(Cl)NCCCCCCC(C)CC=O
1778,1855,CC1CCC(C)C(CC)CC1CCCCC
1779,1856,CC12CCCC2CCC1CCCC(=O)N
1780,1857,CCCCC(CC)CCCCC(N)=S
1781,1858,C#CC(CC(C)C(CCCC))C(C)C
1782,1859,CCCCCC1CCNNNCNCC(O)C1O
1783,1860,C=C1CCCC(CCC2CCCCC2)CO1
1784,1861,CCCCCCCCNC(C)CNC
1785,1862,CC(C)OC(C)CCOC(C)C
1786,1864,CCCCCC(C)CCCCC=N
1787,1865,CC(C(CCCCC(C)C))(C)O
1788,1866,CCC(CCCCC)CCCCCCCC(C)C
1789,1867,CCCC(=CCCCCC)C(C(C)C)C
1790,1868,CCC1NCCC(C1C)CO
1791,1869,CCC(C)NCNC(C)=C(CO)C
1792,1870,CCC(CCCCCCOC1CC(N))C=C1
1793,1871,CCCCCNCCCC1C#CCCC1
1794,1872,OCCC1NC(NN=C2CCCCC2)=N1
1795,1873,CNCC=CCCCC1CCC(CO)CO1
1796,1875,CC=C(C)CCCNN=CCCCC(C)C
1797,1876,CCCC(CCCCCCCCC)=CCCC
1798,1877,CCCCC=CC=CC(CC)C(=O)O
1799,1878,CCCCCCCCCCC(C)CC=O
1800,1879,CCCCCC(C)CCCC=CC=O
1801,1880,CCC(C)CCCCCCOCCCCO
1802,1881,CN(CC=CCNC(C))CC
1803,1882,CCCCCCC(CC(C)CCCCCCC(C))
1804,1883,CCCCCCCCCCCC1CC(C)C1
1805,1884,CCCCSC(C)C(C)CCCCC
1806,1885,CCCCCCCC(C)CCC1CCO1
1807,1886,CC1CCCCCNC(C)CCCC1OC=O
1808,1887,CCCCCCCCCCC=O
1809,1888,CCC(C)NCCCCCCOCC
1810,1889,NCCCCCC1CCCCC1=S
1811,1890,CCC1CCCC(C(C)C(C)C)C1
1812,1891,CCCCCCCC=C(C)
1813,1892,CCCC1CC(COCC(C)C)C(O)C1
1814,1893,CC1CCCCCCCC(CC(C)C)C1C
1815,1894,CCC1CNCCCC3C(C)C(C)CC1=3
1816,1896,CCCCC(=O)C(C)CC(C)CC=O
1817,1897,CSCCCCCCOCC(C)C(O)CCCC
1818,1898,CCCCCCCC(CCCCCCCC)C
1819,1899,CN(C)CCOCCC
1820,1900,OCC1CCC(CCCC2CCCCC2)CN1
1821,1901,CN(C)CCCCC(CC#C)CO
1822,1902,C1CCCCCC1
1823,1903,CCC(C)C1CCCC=CC(C)CC1
1824,1905,CC(C)CCC(CCC(C)C)=NN
1825,1906,CCCCCCCCCCCCOCCCC(C)O
1826,1907,CNC(C)CC1NC1=CCCC(C)(C)C
1827,1908,CC(CCN1CCCNC1)CC=O
1828,1909,CC(CC(CO)C(O)CCC(C)C)O
1829,1910,CCC1CCC2CCCCCCC(C2)N1
1830,1911,CC(C)(CC)CCCCCCC(C)C
1831,1912,CCC(O)C1CCCCCC1C(C)C
1832,1913,CC(C)CCCCCNC1=CCCS1
1833,1914,C#CCCCCCCCCCCCC(C)CC
1834,1915,C1CCCCCCCCCC1C(C)O
1835,1917,CCCCCCCC=C(C)C
1836,1918,CCCCCCCC(CCCCCCCCC)C(C)=O
1837,1919,CCCCCCCCCC(O)CCC=O
1838,1920,CCCC1CCC(CCOCOOO)CCC1
1839,1921,CC(O)CCCCC
1840,1922,CCCCCCCCNCCCCCC
1841,1923,C#CCCCNC(C)CCCCCN
1842,1924,CCCCCC1CCCCCCCCC(C)N1
1843,1925,CCCCCCC1CC(CCC)C(C)C1
1844,1926,CCCC(CCC)CCCCCC(C)CC=O
1845,1927,CC1CCCCCCCCC1C(N)C(=O)O
1846,1928,CC(C)CC(C)C(C)CC
1847,1929,CCCCCCCCNCCCCNOO
1848,1930,O=C1C=CC1CCCCCCCC(C)CC
1849,1931,CCCCCCCOCC1C(C1CO)C
1850,1932,OCC1CCC=CC(N2CC2C)CC1
1851,1933,CCC1CCCC(CCCCC(C)C)C1
1852,1934,CCCCCCC=CCCCCC(N)=O
1853,1935,CCCCC=CCCCC(CCC)CCCCC=O
1854,1936,CCC=CCCC
1855,1937,CCC1CCCC(CCC(N)CC)C1
1856,1938,CCCCCCCC(CN)C
1857,1939,CCCC(CCC)CCCCCCC(N)O
1858,1940,CCCCCCCCCC(C)CC
1859,1941,CCCCCC(O)C(C)CCC(C)CO
1860,1942,CCCCCCCCCCC(C)C(C)C=O
1861,1943,CCCCSC(C2CCCC)CCC2CCCCO
1862,1944,CCC(CN1C=C(C1)NC(=O)OO)
1863,1945,CCCCCCCCCC(C)CCO
1864,1946,CCCCSCCC=C(CCC)CCC(O)O
1865,1947,C#CCC(C)CCCCCCCCCC
1866,1948,CCC(CCC=CCCCCCCO)O
1867,1949,CNC1CCCC2CC(NCCCC2)CC1
1868,1950,CC1CCCCCCC(C)CC1
1869,1951,CCCCCC(NCCNNNCCCCC)CCCCCC
1870,1952,C=C(N)NCCCCCNCCC(O)O
1871,1953,C#CCOC(C)=C=C=CCC=C(C)C
1872,1954,CCCCC(CC)C(C)CCC(O)CCO
1873,1955,CCCCCCCC(CCC(C)(C))C
1874,1956,CCCCC(C)C(CC)OO
1875,1957,CC(C)CCCNC(C)N=O
1876,1958,CC1CCCC(OC(C))C(O)C1CO
1877,1959,CCCC(C)CCCNC(CN)=O
1878,1960,CC1CC1(CC(C)=CC)C(F)(C)CO
1879,1961,C1CN=C(CC)C(C)C(C)CC1
1880,1962,CCCCOCCCCCCCCNC
1881,1963,CCCCCNCCNCCCCC(C)N
1882,1964,NCCCCC(C)CCCCCC
1883,1965,CCCCCCCC2C(C2)CC(C)(C)C
1884,1966,OCC1OCC(O)C(C)(C)C1O
1885,1967,CCC(CCN1CCCC1CC(N))O
1886,1968,O=C(N)NCCCNCC(N)O
1887,1969,CCCCC(CC)C(CC)(C)C=O
1888,1970,CCCCC(CC)C(CCC(C)C)C
1889,1971,CC(CCCNC1CCCCCCO)C1CCO
1890,1972,CCC1Sc(CCC1CC)CCC1CCCC1
1891,1973,CCCCCCCCCCC(C)CO
1892,1974,CCCCCCC=CC(C)(N)C(=O)O
1893,1975,CCCC(CC)NCCCC2CCCCC2
1894,1976,CN(C)CC(O)NCCCNOC(=N)O
1895,1977,CCSCC=C=CO
1896,1978,CC(CC=C(N)CCCCCC)C(C)
1897,1979,CCCCCC(C1CCCCCC)C1
1898,1980,CCC1SCC=CC(CCCC)CCCC1O
1899,1981,CCCCC1CCCC1CC=NO
1900,1982,NCCCCCC(C)CN
1901,1983,CCCCCCCCNCN2CC2C=CCC=O
1902,1984,CCCCCC1CC1CCCCC(O)=O
1903,1986,C=C1SC2(CCN(C)CC2)NC1=O
1904,1987,ONCCCCCCC2CC1(CC)C2CCC1
1905,1988,CCCCCCC(CC(C)CC(C))C
1906,1989,CCCCCCC=CC(C)CNO
1907,1990,CCCCCC(CCCCCCCCCC)
1908,1991,CC(C)CC(N)CCCCCNNN=O
1909,1992,C#CCCCCCNCCCCCNCC(=O)O
1910,1993,CCCCCCNCNC(C)C(C)C
1911,1994,CCCCCNN=CCNCNC(C)=CO
1912,1996,CCCCCCC=CC(C)CC(C)CC
1913,1997,CCC1CCC(CC1O)C(C)(C)O
1914,1998,CCCCCCCC2C(C2)CCC(=O)N
1915,2000,CCCCCC(C)CNCC(CO)C
1916,2001,CN(C)CCCC(CCNCCN)NNO
1917,2002,CCCCCCCCCOCC(N)CCCCC
1918,2003,CC(N1CC1CC(C)C)C(=O)O
1919,2005,CCCCCCCCCC(C)CCC(C)=CC
1920,2006,C=C(C)CCC(C)1C=C(CC)CCC1
1921,2007,CC1CCCCCCC2CCC1C(C2C)CC
1922,2008,CCc1ccc(C(N)C(C)CO)CC1
1923,2009,CC(N)CCCC1CC=CC(C)(N)N1
1924,2010,CCN(C)CCCCCCC
1925,2012,CCC(C)C(C)C(C)C(C)(C)C
1926,2013,CCCCCCCCCCC=CC#N
1927,2014,C#CCC(C)CCCCNCCCCCCC
1928,2015,CCC(C)CCCCCCCCCCC
1929,2017,O=C(C)C(C)C(C(C))C(=O)O
1930,2019,OCCC(CCCCCCC)CCCC(CC)C
1931,2020,C=C(C)NCC=CCCC(C)C
1932,2021,CCCC(CC)CCCCCCC(O)CC=O
1933,2022,N=C1CCC2CC(O)C1CCCO2
1934,2024,CNC(C#CC1CC1CC1CC)CC1
1935,2025,CCCCCCCCCCCCCS
1936,2026,CCCC(CCCCC(C))CCNO
1937,2027,CCCCC(C#N)=C2NCC=CN2CC=O
1938,2028,C=C(C)CCCCCC(CC(C))
1939,2029,O=C(C)CCCCCCCCCC=O
1940,2030,CCCCCCCCCCCCCCCN
1941,2031,COC(N)C(O)C(N)NC(C)C
1942,2032,CN(C)CCCNCCCCC=O
1943,2033,CC1Ccc(N)c(C2c(C)C2C)c1
1944,2034,ONCCCCCCOCCCNN
1945,2035,COC(C)(C)CCCC(C)(C)O
1946,2036,NC(C)CC1CCC(CC(C))C(C)CC1
1947,2037,CCCC1CCC2CCC1C2NCCCO
1948,2038,CC(C)C(O)C(O)C(OC)C(=O)O
1949,2039,C#CCCCOCNCCC=CCN
1950,2040,CCCCCCCC(C(O)C1CCC)C1
1951,2042,CCC(CCCCCCCCC)CC
1952,2043,CCCCC(NC)CCC(C)CCC=CCC
1953,2044,CCC(CCCCC)CCCCN(C)CN=N
1954,2045,CCCCCCC2CC(CC)C2CCCC
1955,2046,CCCCCNC1CCNCCCC1=O
1956,2047,C=CCC(=O)C(N)(N)CC(C)C
1957,2049,OCCCCCC=CC=CNCC(CC)C
1958,2050,CC1CC(CC)C(CO)C(C)CC1
1959,2051,CCN(CCCCNCCC(C))CCCCCC
1960,2053,CCCCCC(C)C(OCC(C)O)CO
1961,2054,CC(C)NCCCC=CNCCC
1962,2055,C=CC(CO)NC(C)=O
1963,2057,CC(C)C(C)CNCCN
1964,2059,CCCCC(C)CCCCCCCCCC(C)CC
1965,2060,CCC(C)(C)CCCCCCC(C)O
1966,2061,CCCCC(=O)C(C(C)C(O)O)C
1967,2062,CCC1CCCC(CC(C)CCC)CC1
1968,2063,NCCCCCCCCC1CCCCO1
1969,2064,CCC(C)C(F)(O)CCCCO
1970,2065,OC(CC=CCCCCO)CC(O)CCSSO
1971,2066,CCCCCCCCCCCCC(C)CCCCCO
1972,2067,CCNC(N)CCCNC(N)C=O
1973,2068,COCNCCCNN1CNCC(C)C=C1
1974,2069,CCC1CCC2CC2CCCCC(C)CCC1
1975,2070,CCC1NCC(N)(C2CCC2)CC1O
1976,2071,CCCC(CCCCCCCC)(C)O
1977,2072,C=C(C)N(C)CNCCCC
1978,2073,CCCCC(CCN)CC#CCCCC(C)N
1979,2074,CC=CCNCC(CSC1NCCC)CC=S1
1980,2075,NN(C1CCCCC)C1CCC(C)N=O
1981,2076,CCCCCCCCC=C=O
1982,2077,CN(C)CCCC2CCSCC2
1983,2078,CCCCCCCC=C(CC)C
1984,2079,CCCCCCCC(CCC)C(N)O
1985,2080,CCC(C)(CCC=CCC)C(C)C
1986,2081,CCCC(CO)CCCCCS
1987,2082,CC(C)(CC)CCCCC(N)=O
1988,2083,CCC(C)CO
1989,2084,CC(C)CN=C=S
1990,2085,NCCCCN1CCC(C1)CCOO
1991,2086,CCCCCC(C)C(C)C(C)CCO
1992,2087,CCCCCCC(CCCCC(C))C
1993,2088,CCCCCCCCCCNCCCCCCCCCCC
1994,2089,CC1CCCC(CC1CCC(C2))C2O
1995,2090,CCCCCCCCCCN=C(CN)OSO
1996,2091,CCCCCCOCC=N
1997,2092,COC(CC)CCCCCCNC(C)CC
1998,2093,CCCC(CCC)C(C)CCCC
1999,2095,C=CCC(C)CCCCCNCN(C)N
2000,2096,CCCCCCC=CCNCC1CCC1=O
2001,2097,CCCCC=CCCC(C)C(O)CC
2002,2098,CN1CCCC(C=CC(C)(CS))CC1
2003,2099,CCCNC(NO)CCCCNNCC(=O)O
2004,2100,O=CCC=CCCC(C)C(O)CCO
2005,2101,CCC1CCCC2CCCCCC2=CCC1
2006,2102,CN(C)CC1CCNC1CN=CO
2007,2103,CC(CC=CCCC(N)CC)CO
2008,2105,CCCCC1CCCN1N1C=CCCC1
2009,2106,CCC(CCCCCCCC)CC(=O)OO
2010,2107,CCC=CCCCC
2011,2108,CCCCCCCC(C)(C)CO
2012,2109,CCCCCCCCCCCCCO
2013,2111,CCCCC1CCCCCC1CC(C2)C2C
2014,2112,CCCCCCC=CCNC1CCCCO1
2015,2113,CNC1CC2CCCCC(C2)C1
2016,2114,CCC1CC2=NC(CO)C2CC1=O
2017,2116,CCCCC=C=CCNCCCC(CC)C
2018,2117,NCC1CCCCCCCCC1C=O
2019,2118,CCCCC(CCCCNCC(C)C)OC=O
2020,2119,CC(C)CN(C)C(O)COC(CC)CO
2021,2120,N=C(C)CCCC=C(C)C(C)CSO
2022,2121,NCCCCNCCCCNCCC#N
2023,2122,CC(C)C(C)C(Cl)(C)C
2024,2123,CNCCC=CCCC(CC)CCCC(C)C
2025,2124,CCCCNCCC(CO)CCCC=O
2026,2125,CCC=C=C=C
2027,2126,CCC1CC2CCC(CCCCC2)CCCC1
2028,2127,CC(N)(C#N)N1CCCN(C)N1
2029,2128,CNCC1CCC(C1NNC1N)C1
2030,2129,CCCC1CC1CC(N)C(N)OO
2031,2130,CC1CCCC(CC(O)C1CCC)C
2032,2131,CCCCCCNCCC(C)CCC(C)O
2033,2132,CC(C)CCCCC(C(C))CC(O)ON
2034,2133,CC(C)CC(CN)C(O)C(C)C
2035,2134,CCC1CCC=CC1C(C)=CCOO
2036,2136,CCCCCCCCCCCCCC=O
2037,2137,CCC1CCCC2CCCCC2NCOC1
2038,2138,CCC(C)CCNCCCNS
2039,2139,CC1CCC(O)C(C)NCC1O
2040,2140,CCC1C=C(C1CC1(CCCC)CC)1
2041,2141,CCC(N)C(N)CCCCCCC(=O)O
2042,2142,CCCCCCCCCCCCCC#C
2043,2143,C=CC(C)CCC(C)(CC)O
2044,2144,CCCCN(C)CCCCCCCCS
2045,2145,CNCCC(CC)CCCCCCC(C)CC
2046,2146,CC1(C=NNC=CCCCC)CCC(CO)C1
2047,2148,O=C1C=CCCNCCCCCCCCCCCC1
2048,2149,CCCC1CCCCCCN1CCC(N)O
2049,2150,CCCCC=C=CO
2050,2151,CC(C(CCC(C)C(Cl)C)O)OC
2051,2152,CNCCCCNC1CCCCC2CC1C2
2052,2153,CC1CCCC(C)(CO)C(C)CCNC1
2053,2154,CC(C)CC(N)C(C)N
2054,2155,CCCCC(C)C
2055,2156,CCCC1CCCCC(=O)S1
2056,2157,CC(CCCNCC(O)(C)CCC(=CNO))O
2057,2158,CCC1CCC=CC(CCCC(C))C1O
2058,2159,CCCCC(=O)CCCCCCC(C)C
2059,2160,CC1CCCC=CC(C1)CO
2060,2161,CCC1CCNCC(O)(O)C(C)C1O
2061,2162,CCCCCC(C)C(O)C(F)C(F)C
2062,2163,O=C(N)N=CC1CCCCOCCCC1O
2063,2164,CN(C)NCCCC(C)C
2064,2165,CCCCCCNCOC(O)C(O)CCO
2065,2166,CCCCCCC(CC(=O)C)CC(O)F
2066,2167,CCCCC1C(N)C(C)C(CN)C1C
2067,2168,CC(C)CCC
2068,2169,CC1C(CCOCCCO)C(O)C1O
2069,2170,CCC(C(C1CC1C)C1C)C1B
2070,2171,CC1CCCCCC1N
2071,2172,S=C(O)CCCCCC(C)(S)S
2072,2173,C=C(C)C1CC(C1C(C)CC)C
2073,2175,CN(NN)CCCC(CCCC(O))C
2074,2176,CCC1CCC=CCCCCCC(C)C1
2075,2177,CCCC(C)CCC=CCCC=SO
2076,2178,CCOC(=O)CCCCSCCNC(=O)O
2077,2179,CCCCCCC=CC(C)CCCCCCC=O
2078,2180,CC1cc(C)cc(N2CC2CCC)CC1
2079,2181,CCCCCCCCCC(C)=S
2080,2182,CCCC1CC=CC(N)C(=O)C1
2081,2183,CCS=CCCCCCNCCNCOCO
2082,2184,CCCC1CC=NCCC1C(N)O
2083,2185,CCC(C)(O)CCC(C)C
2084,2186,SCc1CCCCO1
2085,2187,CC(C)CC(NC(CC))CCCN
2086,2188,CCCCCCC1CCCC1C(C)O
2087,2189,CC=CCCCC2CCCCC2CCCCCCO
2088,2190,CCCCCCCCOCCO
2089,2191,CCCCNCCCNCCCCCNCC(=C)N
2090,2192,CCCCCCC=NC(CO)C(=O)O
2091,2193,CNC(C)CCCCCCCCCC(C)N=C
2092,2194,NCC1CCCCC(C)C1
2093,2195,CCC(C)CCOC(C)C(C)C
2094,2196,CC(CC1CC(C)CNC=CC)CCCCCC1
2095,2197,OOC(CCCCN)=C1CC1CC1CCC1
2096,2198,C=CC(=O)OCC(C)C(C)C
2097,2199,CCCCCCCCNCCCCC=C
2098,2200,NCCCCCC=CC
2099,2201,C=C(C)N(O)CCCCCCCCCCCCCC
2100,2202,CCCCCCNCCN(CCC)CCCO
2101,2204,CC=CC=C=CCNNCC(C)CCO
2102,2205,CNC(C=C(C)CCCCN(C)CC)C
2103,2207,CCCCCCCCCC1C(C)=C1CO
2104,2208,CC(C)(C)CCCCCCC1C(=O)C1
2105,2209,CC(CC=C=NCNCCO)CCO
2106,2210,CCCC1CCC(CCCCC)NCC1
2107,2211,CCC(N)NCCC(C)C(C)=O
2108,2212,CC(C)OC(C)CC1CCCC1
2109,2213,CCC(CCN1CCC(CCCN)CCC)C1
2110,2214,CCCCCCCC(CCCCC1)CC1O
2111,2215,O=C(C)CCCC=C(C)CCCCC(C)
2112,2216,CC1CC(C=C)C=CCCC1CCC
2113,2217,CCC1CC=CNC(CCC)C1
2114,2218,CCC1CCC2(CCCCCCCC)CC2C1
2115,2219,O=C(C)CCCC=CCC=O
2116,2221,CCCC(CC=CC(CCCC)CC)O
2117,2222,CCC1CC(CCC(C)CC(C))C1O
2118,2223,CC(C)(CC)CCCCCCCC
2119,2224,C1CCCCC=2CCCCCC2CCC1
2120,2225,CCC1CC2CCCCC1CC2(C)O
2121,2226,CC(C1CCCCCCCCC2CCN2)CC1
2122,2227,CCCCCCCC(C)CCC
2123,2228,CC=CCCC=CCCCCCCCCC
2124,2229,CC(C)CC2CC(CCC12)C1O
2125,2231,CCCCC(CC)CCCCCCC(C)
2126,2232,CN(C)CCCCCCCCO
2127,2233,CC1CCCCCC1
2128,2234,CCCCCCC(C)CC1CCC(C)C1
2129,2235,CCCCCCCCCCC=CC(C)OS
2130,2236,CCCCNC(=O)N(CCCC)C=O
2131,2237,CCc1cc(O)cc(NCCc1O)C(C)CO
2132,2238,CC(CNCNCC(C)N)CC(C)C
2133,2239,CNCCCCCCCCCC(C)CCO
2134,2240,CCCCC1CC(CC)C(O)C(C)C1
2135,2242,CC(C)NCCCC(C)CC(C)(C)C
2136,2243,CCCCCCCC(C)CNCCC
2137,2244,CN(CC(C)C=CCN(CC(C))C)CO
2138,2245,CCC1CCCC(C)CNC(=O)CC1
2139,2247,CNC(N)CCCC=C(C)N
2140,2248,CCCCCCCCCCCCCCCCC
2141,2249,CCCCCCC(C)C(C)(C)C(=O)O
2142,2250,CC1(C(N)CCO)NC#CC(CC(Cl)C1)C
2143,2251,CC1CCC(C)=NCCC(CC)C1
2144,2252,CC1CCCCC(CCSCCCCCCO)(O)S1
2145,2253,CCC(CCCCCCC=C(C)CCOC)CO
2146,2255,CCC(C)CCCO
2147,2256,CNCCCC(C)CNNCC(N)COO
2148,2257,CCCC(O)CCC(O)C(O)CCO
2149,2258,CC(CNCCCCCNC)CCC(=O)O
2150,2259,CCC(CCCCCC1NCCCCN)CC1
2151,2260,CCCCCCC(CC=CCC)O
2152,2261,NCCC1CCCCC1CCCCO
2153,2262,CC1CCC2CCC1C2CCCCC(C)=O
2154,2263,CCCCCCOCCCCCCCCO
2155,2264,CCCCCCCCCCC(N)CS
2156,2265,CCCCCC2=CCC(CCC2CC)C
2157,2266,CCC1(C)CCCCCCCCOC1=O
2158,2267,CC1CC(CN)C(O)C(OC)CC1C
2159,2268,C=C(N)N1CCCCCCC1(N)N
2160,2269,CCCCCCCCCC1CNC1CCCN
2161,2270,CCCCCCCCCCCCC=C=S
2162,2271,CCCCCCC(CCC)NO
2163,2272,CCCCCCCCNC(CC2)OCC2
2164,2273,CCCC1CCC(CC)CC1
2165,2274,C1CCCCCCNCCC=CCO1
2166,2275,C[SH](CC)C(CC)C1CCC1=O
2167,2276,CCCCCCC=CC1CC1C1CCC1
2168,2277,CC1=CCCCCCNCC2CC21CCCO
2169,2278,CCCC1CC(O)C(O)C(O)CC1O
2170,2279,CNCCCCCCCCNCCCCO
2171,2280,CCCCCCCCC(=O)O
2172,2281,CC(C)CCCC(C)C
2173,2282,CCC(CO)1C(CC1CC(C)=O)O
2174,2283,CC(C)CC=CCCC1CC(O)CO1
2175,2284,CNCCCCCCCO
2176,2285,CN(C)CNCCCNC(C)C(O)CO
2177,2286,CCCCCCC(CCCC)C(=O)O
2178,2287,C#CCCCCOCC
2179,2288,CCCC(CC1CCC(CC)C(Cl)C)1O
2180,2290,CCCC(CCC(C)C)CCC(C)C(C)C
2181,2291,CCCCCCCCCCCCCC(CNCC)C
2182,2292,CCC1CCC(C)CC(C)(CC)CCS1
2183,2293,CCCCCC(C)C1C=C1NC=C
2184,2294,CCC1CCCC(CNCCCCCCC)CC1
2185,2295,CNC1CC(C)=CC(C)(O)C1
2186,2296,C=C1CCCC(N)C2NCCCC2N=S1
2187,2297,CC1CCCCC1NC(CO)=CO
2188,2298,COCC(=S)CCC#CCN2CCCCC2C
2189,2299,CCCCCC(CCCNC)CCC(C)CO
2190,2300,OCC1(C)CC=C=C1CO
2191,2301,CC1CCCNC(OS(O)CCO)CCC1O
2192,2302,CCCCC(NN)CC1CCCCCCCC1
2193,2303,CCCCCCCC=CCC(C)CCO
2194,2304,CCN(C)CCCCNC1CNNCN1
2195,2305,CCC1C2(CCNCCCC1)CC2C(C)CO
2196,2306,CCCNC1CCCCCC1CCCCN(C)C
2197,2307,CC1CCCC(C1CNCCCCCC)CCC
2198,2308,CCCCC(C)CCCCCCCCCC=O
2199,2309,CCC(C)NCCNCCCCC1CC1
2200,2310,CCCCCCCC(CCC2CC(C)CC)C2
2201,2311,CCC1CCC=CC(CCC1(C))C
2202,2312,CCCC(C)CCCNCCCCOCCCO
2203,2313,CC1CC2CCCCCC2C=CCC1O
2204,2314,C=C(C)NCCCNCNCC(N)C
2205,2315,CCCC(C)CCC(O)(CO)C(F)C
2206,2316,CCCCCC(C(CC=C)CCC)CC=C
2207,2317,ClC(C(CCCCCC)CC(C))O
2208,2318,CCC1CCCCCNC2CN2C2C1C2CO
2209,2320,CCCC(CCCCCCCCCC)CC(C)C
2210,2321,CCCCCCCCCC1CCCCCCCCC1O
2211,2322,CC(C)(C)CCC
2212,2324,CCCCC(C)CCCC(C)CC
2213,2325,CCC=CC2CCCNCCCC2CCCCC=O
2214,2326,NCCCCCCC1CCCC1CC(C)O
2215,2327,CCCCCCCCSCCO
2216,2328,CCCCCCCC(CCCCCCC)C(O)C
2217,2329,CC12CCC(C)CCCCC(C)CC2C1
2218,2330,OCCCNNC2CC(O)C2C(C)C
2219,2331,CCC1CCCC2CCCCCC2CCCC1
2220,2332,CCCC(CCCOCC=CCC(C)CC)C
2221,2333,CCC(N)NCCCCCNCC1CC1
2222,2334,CCCNN1C(N)CC1CNCC(O)ON
2223,2335,C=C(C)C1CCC(N)(O)C(O)C1
2224,2336,CCCCC=CCNN=C2CCNCC2CCC
2225,2337,CC1CNCC(CC(CO)C(O)C)CC1
2226,2338,CCCC2CC2CCNCC#CCCC
2227,2339,CCCCNCCCNC(C)CCCCO
2228,2340,CCCCCCCC(CS)CCC=O
2229,2341,CCCCCCCCCC(=O)C(F)(F)F
2230,2342,CCCCC(CC)C(C)C(C)O
2231,2343,C=C(CC)CCCCCC=C(CC)S
2232,2344,CCC(C)CCCCNCCC(NC)CO
2233,2345,CCCCCCC=CCCCOCOCC(O)C
2234,2346,CCCCCCC(CCCC(C)C(C)C)
2235,2347,CCC1CC2CCCCCCCCC2C1
2236,2348,CC(CNC(O))C1CC1CCC(C)O
2237,2349,COCC(C)C(O)C(C)C(C)Cl
2238,2350,CCCC1CC(C(C)CO)C(N)C1CO
2239,2351,CCCCCCCCOCCCOO
2240,2352,CCCCCCCCCC(C)CCC=CCC=O
2241,2353,C=CC=C(O)OCCC1CC1CC(C)C
2242,2354,CCC1CCCCCCCCCCNCCC1
2243,2355,CC(C)=C=NCCC#N
2244,2357,CC1CCCCC1
2245,2358,CCCC=CC(C(C(C)CC)O)C(O)O
2246,2360,CCCCCCCC(CCC)C=C
2247,2361,CCC1CCC2CCCCCC(CC2)C1
2248,2362,CCCCC(CC)CC(C)(O)C
2249,2363,CC1=CCCCCC#CCOCCC1
2250,2364,NNCC1CCC(C1C1CNC)1
2251,2365,CCC(ONN=C)CCCCCCC(=O)O
2252,2366,CCC1CCCCCCCC(C)C1=C1CC1
2253,2367,CCCCNCCONC=CCC
2254,2368,CCCCCCCCCC(C)(O)NC
2255,2369,CC1CCOC1CCCCCCC(C)SO
2256,2370,CCNCC(O)CCCNCCNCCCCCC
2257,2371,CC1CCC(C)CCOCC1COCOO
2258,2372,CCN=C(CCN)C2CNCCCCCCC2
2259,2373,CC1CCCC(OC(C))C(C)C1O
2260,2374,CC1CCCCCC1CCCC(C)C(C)C
2261,2375,C=C(C)CCCC(C)CC(C)CS=O
2262,2376,C=CC(C)CCCC(C)(C)C
2263,2377,CCNCNCCCOCCCC=NO
2264,2379,CCCCCCCCNC(C)CCN
2265,2380,CCCCCCC=CCCC(C)CCCCC
2266,2381,CCCCCCCCCCCNCCCC(C)C
2267,2382,CCCC(CC(OO)CCNCC1C)CC1=O
2268,2383,CCCCC#CCC1CCCCCC1CCCCC
2269,2385,CCC1CC2(CN2NCC2CCC2C)N1
2270,2386,CCCCCCN(CC(N))C(O)CC=O
2271,2387,C=C1CC2C(N)N=NCNCC(C2C)C1
2272,2388,CCCCCCC=CC=S
2273,2389,CNCCCC(C)COCCC(O)CC
2274,2391,CCCCCCCCCCCCCCCCCO
2275,2392,OCC1CCC2NC(CCC12CC)O
2276,2393,CC=CCCC=CCNCCCCC
2277,2394,CCCCCC(C)CCC(N)C(O)Cl
2278,2396,CC(C(C)=CC(C)CNC(C)C)C
2279,2397,CCCCCCCNN2C1CCCCCCCC12
2280,2398,CCCCCCCCNC2CCC2CCO
2281,2399,CCCCSCCCCCCCCC(C)CO
2282,2400,CCCCCC=C(C)CCCCO
2283,2401,CCSCCCCCCO
2284,2402,CCC(CCCCCC(=O)C(C))C(O)C
2285,2403,CCC(C)CCC1CCCCC(C)(C)C1
2286,2404,CC=C(C)CCCCCCCC(CC)C
2287,2405,CC(C)CN1CCCC(C)CC1=O
2288,2406,CCN1CCC(C)cCCCC(CC)C1
2289,2408,CCCCC(C)CCC(C)CCCCC=O
2290,2409,CCCCCC=CNO
2291,2410,CCNC(CCC=CC(C))CCC(CC)C
2292,2411,CCCCCCCC(CCCCC1N)C1O
2293,2413,CC(C=CCNN(=O)=CNNC)CC(=O)O
2294,2414,CCCCCCCCNCCCC=S
2295,2415,CCCCCC(C)=NO
2296,2416,CCCCCCCCCC(CCC)OCO
2297,2417,C=C(C)CCCCCCCC#N
2298,2419,CCCCCCCCCCCCCCCC(CC)C
2299,2420,CNCCC(CCC)N(CCCC)C(C)=O
2300,2421,CC(CC=C=NC(C)CC(N))C
2301,2422,CC1CCCC(O)1C(O)C(O)O
2302,2423,CCCC1CCCCN1
2303,2424,CCCCNC(C)CC(CCC(CC)C)
2304,2425,CCCCCCCCCCCCCCCN=O
2305,2426,CCCCC(C)(CCO)NCCCCCCCC
2306,2427,CN(N)CCCCNCC=CC(O)CC=C
2307,2428,N=C(C)CC1CCC(CC)CCCC1CCC
2308,2429,CCCC(CCC)C(C)C(C)C
2309,2430,CC(C)NNCCCCCNCCC(N)OO
2310,2431,CC1CCCC(CC(C)CCCCCCO)N1
2311,2432,CCC(CCNCCCCCC)=O
2312,2433,CC1CCC(C)CCCCC1CCCO
2313,2434,CC(N)CC1CC2CCC(CC)CC2C1
2314,2435,O=C(C)CCCCCC=CN(CC)CCC
2315,2436,CCCCCCCCCCC(CN(C)C)CCO
2316,2437,CCCCCNCCCC=CCCCC
2317,2438,CCCCCCCCC(CCCC)C
2318,2439,C=CC(=C)CCC(C)(C)C
2319,2440,CCCCCNC1C=CCCC(C)C(O)C1
2320,2441,C=C(CC)CCCCCCC(N)OC
2321,2442,CC(CCC1=CC(C))C(CO)C1O
2322,2443,CNC(C)OCCCCCCN(C)N
2323,2444,CCCCCCN=CC(CCCC(C))CCCC
2324,2445,CCCCCCC=CCCC1CC1CN
2325,2446,C#CCN(C)C(CC)CCCCCCC
2326,2447,CC(CC=CCCCCCC(CN)C)(C)CS
2327,2448,CCCCCC1CCCCCCCC(O)CS1
2328,2449,CCCCOCC(N)C(O)C(O)C(=O)C
2329,2450,CC1CCCC1CC(CNN)C(=O)O
2330,2451,CCCC1CCCCCCNCCCNNCCC1
2331,2452,CC1CCC(CNC)CCCC1
2332,2453,CC(C1CCCCCCCC)CCC(=O)C1
2333,2454,CCC1CCCCCC(C1CC)NO
2334,2455,CCC1CCC2(CCC1CC2NC)C
2335,2456,CCC1OCC(O)C(O)C(O)C1
2336,2457,OCC(C)(OCC(C)CO)CO
2337,2458,CCCC1CCC(CCC(C)N)C1
2338,2459,CCCCCCCCCC1CCNCO1
2339,2460,CCCCCCC(CC(CC)C)C(C)C
2340,2461,CCCCCCCCCCCCCCCC(O)=CCO
2341,2462,CCC(C)C(C)CO
2342,2463,CCCCCCNCN=CCCC(C)O
2343,2464,CC1=CCC=NCNCCC1CCCC
2344,2466,CCCOCCNCCCCS
2345,2467,CCCCCC1CCCCC1C(N)CCO
2346,2468,CCC(C)CCC=CCCC
2347,2469,C=CCC(CCCCCCCCCC(C)C)CC
2348,2470,CCCCCCCCCC(C)(C)C
2349,2471,NCCCCCOCCCCCCCOO
2350,2472,CCC(C)OCCCC=SCCO
2351,2474,CCCC(CCC)CCCCC(C)CO
2352,2475,CCCCCC(C)C=CNNNO
2353,2476,CC1CC(CC#N)(O)C(C)CCC1=O
2354,2477,CC(C)(C)NC(=O)CO
2355,2478,CCCCCCC=CC(C1CC(O))C1
2356,2479,CCCCCCCCCC(C)C(O)O
2357,2480,CCCCCC(B)C(C#C)CO
2358,2481,CCC1CCCCC(CCCCCCCCC)CCO1
2359,2482,CCCC1CCC(C(C1C)C)O
2360,2483,CCCCC(CCCCCCCC)C(C)=O
2361,2484,CCC1=C(CC)C(CCC(C)CC)S1
2362,2485,CCCCC1CCC(CNCC(C1)CC)C
2363,2486,CCC1CN(CC)C(C)C1
2364,2487,CCCCC=CCCC=CCCCNCC(C)=O
2365,2488,CCCCCCC(CC(N)(F)CC)C
2366,2489,CCOCCNCC2C1CCC22CCC2Cn1
2367,2490,C#CC(CCC)CCCCCCC(C)C
2368,2491,CCCCC(CCCC(C))CP(=O)O
2369,2492,CCCCCCCCCC(C1CC1)CCO
2370,2493,CC1CCC(C#N)C(NNN(C)CN)NN1
2371,2494,CCCC1CCCCCCCCN1
2372,2495,CCCCNCCCCCNNCCCCCC
2373,2496,CCCCCCCCCC(C)NCC(=O)O
2374,2497,CCCCCCC(CC(CC)C)CCCCO
2375,2498,CC1CCCCNNNCC2NCCCCN2C1=O
2376,2499,OCC(N)NCCCCCNCCC(=O)O
2377,2501,CCCCC(CC)C(CCCCC#C)CC
2378,2502,CCCCCC(C)C(O)C(O)CO
2379,2503,CC1CNC(C2CC)1CCC(CC)C2C
2380,2504,CN(C)CC(C)CC1CN1(N)=O
2381,2505,CCCCCCC=CC(CCCC)(C)C
2382,2506,CCCCC(C(C)C(C(C)C)OC)C
2383,2507,CC=CCC(C)(CNCCCC1)CCC1
2384,2508,CC(CSCC(N)C=CC(C)C)C
2385,2509,C=Cc1cc(O)cCC=CCC(=O)O1
2386,2510,CCCCCCCCCNNS
2387,2511,CCCCCCCCCC(CCCC(C)C)(C)O
2388,2513,OCC(C)CCCCCC(N)C(=O)O
2389,2514,C#CCCCCCCCCCC(N)=O
2390,2515,CCCCCCC1CC(C)CC(CC)C1
2391,2516,CCCCNCCCCCCCCCCCC
2392,2517,CCCCCCCCCCCCC(O)CCCN
2393,2518,CCCCCCCC(CCO)CCCCCCO
2394,2519,CCCCCC1CCCCCCCN1N=O
2395,2520,C#CCSC(C)CCCCCC(C)C
2396,2521,CCCC1CC1CC(C)C(O)C(O)O
2397,2522,ONCCCNNCCC=CCC=O
2398,2523,CCCC(CNCCCC(CC))CCC
2399,2524,C=C(C)NCCC=C(C)C(O)C
2400,2525,CC(C)(CO)CCO
2401,2526,CCCCCCCC1C(C)CC(C)C1
2402,2527,CCCCCCCCCC(CC(CCCC))CO
2403,2528,OCC(C)CCCCCCCCC
2404,2529,CCCCCCCC(C)CCNC(N)=S
2405,2531,Cc1cccc(CCCCC)c1C
2406,2532,CCCCCCCCCCNC(C)C(C)O
2407,2533,C1SCC(CCCCCC)C(C)C1O
2408,2534,CC(C)CCCC=CCCCCCC(=O)Cl
2409,2536,CC=C(CCC)C(C)CC=CCCCC
2410,2538,CNC1CN(C)COC(N)C1O
2411,2539,CCCCCCC(C)=C=NCO
2412,2540,OCCC1CC(CC(C))CC1
2413,2541,CCCCCCC1CCC(C)CCC(N)C1
2414,2542,CC(C)=CCCC(O)C(C)C
2415,2543,CCC(O)CCCCCCC(C)C
2416,2544,CCCCCNCCNCNCC=CN
2417,2545,CCC(C=CC1CCC1CCCO)CC(C)C
2418,2546,CCCCC1CCCC1CC1CN1
2419,2547,CCCCCCCCN1CC1=CC(C(N))O
2420,2548,C=CC(C)C(C(CC)C)=C(C)C
2421,2549,CCCCCOCC(O)CNCCCCCC
2422,2550,CCCCCCC(N)=C2NCCCCN2CN=O
2423,2551,CCCCCCC=CC(C)C(N)CC
2424,2552,NC12CCC(N)C(C)CCC2C1=O
2425,2553,CCC1CCC(CC(C)CCC)CCCCC1
2426,2554,CC(C)(O)CCC(C)CCO
2427,2555,CC1CCCCC2CC1CCCC(C)CC2
2428,2556,CN(CCCCCNCCCCO)C(=O)O
2429,2557,CC(C)C(CN)(O)C
2430,2558,CC(C)CC(O)C(CC)C(C)C
2431,2559,CCCC1CCCCC(CCO)C1O
2432,2561,CC(C)=C(CC(C)C(C)C)
2433,2562,OCC(S)CCCCCCCCCCCC
2434,2564,CC1(CCCCC(CC(CC)1)CC(N))N
2435,2565,CC(CCCCCNCNNNCNC(C)C)=O
2436,2566,CC1CCC2CCCCC(C2CCCC)CCCC1
2437,2568,CCCCCCCCCCC(CCC)C(O)CC
2438,2569,C1CCCCC1C=C
2439,2570,CCC1CCCCCC(C)C1C(O)C
2440,2571,CCCCCCCC(C(C)CCC(C))C
2441,2572,CCCCCCCCCC(C)CNO
2442,2573,O=CCCCC1CC(C)C(CC)C1=O
2443,2574,CCCCC(CC)CCCCCCC(O)=O
2444,2575,CCN(C)N1CC=CCCC1
2445,2576,CN(CCC(C)CCCC)C(=O)O
2446,2577,CCC1CCCCCCCCCCCC2CCC2O1
2447,2578,CCCCCCCOCC(C)CCCCC(C)
2448,2579,CCCCCCCCCCCCOCCCC
2449,2580,CC(CCCC(N)CC(O)Cl)C(=O)O
2450,2581,CC(C)(Cl)C
2451,2582,CCC1CCCCCC(O)C1C(=O)OO
2452,2583,C#CCCCCCOCCO
2453,2584,CCCCNCCCCCCCNC
2454,2585,CCC1CCCC1CNCCCCC(C)C
2455,2586,CNCCCCCCCCNCC(C)=O
2456,2587,CCCCC=CCNC(C)C=O
2457,2588,NCC1CCCCCC1C(C)=CO
2458,2589,CCCCNCCCC=N
2459,2590,CCN=C(C)C1CCCC(C)(C)CC1
2460,2591,CC(C)(CC)CCCC(C=N)C(=O)O
2461,2593,C#CCCN1CCN(CCCNN)N1O
2462,2594,CCCCCCCCCCNC(CC)CNCO
2463,2595,CCCCOC(=O)C(C)C(C)CO
2464,2596,CC=CCCCCNC(O)CCC(C)C
2465,2597,CCCCC(CCN)CC1CC1CC(N)CC
2466,2598,CCCCCCCC(C)CCC(C)SS
2467,2599,C1CC1CC2CCCCC=CCC2
2468,2600,CCCCCC(CN)C(C)CO
2469,2601,CCCCCCCCC(O)(O)C(O)OO
2470,2602,CNC(CC)CCC2CC2CCCCCCC
2471,2603,CCC1CCCC2(C(CC12))CC
2472,2604,CCCCCNNCCC(O)CC(O)CO
2473,2605,CCCCCCC=NCCC1CCC(C)C1
2474,2606,CNC(Cl)CCCCCCC1CC1=O
2475,2607,CCC(CCCC)=C
2476,2608,CCC(C=CC(CC=NC=CCC=C)O)C
2477,2609,CNCC(NCC1CC1CCCCCC)CCCC
2478,2610,CCCCCC(O)CCCCCCC(C)
2479,2612,CC1CC(C(O)C(C))(Cl)C1
2480,2613,CCCCCCCCCCCCCC
2481,2614,CCCC1CC1CC(C1(C))C1=O
2482,2615,CCCC1NCCCCCNCC1N=CNO
2483,2616,C=C(N)NCCC#CCCCC(C)C
2484,2617,CC(=C)C(=O)C(=CCl)C(=O)O
2485,2618,NNC(N)CCCCCCCC(=O)O
2486,2619,CCCC(CCC)C(CC)CCCCCC
2487,2620,COCC(O)CCCCCCCCCCCC
2488,2621,CC(C)CC1CC(C)C(C)C1O
2489,2622,CCC(CCCCCCC=C)C
2490,2623,CCC1CCCCCCNC1C(N)CC
2491,2624,CCC(CCCCCCCCCC1CC1CC)C
2492,2625,C=CC(C(CCCC(O)CCO)CC)O
2493,2626,CCCCOCCCCCC(C)CCCCCCNCNC
2494,2627,CCCCCCOCN=O
2495,2628,CCC(C)CCCCCCCC#N
2496,2629,CNCCCCC=CCCC(C)C(C)O
2497,2630,CCCCC1CCCC(C)CN1
2498,2631,CCC(CCCCC2CCNCCC)C2(C)C
2499,2632,CC1CCCC(C(C))NCCCOCC1
2500,2633,CC(C)CCCNCCCOO
2501,2634,CCCCCC(C)=CNCCCCNCCCCO
2502,2636,CCCCC(CC)C(CC)C(O)CC
2503,2637,CCCCCCC(CC(C)CN)CS
2504,2638,CCC(O)C(C)C=CCCCC=C(C)CC
2505,2639,CCCCCNC(C)CN
2506,2640,CCCCCCCCNC(CC)=O
2507,2641,CCCCCCC(CC(CC)C(C))C
2508,2642,CCC1CC(C)CNC(C)CCC1O
2509,2643,CCCCCCC1CC(C1C)C(C)O
2510,2644,CCCCCCCCCCNCCCC(CC)C
2511,2645,CCC1CCCCCCCC1CCCC(O)CN
2512,2646,CCC(CN1CC(C1)CCC)CC=CC
2513,2647,C#CC(C)(CC(C))C(C)CO
2514,2648,O=C(N)N(C)C1CCC1CC(C)C
2515,2649,CCCCCCCC1C(C1C)C(O)O
2516,2650,CC1CCCC(CCCCCC)CCC1
2517,2651,CC#CC(C)CCCCCC1CCCC1
2518,2652,CCC1CCCC(CCO)C1CCCCC
2519,2653,CC(CSCCCCCCC(=O))C(=O)O
2520,2654,C#CCN(C)C(CCCC=C)C
2521,2655,CCCCCCCC1CCNCCCCC(=O)C1
2522,2656,CCCCCC1CCC1CCC2CC=C2
2523,2657,CCCCCCCCCCCC(C#S)C(O)CC
2524,2658,CCC=CCCCO
2525,2659,CC=CCCCCNCCCSCCO
2526,2660,CCC(C(C)CCCC)C(N)=O
2527,2661,CCCCCCCCCCCSS
2528,2662,CCCCCCCC(C#C)CCO
2529,2663,CC(C(C)CCCNC)CCC(O)O
2530,2664,CC(C)C(C)CCC=O
2531,2665,CC(C)CC1CC1NCC1NCC1O
2532,2666,CCC(CCNCCCCCCC1)C1C=C
2533,2667,CC1CCCC(N)=NN1
2534,2668,O=CC(=O)C(CC)C(C)C
2535,2669,CCCC=CCCC=CC(C(C))CO
2536,2670,CCCCSCC(CCSC(O)C)C(O)OO
2537,2671,CCCCCCNCC=C=C=CCCCC(C)=N
2538,2672,CC1CCCN(CC(C)CCCC)NCN1O
2539,2673,O=C1C=CNC(N=CC2CCCCC2)O1
2540,2674,CC1=C(C(N)CCC)C(Cl)SCCC1
2541,2675,CCCCCC(C)C(C)CC(C)C(=O)O
2542,2676,CCCC1OC1(CCC1CCNO)S1
2543,2677,OCC(CC)OOC(O)CN(C)CCCS
2544,2678,CCCCCCC=CCCC=O
2545,2679,NCCCCN1CCN(C1CC1)C1=O
2546,2680,CCCCC(C)CCC(CC)CCC=O
2547,2681,CCCCCCC=CC#CCCC(C)CO
2548,2682,COCC(CC)CCC(CC)CCC=O
2549,2683,CC(C)NN1CC(N)C1C(C)=O
2550,2685,CCCCCCCCC(CCO)C(=O)O
2551,2686,CCC1CCCC(C)C(C)(C)CC1O
2552,2687,CCC1CCCCC(C(C)CCC(CC))O1
2553,2688,CC=1CCOCCCCCCCCCCCCCCC1
2554,2689,CN(C)CSCCC(C)N=O
2555,2690,CC(C)C(C)CC
2556,2691,CCCC2CC22CCC2C(CN)
2557,2692,CCC1CCC=NC(C1C#CC)C
2558,2693,CCC1SC(CCCC(C)C(C))C1=O
2559,2694,CCCCCC(C)C(C)CCCCOCC
2560,2695,CCCC1=CCCCCCCCC(C)CC1
2561,2696,CC1CC2C1CC2C(N)C(=O)O
2562,2697,CCCCC(CC)C(CC(C)CC)O
2563,2698,CCCCCC(C)CCCCC(C)C
2564,2699,CCCCC(C)CO
2565,2700,CC(C)CN=CCCCCCNC(CO)OO
2566,2701,CN(CCC(C)CCCCCC)C(C)=O
2567,2702,CC(CN)C(=S)SCCCO
2568,2703,CCCCCCCCCCCC(C(C)C)COO
2569,2704,CCCCC(CC)C(C)C(O)=O
2570,2705,CCCCCCCCCCCC1NCN1O
2571,2706,CNCCC(CCCCCCCC)C(C)O
2572,2707,CCCCCCCC(C)C(N)C(C)(O)N
2573,2708,CCCCCCCCCC(C)CCCCCO
2574,2709,CCCCCCOCCCCCCCCOCOOO
2575,2710,CCC1CCC1CC(CCCC(N))C
2576,2711,CCCCCCCC2CCCC(C2OC)C
2577,2712,CCCCCC(C)C(CC)C(C)CC
2578,2713,CCCCCCCCCCNS
2579,2714,CCC1C2CCCCCCCC2CCC(C)C1
2580,2715,CCC1CC(CC)C2CCCCC2CC1
2581,2716,CC(C)(C(N)C(C)CCCC)C
2582,2718,CNCCC(CC1)C(CC1CC(C))O
2583,2719,CC1CCCCCCC11CCCC1CC=C
2584,2720,CCCCCCC=CC(N)CO
2585,2721,CNCCCCC=C=CC(C)C(C)C
2586,2722,CC(N)(CC)CCCCCCCCCCC
2587,2723,NC(C)CCCCC(C)C(=O)O
2588,2724,CCCCCCCCC1CC1SC(N)CCOOO
2589,2725,CNCCCCC1CCNC1CC(C)=O
2590,2726,CCCCCCCC(CCC)C
2591,2727,CNCC(C)C1CCNCCC1CC=O
2592,2728,CCC1CCCCCC(COCC)C1CO
2593,2729,CCCC1OCC(C1CCC#C)=S
2594,2730,C#CCCCCCCC=CCN=N
2595,2731,CNCC(CCCC)CCCCCC(C)C
2596,2732,C=CC(O)=CCCOCCCCCO
2597,2733,CCC1CCCC2CCCCC1C(C)C2
2598,2734,CNCCC=CC1=C3CCC(C)CC13
2599,2735,CNCC(C)CCCCCCCCC(C)C
2600,2736,CCCCCC(CCCCCO)CCCC
2601,2737,CCCCCCCC(CCO)C(O)CC
2602,2738,CCC1CNCCCCCCC(C)C1
2603,2739,CCC(N)N=C=CCCCC(N)=O
2604,2740,CN(C)NC(NCCCCC(C))O
2605,2741,CC1CCC(C)C(C1)CC(C)CCC
2606,2742,CCCC=CC=NN(C1)CC1C(=O)O
2607,2743,CNCCCC1CCCNC1CC(=S)C
2608,2744,CCCCCCC=CC(O)CCC(C)C
2609,2745,CC(CC(CCN)=C)CCCCC(C)C
2610,2746,CNC(C)CCC1NC1CC1CS1
2611,2747,CCCCCC(C)C(CC)CCNC
2612,2748,CNSCCCCCC(CCCCCC(C)C)CCC
2613,2749,CC1CCCC1CC(C)N
2614,2750,CCCCNNCC1CC1CCCC(CC)CC
2615,2752,CCCCNCC(C)C=COOO
2616,2753,CCCCCCCC(CCCCCCO)CCOO
2617,2754,CC(C)NCCNCNCC(C)CC
2618,2755,CCCCCCCC1CCC1CC(CC)C
2619,2756,CCCCC(CC)CCCOCC(=O)O
2620,2757,CCC1CCCCCC(C)C(C)OC1
2621,2759,CC(C)CCC(C)(C)CO
2622,2760,CCCCC2C(CN2NCCC1)CCCO1
2623,2761,CC(C)N(C)CNCCCNNNO
2624,2762,CNCCC#CCN1CCCCC1C(=O)ON
2625,2763,C#CCCCCCCC(CC)CCC
2626,2764,C=C1CCC(CC1CC(O))C(C)O
2627,2765,C=C(C)CCCCCN
2628,2766,OCCCCCCCCCCCCC1OCC1O
2629,2767,CC(C)CCCCCCC1CCC11CCCC1
2630,2768,CC(C)CCCCCCC
2631,2769,CC1CCCC(CC)C(C)(C)CCC1OO
2632,2770,C#CCC#CCCCCCCCCCC(C)CC
2633,2771,CCC1CN(C)CCC2CCCN2CO1
2634,2772,CCCCCC(C)C(C)C(N)=O
2635,2774,CC1CCCCCCC(C2)CC2CCCC1=O
2636,2776,O=C(C1CCC1)N1CC2=NCC2C1
2637,2777,CC(CC)CCCCCC(C)CCO
2638,2778,CCCCCCCCNC1CCCCCCCC1
2639,2779,CC1CCCCCCC1
2640,2780,C=C(Cl)CCCCCCCCC(O)C
2641,2782,CCCCCCCCC=CCCC=O
2642,2783,CC(CCCCCN)NCC=CCC(=O)O
2643,2784,CCN(C)C1CCCCN2C1C2
2644,2785,CN1CCC(O)C1CCC1CCCCC1
2645,2786,C#CCN(C)CCCCCCC=O
2646,2787,CNCCCCCCNCCCC(C)C(C)=O
2647,2788,CCCCCCCC(CCC1=CC)C1
2648,2789,CCCCC(CC)C(C)OCOO
2649,2790,C=CC1CCC(C)C1CCC(CO)OO
2650,2791,C=C(O)C1CCCCCCCC(C)C1
2651,2793,CCCCNCN=NCCCCCCCCC=O
2652,2794,CCCCCCCCCC(CC)CC=O
2653,2795,CCCCCCCCNCCCCCC(C)=C
2654,2796,CCC1CCC(C1)C1CC1(O)OO
2655,2797,CCCCCCCCC1CCC(CC1)CC=C
2656,2798,CC1CCC(CCN)C1CCCCN
2657,2799,CCC1CCCCCCCCCCC(C)C1
2658,2800,OC=C(CC=CCCC1CCC1CCC)C
2659,2801,C=C(C)NCCC(O)CNC(N)C
2660,2802,CCC(C)CCCCNCCCNO
2661,2803,CC1CCC(C)CCNCCCCCCCC1O
2662,2804,CC(C)=CC(C)CCN(C)CCC=C
2663,2805,C=C(C)CCCCNCCSCO
2664,2806,CCC(OCCCC)C(CC)OC(=O)O
2665,2808,CCC1CCCCCC1CCCC=S
2666,2809,CCCCC=CCCCCCCCCC
2667,2810,CCN(CCC=CCNCCCCC)CCCCC
2668,2811,CCCCCC=C(CCC)CO
2669,2812,CC(C)CC(=O)O
2670,2813,CCCNCCOCNCCCCC=CCO
2671,2814,CC(C)C(S)CCCCC(C)(C)OO
2672,2815,CC1CCCCCCCCCCCCCCCCCCC1
2673,2816,CC(C)=CCCC(C)C
2674,2817,CC(C)=CCNN(C)C
2675,2818,CCCCCCCC(C)CCO
2676,2819,CCC1CCCCCCCC1CCCCO
2677,2820,C=C(N)NCCNC1CCCC1
2678,2821,CCCC=CCC=CCC=N
2679,2822,CCCOCCCC
2680,2823,C#CC(CC)C(CC)CCCCC
2681,2824,CC(C)CC(CCCCCCN)C(=O)O
2682,2825,COCC(C)(O)CCCCOC(F)O
2683,2826,CCCCCCCC=C(N)CN
2684,2827,CCCCCCCCCC(CC)C(O)CS
2685,2828,CCCCCC(N)C(O)C(O)CCC
2686,2829,CC(C(CC)C)CCCC(N)C(=O)O
2687,2830,CCCCCNCCCN1CCC1NCC=C
2688,2831,CC(C)C(O)O
2689,2832,ONCNCCCC(CCC)C(N)CCO
2690,2833,CCCCCCC(CC(CC)C(O))C
2691,2835,CCCCC(CCC)C=CCCCCC(CCC)O
2692,2836,CCCCCCCCNNCCCCCO
2693,2838,CCC=CCCO
2694,2839,CCC(C=CC(C)=NC(C)(C))C
2695,2840,CCCC1CCCCC(C1CCCC)(C)C
2696,2841,FC(Cl)C(F)(F)CC(O)N(O)C
2697,2842,CCCC2C(CC=CCCCCCC2CC)C
2698,2843,CCCCC(C)C(CC)(C)CC
2699,2844,CCCCCCC2C(C)C22CCCC2
2700,2845,CCC(C)CCCCCCCC
2701,2846,CCC1CCCC(CCCCCCCC)CN1
2702,2847,CCCC(CC)CC(C)C(N)=O
2703,2848,CNCCC#CCCCCCCCCC(C)NC
2704,2849,C=C1CCC(CC(C)COC)CC1O
2705,2850,CCCCC(CC)=C(C)C
2706,2851,CC1CCC(C)CCC(N)COOOC1OO
2707,2852,C#CC(CCC)C(CC)CCCCC
2708,2853,CCC=CCC(CCCCCC)CC(CN)C
2709,2854,CCCC1NC(C)=CNCC(CC)=C1
2710,2855,CCC1CCC(CC(O)CC)CCC1OO
2711,2856,C=CC(CC)CCCNCCCCCCCCC
2712,2857,CCCCC=C1CCC(CN(C)C)C1=O
2713,2858,CCC(C)CCCCCCCNCC(O)C
2714,2859,CCCCCCCCCCCCC
2715,2860,CCCCC=CCCC(C(C)=O)OO
2716,2863,CCC1CC1CCC(C1)C1(O)CO
2717,2864,CCC1CNC(ONC1(N))O
2718,2865,CC1CCC(CCC1C)CN
2719,2866,CC=CC(C)CCCCNCC2NC=CCC=2
2720,2867,CCC1CCCCCCCCCC(C)NC1
2721,2868,C=CC(C)CCCCCC(C)CC=C
2722,2869,CC(C)CC(N)N(C)C(C)=O
2723,2870,CN(C)CCCNCSC#N
2724,2871,CC(CCCCC=O)
2725,2872,CCC1CCCC1CNCCCCC(C)N
2726,2873,CC1CNC2(COCC(C)C(O)C2O)S1
2727,2874,CCCCNCC(N)C(C)=O
2728,2875,NCCCCCC#C
2729,2876,N=C(N)NCCC(C)C1C#C1
2730,2877,CNC1CCCCCCCC(C)(C)CCCC1
2731,2878,CCC(C)C=CC(CCCCCCC)C
2732,2879,C#CC(CO)NCCNCCCCCO
2733,2880,CN(N)CCCCCCCC(=O)N
2734,2881,CCCCCNNCCCCCC=C(CC)CCO
2735,2882,OCC1CCCCCCCCCC2CCCNC2C1
2736,2883,CCC(CC1=CC(CCCCC1)C)=O
2737,2885,CC(CCCC(C)CCN)(C)C(=O)O
2738,2886,CCCCCCC(NN(CC))CCC(=O)O
2739,2887,CCCCCCCNC
2740,2888,C=CCC=CCCCCC1CC(C)CC1
2741,2889,CCC(C)CCCCNC1CC(C)C1
2742,2890,CNCCCC1CC=C(CNC)CC1=O
2743,2892,NCC1CCCCCC1C(C)(O)CO
2744,2893,CCC(BO)=CCCCC(C)C
2745,2895,CNCCC(CCC)CCCCC(=C)N
2746,2896,CCC1CNCC(CCC)CCC(C)C1
2747,2897,NCCCCCCC=CNN
2748,2898,CCCC1CCCC(CC=C(C)CO)CS1
2749,2900,CCCCCCCCC1CCNCNCCO1
2750,2901,CCCCCCCCCCCC
2751,2902,CNCC(C(CCCCCCCC)C)CC=O
2752,2903,CCCCC2C=CCCCCCC2CCCC
2753,2904,CNCC(CCCCCCCCCCNCN)O
2754,2905,CC1C(CCC1CCl)CCCCCCCCCCC
2755,2906,NCC1Ccccccc(O)c(O)c1C
2756,2907,CC(C)CCCC=C(C)CCOC
2757,2908,O=C(C)CCCCCC1CCC(C)CCC1
2758,2909,CCCCCCC1CC(C)C1C(N)CC
2759,2910,CCC1CCCCCCCCC(O)C1=O
2760,2912,C=C(NCNCCCC(C))CCCCCC
2761,2913,CC(C)(CC)C(C)=S
2762,2914,CCCCCCC(O)C(C)C(C)C(Cl)CC
2763,2915,CN(CCCCCCCCCCC)CC(=O)O
2764,2916,CNC(C)CCCCCCC(C)CC=O
2765,2917,CCC(C)CCCC(C)C(O)CCO
2766,2918,CCCCCN1CCCCCCCC1CS
2767,2919,CN(C)NC(C)CCCCNO
2768,2920,CNCCCCNCCCCCC(C)CC=O
2769,2921,C1=CNCC=1O
2770,2922,CCCC1=C(C)CC(C)(C)CC1O
2771,2923,CCCCCOCC(N1CCCCN)CC1OCO
2772,2925,CCCCC(C#N)CCCCCCCC(C)CC
2773,2926,CC(C)CCCNC(C)=S
2774,2927,CCCCCCN=CNS
2775,2928,CCCCNCCCNC#CCCCC
2776,2929,C=C(C)C(C)CC1CCCCC(C)C1
2777,2930,CCCCCCCCNCNCCCCC#N
2778,2931,CCCCCCCCCC(CCCC(C))C
2779,2932,CC(CCCCCCC(CN)C(O))O
2780,2933,CCCCC=CCNC=CCC=O
2781,2934,CCCCCNCCCC(C)CCC
2782,2935,CNC(C)CCCC(C(C)C)C
2783,2936,CCC1CC(C)CNC(C)(C)C1
2784,2937,CC(C)CCCCC1CCCCC1
2785,2939,CC(C)(C)C1cCCC1C(C(C))CN
2786,2940,CCCCCCCCCCC=CCNCC(=O)O
2787,2941,C=CC(C(CC)C=CCC)C=CCCCCC
2788,2942,CC=C(NCCCC(C)NCO)C(C)CC
2789,2943,CCCCC(CC)CNCCCC=O
2790,2944,CCN(C)NCCCCCCCSC=O
2791,2945,CCCC(F)(F)C1CCCC1CCCC
2792,2947,CCCCC(C)CCC(C)C(O)=O
2793,2948,CCNCCCNCCCNCCCC=C=O
2794,2949,CCCCCCCC(=O)CCCC
2795,2950,CCCCCCCCCCCCCC(C)O
2796,2951,CNCCC(O)CC(C)CCC(CN)CC
2797,2952,CCCCCCCCCC(CCC(C)C)
2798,2953,CCCCC1CCCCNC1CC=NO
2799,2954,CCC1C2CC2C11CC1C(C)C
2800,2955,CCCCC(C)CC(C)CCCCC=O
2801,2956,CC(CCCCCCC1CCC(CC))C1
2802,2957,COCC(C)CCCCCCC1CCCCC1
2803,2958,CCCC2CC(CCCCCC2)CCC(C)=O
2804,2959,C=CCCCC(N)=CCCCCCC(N)N
2805,2960,CCCCC(CC)C(C)C(C)=O
2806,2961,CC1CCCC1C
2807,2962,C=C1CCC2(C1O)C(O)CC2
2808,2963,CCCC1CCCCC1C1CNC1C(C)O
2809,2964,CCSCCCCCCC(C)O
2810,2965,CCCCC(CCN)C=C=C(CCCC)C
2811,2966,CCC1CCC(C)C(CN)C1C
2812,2967,CCC(CCC=CCCC1)C(CC)C1
2813,2968,CCC(C)C=CCCC1CCCCCCCCC1
2814,2969,CCC(C)CCCCN=CCCC
2815,2970,CC1CCCC(C)CC1C(C)O
2816,2971,CC1CC=CC(C(C)CNCCO)N1
2817,2972,O=CC(C)CCC(C)CC(C)CC
2818,2973,O=C(C)CCCC(CCC1)CC1O
2819,2974,CC1CCCCCCC(C(C))CC1O
2820,2975,CCCCCCC1CC(C)C(O)C1C
2821,2976,CCCCCCCCCC=O
2822,2977,CCC1C=CC2C1NCCCC(C)2CCC
2823,2978,CC(C)CCCCCCNNC(C)CC=NO
2824,2979,CNCCCCCC(C)O
2825,2980,CC(C)=CCCCCCCCC(=O)O
2826,2981,CCC(C)C1CC(C(C)C=O)C1
2827,2982,CCCC1CCCCCCC(CC)CCCC(C)C1
2828,2983,CCCCCCCCCCCCCC(CC(C))C
2829,2984,CCCCCC(C)(CC)C(C)C
2830,2985,C1CCC(C)CC(O)CC1O
2831,2986,CCC1CCC(C(O)(O)C(O))CC1
2832,2987,O=CC(C=O)C(O)C(CCO)C
2833,2988,CCCCCCCCCC(S)SOO
2834,2990,C=C(NC)OC1CC2CNCC1C2
2835,2991,CCCCCCC=CC=N
2836,2992,CCCOCCCO
2837,2993,CCCCCC=CCC(N)C
2838,2994,CCCC1NCC(CC)C1
2839,2995,CCCCCCCCS=COS
2840,2996,C#CCCC(C)C(C)CCC
2841,2997,CN(C)CCCNC(C)CNO
2842,2998,CCCCCCCCCC(CN)N
2843,2999,CC1CCCC(NCC(O))=CCC1OO
2844,3000,CCCCC(N)C(C)CCCCCCC
2845,3001,CNCCC(C)CCCC1CC(C)=1
2846,3002,CCCCCC(CNNNCCO)=CC
2847,3003,CCCCCC(CCC(=O)NN)NCCCCO
2848,3004,CC1=C(CCO)C(CC)(CO)C1O
2849,3005,CC1CCCCCCC(C)CCCC(=S)N1
2850,3006,CC(C)CC(N)(C)CCCCCCC(N=O)O
2851,3007,CCCCCCCCCCCCCCC(C)=O
2852,3008,CCCCC1CCCCCCC(C)(C)C1O
2853,3009,CCCCCCC=NC(C1)CCC1=O
2854,3010,CN(C)N(CI)CCCNO
2855,3011,CCC(C)NCCCCCNCCC(C)C
2856,3012,CCCC1CCC(C1C1C(CO)CO)C1
2857,3013,O=C(CO)CCC(C)C(C)OCC
2858,3014,CC(C)CC(C)CNC(C)CC=O
2859,3015,CCCC1CNCCC=CC1NO
2860,3016,OCCCCCCCC=N
2861,3017,CCC1CCC=CC(CCC#N)C1O
2862,3018,CCCCCCC1CCC1
2863,3019,CCCCCCCCCNCCCC(C)O
2864,3020,CCCCC=CC(O)CCCCO
2865,3021,C=CC(C)OCCCCCS
2866,3022,CCCCCCCCCC(C)CC(C)(C)O
2867,3023,CCCCCCCCC(C)=S
2868,3024,CCCCCCCCCC(C1)C(OO)C1
2869,3025,C=CC(C)CCCCCC(C)OC=O
2870,3027,CCCCC=CCCC(CC)OC=O
2871,3028,CC=C1CCCCC1CCCCCCCCCC
2872,3029,CCCCCCCCCC1CCC11CC1O
2873,3030,CCCCCCCC(C(C)O)C
2874,3031,CCCCNCC(C)CN
2875,3032,CC(C)CCNCCCCC
2876,3033,CCC(C)NCCCC(CCCCC)CC(C)=O
2877,3034,C#CC(C)CCCCOCCCCCCCC
2878,3035,CCC(CCNCCCCCCO)CCC(C#CC)O
2879,3036,CCCCCCCCCNCC1C2=CC1O2
2880,3037,CCCCCOC(C)O
2881,3038,CCCC(C)CCC(CC)CCC(=O)O
2882,3039,CC(CC=C=CC(CC)CCCCNO)C
2883,3040,CCC(CC)CCCCCCC(N)
2884,3041,CCCCCC1CCCNCCC1(C)COO
2885,3043,CNCCCCNCNCCCCC(N)=O
2886,3044,CC1OCC(C)C(CCN)CC1
2887,3045,CCC(C)CCCC=CCC(CO)=O
2888,3046,CCCC(C(C)CCC)CCCC
2889,3047,CC1CCCCCCCC11CC11CCC1
2890,3048,CCC1CCCCCC1CCC=O
2891,3049,CCC(N)NCCCCCCC(=N)N
2892,3050,CCCCCCCCCC(C)CC(N)CC
2893,3051,CCCCCC(C)C(C)=O
2894,3052,NC1CC1C2CCCCC(C)C2(C)O
2895,3053,CCCCCC1CCCCC(O)CCCOC1OO
2896,3054,Cc1cc(O)c(CN)c(CC)n1
2897,3055,CCCCCCC(C)=N
2898,3056,CNN(C)CCCC=CC(C)CS
2899,3057,CC1CCCCCCC1CC(C)=O
2900,3058,CNCC(NCCN)C=NCCN(C#CCC)C
2901,3059,CCCC1CCCCC(C)C1
2902,3060,CCCCSCC(C)C(CCC(C)CC)C
2903,3062,CCCCN(C)CCNCCC(C)
2904,3063,C=CCCCCC(N)N(O)NOCNO
2905,3064,CCCCCCNCOC(O)C(C)C(C)O
2906,3065,CC12CCCCC2CC1CCCCCC(O)CN
2907,3066,CNCC(C)=CCCCCCCCCC
2908,3067,CCC=CCC(N)CC1NCCCC1=O
2909,3068,C=CCCCCCCC(C)CC(CC)O
2910,3069,CN(C)CCCCC(C1CCC#C)C1
2911,3071,CCCCSC(C)CCCC(C)C(=O)O
2912,3072,COC1(C)C(F)(C)C1(F)C
2913,3073,CCCCCCCCOCCC=O
2914,3074,CCCCCCCCC(CN)C(N)O
2915,3075,CC(C)C(N)CCC1CCCCCC1C
2916,3076,O=CCCCCCC
2917,3077,O=C1CCCC(N)CCN2CCCCC2C1
2918,3078,C=CCCCCCCC=N
2919,3080,CNCCC(CCNCC#CCCCC(N))C
2920,3081,CC1CCCCCCCCC1C(C)=O
2921,3083,CC(C(=CC)CCCC)CC(O)C
2922,3084,CCC1CCC(CC2O)C(O)C2C1
2923,3085,CC(C)CCCCCCO
2924,3086,CC(CCN(C))CC=O
2925,3087,CC(C)CC(C)ON
2926,3088,C=C(O)NCCCNCSC(C)S
2927,3089,CCC1NC(C)CCCCCC(O)CC1C
2928,3090,COCC(COOCCCOC)(C)C
2929,3091,O=C1SC2CCN2C(CCCC)CCCC1
2930,3092,CC(C)C(C)C
2931,3093,CC1=C(CC)CCCCC1CC(=O)O
2932,3094,CNC(C)(CCCC(CC)(O)CC)O
2933,3095,O=CCCCN=CC(C1CC(C))C1
2934,3096,CC1CCCC(CCCC1CC(CC))CN
2935,3097,CCCCCCCCCCCCC(C)CC=O
2936,3098,CCCCCCCCCCC(C)(C)C
2937,3099,CCCCCNCCNN(C)C=O
2938,3100,C1CCCCCCCCCC1=CC=O
2939,3101,CCCCCCC1CCCC1CC(OC)C
2940,3102,NCCC1CCC(C1C1CNCN)NC1
2941,3103,CC(C)CCCCC(CC)CC=O
2942,3104,CCCC1CC(C)CCOC1C(C)O
2943,3105,CCCCC(CCO)CCCCC(C)CC=O
2944,3106,CCC(C)OCC1CCCCCC1C=O
2945,3107,CC=CN(CCNC(C)C=C)C(C)=O
2946,3108,NC12CC34NNCC3(C1)CC2(C)C4
2947,3109,CCCCCC(C)C(CC)CC(C)=O
2948,3110,CCCCCCCCCCCCCCCCOCC=O
2949,3111,CCCCCCCC(CCCC)CC
2950,3113,O=C(C)CCCCCC1CC(C)CC1C
2951,3114,CCCC(CCCCC(C)C(C)C)O
2952,3115,CCCC(C(C)C(C))CCCCCC=O
2953,3117,CN(C)CCCCCNCC(C)CCNO
2954,3118,CCCCCNCCNCCCCCCO
2955,3119,CCCCCCCCNC(C)CNO
2956,3120,CCCC(=O)SC(N)CNC(O)C
2957,3121,CCC1CCC(CC1C(C)O)(O)O
2958,3122,CCCCC(=O)C(Cl)C(C)=O
2959,3124,CCCCCCC=CC
2960,3125,CCCCCN=CC=S
2961,3126,CCCCCCCC=C(CCC)CC(=O)O
2962,3127,CCCC1C(CO)C(CO)C(C)C1
2963,3128,C#CCN(C)CCCCCCCCCCCC=O
2964,3129,CCCCCCCCNC(CC)NS
2965,3131,CCCCCNCCCCNCCC#N
2966,3132,CC(C)CC(N)C(N)CC
2967,3133,CCCCCCCCCCCC=CC=O
2968,3135,CCCCCNCCCC=CCCCCC
2969,3137,NCCCCCCCCC1CCCC(CC)C1
2970,3138,CCCC1COCNC1CNNCNC
2971,3139,CCCCCCCCCC(CCC)C=O
2972,3140,CCC(C(C(CO)C(C)CC1)1CCC)C
2973,3141,CCCCCCCCCCNC(C)CCC(=O)O
2974,3142,OCC1CCCC(CCCCCCCC1)CCC
2975,3143,CCC1CCC2(C(O)C12CC)OO
2976,3144,CCCCCCCCCCCCC=C(O)C(=O)O
2977,3145,CCCCCC(C)CCCCCCCCOO
2978,3146,CCC(C)NCCC(CCCCCC2)N2C
2979,3147,CCCCNCNCCC(N)C(C)C
2980,3148,CCCCCCCCCCCCCCC
2981,3149,CCCCCCC2NC(C)C2CC(CC)C
2982,3150,NCCCSN1CCCC(O)C(=O)O1
2983,3151,C=C(CCCCCCCC)CC(C)(C)CCC
2984,3152,C#CCCCCCCCCCC=CCCO
2985,3155,CCCCCCC=NCCCCC(N)=C
2986,3156,CCCCCC1CCC(C(C1CC))CC
2987,3157,C=C1CCCCCC(CO)C(C)CCCC1
2988,3158,C=CC(C)(CCCCC)CC(C)C
2989,3160,CCCCCC1CCCCC1CC(C)CO
2990,3161,CCC1CCCCCC(NC)CC=CCC1C
2991,3162,CCC1CCCC(CCCCCC(C))O1
2992,3163,CCC(C)CCCCCCNCC(N)=N
2993,3164,CC(CC=C=CC=CCC)C(C)=O
2994,3165,CCCCOCC(C)CCN
2995,3166,NC(CNC1CCC2C1CCCCC2C)N
2996,3167,CCCCC=NCCCCCCCCC(C)CCC
2997,3168,CCCCCN(C)CCCCON
2998,3169,CC(CCCC(CC(C)C)CCC)CO
2999,3170,CCCCCC(CC)N=C=CCC(C(C))CN
3000,3173,CCC12CCC(CCCNC(CC)CC2C)C1
3001,3174,CCCCC(O)C=O
3002,3175,CCCCCCCCC(C)C
3003,3176,CCCCC(C=CN(C)CC)CC=O
3004,3177,CCCCC(CC)C(CCC)C(C)O
3005,3178,CC(CC(CCCCCCCC))CC=O
3006,3179,C#CC1CCCNCCCCC1O
3007,3180,CCC1CC1C1CCCCC2CC1C2
3008,3181,CCCCC(C)CC(C)CCC(C)C
3009,3182,CCC(C)CC1CCCCCCC1C(C)C
3010,3183,CCCC(C)(C(C)(C))CC=C(C)
3011,3184,CC1CCC2C=C(CC)CCC2(C)C1
3012,3185,N=C(O)CCCCC(C)C
3013,3186,CCC(=CC(C))CCCC(C)(C)C
3014,3187,CC1CCCC(CC(C1C#C))C
3015,3188,CCCC(CC=NCCCCNCC)
3016,3189,CCCC=CCC(C)C=C(N)C(N)=O
3017,3190,CNCCCC(CC)CC(C)(C)CC=O
3018,3191,CCCCC(CC)(CCC)CC(C)C
3019,3192,OOC1(CC)CCC(C)C1C(CC)
3020,3193,CCCC(C)CCC(O)CC(C)CC
3021,3194,CCC1CCC(CCCC(O)CC)C1O
3022,3195,C=CC(=O)CCCCC
3023,3196,O=C1CCC(CC2CCCCCCCCC2)O1
3024,3197,CC(=O)NCCCCCNCCN(N)C
3025,3198,CCCCCCC(CC(C)CO)CCC=O
3026,3199,CCCC(CCCCCCCCCC(C)CC)Cl
3027,3200,CC1CCCCC2C(CCCC(C)C2)C1
3028,3201,CCCCC(CC)=CC(CC)C(=C)C
3029,3202,CC1CCCCCNC(CC)CC(C)O1
3030,3203,CCC1CCCCCC(O)C(COOC)C1O
3031,3204,CCCCCCC(CC=CC(O))C
3032,3205,CCCCC(CC)C(CC)CCCC
3033,3206,OCCCCCCCCC(CCC1)CCCO1
3034,3207,CCCNC1CCN1NC1C(C2N)C2C1
3035,3208,CCCCCN1CCCCCCCC1CO
3036,3209,CCCCC(CO)C(C)C(C)CO
3037,3210,CCCCCCCC(CCC)CCO
3038,3211,CCC1OC(CO)C(O)C(C)C1
3039,3212,OCCCCC2CCCCCCCCCCCC2
3040,3213,CCCS2CSC2CC(C1)CC(=O)N1O
3041,3214,CCC1CCCC(C1C(C)C)O
3042,3215,CCNCCCNO
3043,3216,CCCCCCCC(CNC#N)NN
3044,3217,CCCCC(NN)C(N)=O
3045,3218,CCC(CCCCCCCCCC)CCC(C)=O
3046,3219,CCCCCN1CCCCC1CCCCC
3047,3220,CCC1CCC=CC(N)C1(=O)
3048,3221,CCCCCCCCCCCCCN
3049,3222,CC(C)CCCNCCCCO
3050,3223,CCCCCCCCCCCCCCC(C2)C2C
3051,3224,CC(C)CCCCC(C)CNO
3052,3225,CC(CC(C)C)C1CCC1CC(C)C
3053,3226,CCCCC=CC(C)CCC1C(C)C1
3054,3227,C=C(C)C#CCC=C(C)CCCCCCCCC
3055,3228,CC(C(OC)CCCC)COP(=O)O
3056,3229,CC(C)C(C)C(OC(C)CC)C
3057,3230,CCCCCCC=CC(CCCC(C))CCC
3058,3232,CCCC1CCCC1CC1CC(O)(C)C1
3059,3233,CCNC(C)CC1CCCCC1(C)O
3060,3235,CC(CCC1CCCCCC)CCCCC1O
3061,3236,CC(C(CCCC(CC))C)CO
3062,3238,CCCC(CCCCCCCCC)O
3063,3239,CC1CCCCCCCCC2CC2CCCCCC1
3064,3240,CCCCCCC1CCCC1CC(O)=S
3065,3241,CCCCCN1CCC1C=CCC#CC=O
3066,3242,CCCCC(CC)CNCC(C)CC
3067,3243,CC(C(C)C(C(C))C(F)(C))
3068,3244,CC1CC(CNN(CC(=O)O))C1=O
3069,3245,CCCCCCCCCC(N)C(O)=C
3070,3246,CNC1CCCCCCCCC(C(C)C)CC1
3071,3247,CC=CCCC=NC(N)CNOCCCO
3072,3248,CCCCCCC=CCCC1CC(OC)1
3073,3249,CC(C(CC)CC(CC))C(=O)O
3074,3250,CCC1(CCC)CCCCC(C)C1
3075,3251,CN=C(NCCCCNN1CCCCCCC)CCC1
3076,3252,CCCC1CCCCC1
3077,3253,CN(C)NCCNNNC=C(N)C(C)C
3078,3254,CC=C(CCCCCC=C)CCCCCCCC
3079,3255,CCCCCC=CN=CCCCNO
3080,3256,CCCCCN1CCCCCC(C)OC1=S
3081,3257,CC(C)CC(CCCC)CNCC(=O)O
3082,3258,CCCCCCCCNCCCC=C
3083,3260,CCC1CC2CCNC(C2)C1CCCO
3084,3261,CCCCSCC(CC(CCO)C(C)=O)O
3085,3262,C=C(CS)CCCCCCC=O
3086,3263,C=CC(C)CCCCC(C)=CO
3087,3264,C=CCCCCCCC(C)CCC(O)CC
3088,3265,CCCC(C)=CC(O)CCC(C)C
3089,3266,CCCCCCC=NCCNCCCC1CC1C
3090,3267,CCCC(CCC)C(C)C(C)C=O
3091,3268,CCCCCCC(NCNC)C(O)C
3092,3269,CC=C(CCCCCCCC)CCCCCCC
3093,3270,CCCCNCCCNNC=CCNN
3094,3271,CCCCCCCCCC(CO)C(O)CC
3095,3272,CN1CC=C(C#CC(C)(C)O)CC1
3096,3273,CCC1CC(CNCNCCCC)CC1
3097,3274,CC1CCCCC1N(C(N)CC=O)O
3098,3275,CCCCC=CCCCC(C)C(C)(C)C
3099,3276,C=CC(CC=CCC=C(C)C)OCOCO
3100,3277,CCCC1CCCCCCOCC1O
3101,3278,C#CCOC(C)(C=C)CCCCCCCC
3102,3279,CCCC(C)C1CCCCCC(C)CC1C
3103,3280,CCCC(C)CCCCCCCCC(O)C
3104,3281,CCCCCCCCCCCCCC(C(C)C)C
3105,3282,CN(C)CC(C)NN(C)C=O
3106,3283,NC(CCCNCCC(C))CC(=O)O
3107,3284,CCCCCOCO
3108,3285,CCCCCNC1CC(O)C(C)C1
3109,3286,CCCCCCCCNC(C1CCC)O1
3110,3287,CCCCCCCCCCNC(N)NS
3111,3289,O=C(N)C(C)CCOCC(=N)C
3112,3290,CCCCCCCCCC#S=C=N
3113,3291,CCCN1CCCCC1CCCCO
3114,3292,O=C(C)CCCCNC1CC(CC)C1
3115,3293,CCCCCCCCCCC(CCC(O)CC)C
3116,3294,CC=CCC(N)C(C)C=CCCCCO
3117,3296,CCC1CCCCCCCC2CCC2NCC1O
3118,3297,CC1NNNN(C)C(O)C(C)CCC1
3119,3298,CCC1CC(CCCNCNCCCCC)CC1
3120,3300,CC(CC1CCCC1CCC1)CCCC1
3121,3301,CCCCC=CCCCCCCCCC(C)C
3122,3302,CCCCCCCCCCCC(C)O
3123,3303,Cc1cc(Cl)c(O)c(CN)c1
3124,3304,CNC(CO)CCC1CCC(C)N1
3125,3305,C=CCSC(O)C(N)C(O)C
3126,3306,CCC1CCC2(CCCCCC22)C12
3127,3307,CCCCCCCC(C1CCC1N)CC
3128,3308,CC1CCCCC(CCCCC1C#C)C
3129,3309,CN(N)CC(CCCCN)C(=O)O
3130,3310,CCCCCN1CCCNCC1CC=O
3131,3311,CN(N)CNNCCCCCCCC#N
3132,3312,CCCCCCCCCCNC(N)=C
3133,3313,CC(C)CCCCCCCCCC=NO
3134,3314,CCC1CNCCNC(CC)CCCCCCC1=O
3135,3315,CN(C)CCCCC(C)CCN
3136,3316,CCCC(CCC)CC(C)CC(C)O
3137,3317,CCN1C2CC2NCCCC12CC1C2C1
3138,3318,CCCCCCCCCCCC(C(C)C)O
3139,3319,O=C(O)C1CC=CN=C1
3140,3320,CCCCCCC=C(CC)CCC(C)C
3141,3321,CCCCCCCCCC(C)C(O)CCO
3142,3322,CCCCCCCCNCCCCCCC(C)CO
3143,3323,CC(CC=C=CC(C)CN)C(=O)O
3144,3324,CCCCN(C)CCC
3145,3325,CCC1SCC(CCC(C)CCC)NC1=O
3146,3326,N=C(N)CCCC(C)C(C=O)N
3147,3327,CC1CC2CCCCCCCC2CCC1CCC
3148,3328,CCCCNCC(C)NCCCNCCC
3149,3329,CCCCCCCCCC(CCC)NCCCO
3150,3330,CNCCC(CCC=CCCCC(C))C(C)C
3151,3331,OCSC(=O)CC(O)C(N)C(C)OCC
3152,3332,OCC1CCOOCC(O)CCC(C)C1
3153,3333,CCCCOCCCCCCO
3154,3334,CCC1CC2CCC3CCC2C1CC3O
3155,3335,C=C1CCCCCOCCC(O)C(COCN)N1
3156,3336,CCCCCCCC1=CCCC1C(C)N
3157,3337,CC1CC(C(N)=N)C(C)=C(C)CC1
3158,3338,CC(CNNCCNC(C)CCC(N)CC)C
3159,3339,CCCC1CCCCC(C1C(C)CO)OC
3160,3340,CCCCCCCCNC=CNCNN
3161,3341,CCC(CNCC1CCC1C(C)C(C))CC
3162,3343,CCCCSCCCNCC(CO)C(=SS)N
3163,3345,CCC(C)NCCCNC1CCC(C)CCC1
3164,3346,CC(C(CO)OCCCCCCCCNC)C
3165,3347,CCCCCCCCCC(C)C(N)CCO
3166,3348,CCCCCCC(C(C))CCC=CCCCO
3167,3349,CCCCCCCCC(C)CO
3168,3351,O=C1OCCCCNCC(O)CC=COCS1O
3169,3352,CCCCC(CCCCCC)CCCCO
3170,3353,CCCCCC(C)CC(C)CC
3171,3354,CC(CC)CC(C)C(O)CCC=O
3172,3355,CCCCCCCCCC(O)C(C)C
3173,3356,CCCC=CCCCCCCCCC2CC2
3174,3357,CCCCCCCC(C)C(O)C(C)C=O
3175,3358,CCCCCCCCCNCCSNC
3176,3359,NC1CCCC1CCC1CC1C(CO)CCCC
3177,3360,CCCCCCC2(CCOO)OCCC2
3178,3361,CC1CNCCCCCNCCCCC1
3179,3362,CCCCC(CC)C(C)C=O
3180,3363,CCCC(NNCNCCC)CCC(=O)O
3181,3364,CCCCCCCCCCNC(C)CNO
3182,3365,C=C1SC2(CC(CC)CC2)NC1=O
3183,3366,O=CCC(CC1CNC1CC2)C1CC21
3184,3367,CCCCC(CN)=C
3185,3368,CNC(CCC2CC(CCC12)C)O1
3186,3369,CCCC(CCCCCNCCC)CCCC
3187,3370,C#CCC(NCCCC)CCCCCCC
3188,3371,CC(C)CC(O)C(C)(C)O
3189,3372,CCC1SC2(CNCC(C))CC2C1CO
