API_SMILES,Prodrug_SMILES
O=C(O)C1=NC(N2CC3=C(CC2)C=CC=C3C(NC4=NC5=CC=CC=C5S4)=O)=CC=C1C6=C(N(N=C6)CC78CC(CC(C8)C9)CC9C7)C,Cc1c(-c2ccc(N3CCc4cccc(C(=O)Nc5nc6ccccc6s5)c4C3)nc2C(=O)OC2CC(O)C(CO)O2)cnn1CC12CC3CC(CC(C3)C1)C2
O=C(O)C1=NC(N2CC3=C(CC2)C=CC=C3C(NC4=NC5=CC=CC=C5S4)=O)=CC=C1C6=C(N(N=C6)CC78CC(CC(C8)C9)CC9C7)C,Cc1c(-c2ccc(N3CCc4cccc(C(=O)Nc5nc6ccccc6s5)c4C3)nc2C(=O)Oc2ccc3c(c2)CCC3)cnn1CC12CC3CC(CC(C3)C1)C2
O=C(O)C1=NC(N2CC3=C(CC2)C=CC=C3C(NC4=NC5=CC=CC=C5S4)=O)=CC=C1C6=C(N(N=C6)CC78CC(CC(C8)C9)CC9C7)C,CC(=O)OC(=O)c1nc(N2CCc3cccc(C(=O)Nc4nc5ccccc5s4)c3C2)ccc1-c1cnn(CC23CC4CC(CC(C4)C2)C3)c1C
O=C(O)C1=NC(N2CC3=C(CC2)C=CC=C3C(NC4=NC5=CC=CC=C5S4)=O)=CC=C1C6=C(N(N=C6)CC78CC(CC(C8)C9)CC9C7)C,Cc1c(-c2ccc(N3CCc4cccc(C(=O)Nc5nc6ccccc6s5)c4C3)nc2C(=O)OC(=O)O)cnn1CC12CC3CC(CC(C3)C1)C2
O=C(O)C1=NC(N2CC3=C(CC2)C=CC=C3C(NC4=NC5=CC=CC=C5S4)=O)=CC=C1C6=C(N(N=C6)CC78CC(CC(C8)C9)CC9C7)C,Cc1c(-c2ccc(N3CCc4cccc(C(=O)Nc5nc6ccccc6s5)c4C3)nc2C(=O)OC=O)cnn1CC12CC3CC(CC(C3)C1)C2
O=C(O)C1=NC(N2CC3=C(CC2)C=CC=C3C(NC4=NC5=CC=CC=C5S4)=O)=CC=C1C6=C(N(N=C6)CC78CC(CC(C8)C9)CC9C7)C,CCC(=O)OC(=O)c1nc(N2CCc3cccc(C(=O)Nc4nc5ccccc5s4)c3C2)ccc1-c1cnn(CC23CC4CC(CC(C4)C2)C3)c1C
O=C(O)C1=NC(N2CC3=C(CC2)C=CC=C3C(NC4=NC5=CC=CC=C5S4)=O)=CC=C1C6=C(N(N=C6)CC78CC(CC(C8)C9)CC9C7)C,Cc1c(-c2ccc(N3CCc4cccc(C(=O)Nc5nc6ccccc6s5)c4C3)nc2C(=O)OC(C)C)cnn1CC12CC3CC(CC(C3)C1)C2
O=C(O)C1=NC(N2CC3=C(CC2)C=CC=C3C(NC4=NC5=CC=CC=C5S4)=O)=CC=C1C6=C(N(N=C6)CC78CC(CC(C8)C9)CC9C7)C,Cc1c(-c2ccc(N3CCc4cccc(C(=O)Nc5nc6ccccc6s5)c4C3)nc2C(=O)OCCC[*:2])cnn1CC12CC3CC(CC(C3)C1)C2
O=C(O)C1=NC(N2CC3=C(CC2)C=CC=C3C(NC4=NC5=CC=CC=C5S4)=O)=CC=C1C6=C(N(N=C6)CC78CC(CC(C8)C9)CC9C7)C,COC(=O)c1nc(N2CCc3cccc(C(=O)Nc4nc5ccccc5s4)c3C2)ccc1-c1cnn(CC23CC4CC(CC(C4)C2)C3)c1C
O=C(O)C1=NC(N2CC3=C(CC2)C=CC=C3C(NC4=NC5=CC=CC=C5S4)=O)=CC=C1C6=C(N(N=C6)CC78CC(CC(C8)C9)CC9C7)C,CCOC(=O)c1nc(N2CCc3cccc(C(=O)Nc4nc5ccccc5s4)c3C2)ccc1-c1cnn(CC23CC4CC(CC(C4)C2)C3)c1C
O=C(O)C1=NC(N2CC3=C(CC2)C=CC=C3C(NC4=NC5=CC=CC=C5S4)=O)=CC=C1C6=C(N(N=C6)CC78CC(CC(C8)C9)CC9C7)C,Cc1c(-c2ccc(N3CCc4cccc(C(=O)Nc5nc6ccccc6s5)c4C3)nc2C(=O)OC(=O)C(C)(C)C)cnn1CC12CC3CC(CC(C3)C1)C2
O=C(O)C1=NC(N2CC3=C(CC2)C=CC=C3C(NC4=NC5=CC=CC=C5S4)=O)=CC=C1C6=C(N(N=C6)CC78CC(CC(C8)C9)CC9C7)C,Cc1c(-c2ccc(N3CCc4cccc(C(=O)Nc5nc6ccccc6s5)c4C3)nc2C(=O)OC(=O)c2ccccc2)cnn1CC12CC3CC(CC(C3)C1)C2
O=C(O)C1=NC(N2CC3=C(CC2)C=CC=C3C(NC4=NC5=CC=CC=C5S4)=O)=CC=C1C6=C(N(N=C6)CC78CC(CC(C8)C9)CC9C7)C,CCOC(=O)OC(C)OC(=O)c1nc(N2CCc3cccc(C(=O)Nc4nc5ccccc5s4)c3C2)ccc1-c1cnn(CC23CC4CC(CC(C4)C2)C3)c1C
O=C(O)C1=NC(N2CC3=C(CC2)C=CC=C3C(NC4=NC5=CC=CC=C5S4)=O)=CC=C1C6=C(N(N=C6)CC78CC(CC(C8)C9)CC9C7)C,CCCCCCCCCC(=O)OC(=O)c1nc(N2CCc3cccc(C(=O)Nc4nc5ccccc5s4)c3C2)ccc1-c1cnn(CC23CC4CC(CC(C4)C2)C3)c1C
O=C(O)C1=NC(N2CC3=C(CC2)C=CC=C3C(NC4=NC5=CC=CC=C5S4)=O)=CC=C1C6=C(N(N=C6)CC78CC(CC(C8)C9)CC9C7)C,Cc1c(-c2ccc(N3CCc4cccc(C(=O)Nc5nc6ccccc6s5)c4C3)nc2C(=O)OCNC(=O)c2ccccc2)cnn1CC12CC3CC(CC(C3)C1)C2
O=C(O)C1=NC(N2CC3=C(CC2)C=CC=C3C(NC4=NC5=CC=CC=C5S4)=O)=CC=C1C6=C(N(N=C6)CC78CC(CC(C8)C9)CC9C7)C,Cc1ccc(C(=O)OC(=O)c2nc(N3CCc4cccc(C(=O)Nc5nc6ccccc6s5)c4C3)ccc2-c2cnn(CC34CC5CC(CC(C5)C3)C4)c2C)cc1
O=C(O)C1=NC(N2CC3=C(CC2)C=CC=C3C(NC4=NC5=CC=CC=C5S4)=O)=CC=C1C6=C(N(N=C6)CC78CC(CC(C8)C9)CC9C7)C,CC(=O)OC(C)OC(=O)c1nc(N2CCc3cccc(C(=O)Nc4nc5ccccc5s4)c3C2)ccc1-c1cnn(CC23CC4CC(CC(C4)C2)C3)c1C
O=C(O)C1=NC(N2CC3=C(CC2)C=CC=C3C(NC4=NC5=CC=CC=C5S4)=O)=CC=C1C6=C(N(N=C6)CC78CC(CC(C8)C9)CC9C7)C,CCC(=O)OC(OC(=O)c1nc(N2CCc3cccc(C(=O)Nc4nc5ccccc5s4)c3C2)ccc1-c1cnn(CC23CC4CC(CC(C4)C2)C3)c1C)C(C)C
O=C(O)C1=NC(N2CC3=C(CC2)C=CC=C3C(NC4=NC5=CC=CC=C5S4)=O)=CC=C1C6=C(N(N=C6)CC78CC(CC(C8)C9)CC9C7)C,Cc1c(-c2ccc(N3CCc4cccc(C(=O)Nc5nc6ccccc6s5)c4C3)nc2C(=O)OC(C)OC(=O)OC(C)C)cnn1CC12CC3CC(CC(C3)C1)C2
O=C(O)C1=NC(N2CC3=C(CC2)C=CC=C3C(NC4=NC5=CC=CC=C5S4)=O)=CC=C1C6=C(N(N=C6)CC78CC(CC(C8)C9)CC9C7)C,COCCOC[C@H](OC(=O)c1nc(N2CCc3cccc(C(=O)Nc4nc5ccccc5s4)c3C2)ccc1-c1cnn(CC23CC4CC(CC(C4)C2)C3)c1C)[*:2]
O=C(O)C1=NC(N2CC3=C(CC2)C=CC=C3C(NC4=NC5=CC=CC=C5S4)=O)=CC=C1C6=C(N(N=C6)CC78CC(CC(C8)C9)CC9C7)C,Cc1c(-c2ccc(N3CCc4cccc(C(=O)Nc5nc6ccccc6s5)c4C3)nc2C(=O)OCCN2CCOCC2)cnn1CC12CC3CC(CC(C3)C1)C2
O=C(O)C1=NC(N2CC3=C(CC2)C=CC=C3C(NC4=NC5=CC=CC=C5S4)=O)=CC=C1C6=C(N(N=C6)CC78CC(CC(C8)C9)CC9C7)C,Cc1c(-c2ccc(N3CCc4cccc(C(=O)Nc5nc6ccccc6s5)c4C3)nc2C(=O)OCOP(=O)(O)O)cnn1CC12CC3CC(CC(C3)C1)C2
O=C(O)C1=NC(N2CC3=C(CC2)C=CC=C3C(NC4=NC5=CC=CC=C5S4)=O)=CC=C1C6=C(N(N=C6)CC78CC(CC(C8)C9)CC9C7)C,Cc1c(-c2ccc(N3CCc4cccc(C(=O)Nc5nc6ccccc6s5)c4C3)nc2C(=O)OC(=O)N2CCC(N3CCCCC3)CC2)cnn1CC12CC3CC(CC(C3)C1)C2
O=C(O)C1=NC(N2CC3=C(CC2)C=CC=C3C(NC4=NC5=CC=CC=C5S4)=O)=CC=C1C6=C(N(N=C6)CC78CC(CC(C8)C9)CC9C7)C,Cc1c(-c2ccc(N3CCc4cccc(C(=O)Nc5nc6ccccc6s5)c4C3)nc2C(=O)OC(=O)CN)cnn1CC12CC3CC(CC(C3)C1)C2
O=C(O)C1=NC(N2CC3=C(CC2)C=CC=C3C(NC4=NC5=CC=CC=C5S4)=O)=CC=C1C6=C(N(N=C6)CC78CC(CC(C8)C9)CC9C7)C,Cc1c(-c2ccc(N3CCc4cccc(C(=O)Nc5nc6ccccc6s5)c4C3)nc2C(=O)OCOC(=O)[C@@H]2N3C(=O)[C@@H](NC(=O)[C@H](N)c4ccccc4)[C@H]3SC2(C)C)cnn1CC12CC3CC(CC(C3)C1)C2
O=C(O)C1=NC(N2CC3=C(CC2)C=CC=C3C(NC4=NC5=CC=CC=C5S4)=O)=CC=C1C6=C(N(N=C6)CC78CC(CC(C8)C9)CC9C7)C,Cc1c(-c2ccc(N3CCc4cccc(C(=O)Nc5nc6ccccc6s5)c4C3)nc2C(=O)OC(C)OC(=O)OC2CCCCC2)cnn1CC12CC3CC(CC(C3)C1)C2
O=C(O)C1=NC(N2CC3=C(CC2)C=CC=C3C(NC4=NC5=CC=CC=C5S4)=O)=CC=C1C6=C(N(N=C6)CC78CC(CC(C8)C9)CC9C7)C,Cc1c(-c2ccc(N3CCc4cccc(C(=O)Nc5nc6ccccc6s5)c4C3)nc2C(=O)OCOC(=O)OC(C)C)cnn1CC12CC3CC(CC(C3)C1)C2
O=C(O)C1=NC(N2CC3=C(CC2)C=CC=C3C(NC4=NC5=CC=CC=C5S4)=O)=CC=C1C6=C(N(N=C6)CC78CC(CC(C8)C9)CC9C7)C,Cc1c(-c2ccc(N3CCc4cccc(C(=O)Nc5nc6ccccc6s5)c4C3)nc2C(=O)OCOC(=O)C(C)(C)C)cnn1CC12CC3CC(CC(C3)C1)C2
O=C(O)C1=NC(N2CC3=C(CC2)C=CC=C3C(NC4=NC5=CC=CC=C5S4)=O)=CC=C1C6=C(N(N=C6)CC78CC(CC(C8)C9)CC9C7)C,Cc1oc(=O)oc1COC(=O)c1nc(N2CCc3cccc(C(=O)Nc4nc5ccccc5s4)c3C2)ccc1-c1cnn(CC23CC4CC(CC(C4)C2)C3)c1C
O=C(O)C1=NC(N2CC3=C(CC2)C=CC=C3C(NC4=NC5=CC=CC=C5S4)=O)=CC=C1C6=C(N(N=C6)CC78CC(CC(C8)C9)CC9C7)C,Cc1c(-c2ccc(N3CCc4cccc(C(=O)Nc5nc6ccccc6s5)c4C3)nc2C(=O)OCOC(=O)OC(C)(C)C)cnn1CC12CC3CC(CC(C3)C1)C2
O=C(O)C1=NC(N2CC3=C(CC2)C=CC=C3C(NC4=NC5=CC=CC=C5S4)=O)=CC=C1C6=C(N(N=C6)CC78CC(CC(C8)C9)CC9C7)C,Cc1c(-c2ccc(N3CCc4cccc(C(=O)Nc5nc6ccccc6s5)c4C3)nc2C(=O)OC(=O)C(C)C)cnn1CC12CC3CC(CC(C3)C1)C2
O=C(O)C1=NC(N2CC3=C(CC2)C=CC=C3C(NC4=NC5=CC=CC=C5S4)=O)=CC=C1C6=C(N(N=C6)CC78CC(CC(C8)C9)CC9C7)C,Cc1c(-c2ccc(N3CCc4cccc(C(=O)Nc5nc6ccccc6s5)c4C3)nc2C(=O)OC(=O)[C@@H](N)CCCCN)cnn1CC12CC3CC(CC(C3)C1)C2
O=C(O)C1=NC(N2CC3=C(CC2)C=CC=C3C(NC4=NC5=CC=CC=C5S4)=O)=CC=C1C6=C(N(N=C6)CC78CC(CC(C8)C9)CC9C7)C,Cc1c(-c2ccc(N3CCc4cccc(C(=O)Nc5nc6ccccc6s5)c4C3)nc2C(=O)OC(=O)c2ccco2)cnn1CC12CC3CC(CC(C3)C1)C2
O=C(O)C1=NC(N2CC3=C(CC2)C=CC=C3C(NC4=NC5=CC=CC=C5S4)=O)=CC=C1C6=C(N(N=C6)CC78CC(CC(C8)C9)CC9C7)C,Cc1c(-c2ccc(N3CCc4cccc(C(=O)Nc5nc6ccccc6s5)c4C3)nc2C(=O)OCOP(=O)([O-])[O-])cnn1CC12CC3CC(CC(C3)C1)C2
O=C(O)C1=NC(N2CC3=C(CC2)C=CC=C3C(NC4=NC5=CC=CC=C5S4)=O)=CC=C1C6=C(N(N=C6)CC78CC(CC(C8)C9)CC9C7)C,Cc1c(-c2ccc(N3CCc4cccc(C(=O)Nc5nc6ccccc6s5)c4C3)nc2C(=O)OC(=O)OC(C)OC(=O)C(C)C)cnn1CC12CC3CC(CC(C3)C1)C2
O=C(O)C1=NC(N2CC3=C(CC2)C=CC=C3C(NC4=NC5=CC=CC=C5S4)=O)=CC=C1C6=C(N(N=C6)CC78CC(CC(C8)C9)CC9C7)C,Cc1c(-c2ccc(N3CCc4cccc(C(=O)Nc5nc6ccccc6s5)c4C3)nc2C(=O)OC(COC(=O)CCCc2ccccc2)COC(=O)CCCc2ccccc2)cnn1CC12CC3CC(CC(C3)C1)C2
O=C(O)C1=NC(N2CC3=C(CC2)C=CC=C3C(NC4=NC5=CC=CC=C5S4)=O)=CC=C1C6=C(N(N=C6)CC78CC(CC(C8)C9)CC9C7)C,CCCCCCCCCCC(=O)OC(=O)c1nc(N2CCc3cccc(C(=O)Nc4nc5ccccc5s4)c3C2)ccc1-c1cnn(CC23CC4CC(CC(C4)C2)C3)c1C
O=C(O)C1=NC(N2CC3=C(CC2)C=CC=C3C(NC4=NC5=CC=CC=C5S4)=O)=CC=C1C6=C(N(N=C6)CC78CC(CC(C8)C9)CC9C7)C,CNCC(=O)OCc1cccnc1N(C)C(=O)OC(C)OC(=O)c1nc(N2CCc3cccc(C(=O)Nc4nc5ccccc5s4)c3C2)ccc1-c1cnn(CC23CC4CC(CC(C4)C2)C3)c1C
O=C(O)C1=NC(N2CC3=C(CC2)C=CC=C3C(NC4=NC5=CC=CC=C5S4)=O)=CC=C1C6=C(N(N=C6)CC78CC(CC(C8)C9)CC9C7)C,CCCCCCCCCCCC(=O)OCOC(=O)c1nc(N2CCc3cccc(C(=O)Nc4nc5ccccc5s4)c3C2)ccc1-c1cnn(CC23CC4CC(CC(C4)C2)C3)c1C
O=C(O)C1=NC(N2CC3=C(CC2)C=CC=C3C(NC4=NC5=CC=CC=C5S4)=O)=CC=C1C6=C(N(N=C6)CC78CC(CC(C8)C9)CC9C7)C,Cc1c(-c2ccc(N3CCc4cccc(C(=O)Nc5nc6ccccc6s5)c4C3)nc2C(=O)OC(=O)C(CC(=O)O)(CC(=O)O)[*:2])cnn1CC12CC3CC(CC(C3)C1)C2
O=C(O)C1=NC(N2CC3=C(CC2)C=CC=C3C(NC4=NC5=CC=CC=C5S4)=O)=CC=C1C6=C(N(N=C6)CC78CC(CC(C8)C9)CC9C7)C,Cc1c(-c2ccc(N3CCc4cccc(C(=O)Nc5nc6ccccc6s5)c4C3)nc2C(=O)OC(=O)[C@@H](N)C(C)C)cnn1CC12CC3CC(CC(C3)C1)C2
O=C(O)C1=NC(N2CC3=C(CC2)C=CC=C3C(NC4=NC5=CC=CC=C5S4)=O)=CC=C1C6=C(N(N=C6)CC78CC(CC(C8)C9)CC9C7)C,Cc1c(-c2ccc(N3CCc4cccc(C(=O)Nc5nc6ccccc6s5)c4C3)nc2C(=O)OCCCCO[N+](=O)[O-])cnn1CC12CC3CC(CC(C3)C1)C2
O=C(O)C1=NC(N2CC3=C(CC2)C=CC=C3C(NC4=NC5=CC=CC=C5S4)=O)=CC=C1C6=C(N(N=C6)CC78CC(CC(C8)C9)CC9C7)C,Cc1ccc(C(=O)OC(=O)c2nc(N3CCc4cccc(C(=O)Nc5nc6ccccc6s5)c4C3)ccc2-c2cnn(CC34CC5CC(CC(C5)C3)C4)c2C)c(C)c1
O=C(O)C1=NC(N2CC3=C(CC2)C=CC=C3C(NC4=NC5=CC=CC=C5S4)=O)=CC=C1C6=C(N(N=C6)CC78CC(CC(C8)C9)CC9C7)C,Cc1c(-c2ccc(N3CCc4cccc(C(=O)Nc5nc6ccccc6s5)c4C3)nc2C(=O)OCOP(=O)([O-])O)cnn1CC12CC3CC(CC(C3)C1)C2
O=C(O)C1=NC(N2CC3=C(CC2)C=CC=C3C(NC4=NC5=CC=CC=C5S4)=O)=CC=C1C6=C(N(N=C6)CC78CC(CC(C8)C9)CC9C7)C,COC(=O)OCOC(=O)c1nc(N2CCc3cccc(C(=O)Nc4nc5ccccc5s4)c3C2)ccc1-c1cnn(CC23CC4CC(CC(C4)C2)C3)c1C
O=C(O)C1=NC(N2CC3=C(CC2)C=CC=C3C(NC4=NC5=CC=CC=C5S4)=O)=CC=C1C6=C(N(N=C6)CC78CC(CC(C8)C9)CC9C7)C,Cc1c(-c2ccc(N3CCc4cccc(C(=O)Nc5nc6ccccc6s5)c4C3)nc2C(=O)OCCN2C(=O)CCC2=O)cnn1CC12CC3CC(CC(C3)C1)C2
O=C(O)C1=NC(N2CC3=C(CC2)C=CC=C3C(NC4=NC5=CC=CC=C5S4)=O)=CC=C1C6=C(N(N=C6)CC78CC(CC(C8)C9)CC9C7)C,Cc1c(-c2ccc(N3CCc4cccc(C(=O)Nc5nc6ccccc6s5)c4C3)nc2C(=O)OC(=O)CCC(=O)O)cnn1CC12CC3CC(CC(C3)C1)C2
O=C(O)C1=NC(N2CC3=C(CC2)C=CC=C3C(NC4=NC5=CC=CC=C5S4)=O)=CC=C1C6=C(N(N=C6)CC78CC(CC(C8)C9)CC9C7)C,Cc1c(-c2ccc(N3CCc4cccc(C(=O)Nc5nc6ccccc6s5)c4C3)nc2C(=O)OC(=O)OC[n+]2cccc(C(=O)N[C@@H](CO)C(=O)[O-])c2)cnn1CC12CC3CC(CC(C3)C1)C2
O=C(O)C1=NC(N2CC3=C(CC2)C=CC=C3C(NC4=NC5=CC=CC=C5S4)=O)=CC=C1C6=C(N(N=C6)CC78CC(CC(C8)C9)CC9C7)C,Cc1c(-c2ccc(N3CCc4cccc(C(=O)Nc5nc6ccccc6s5)c4C3)nc2C(=O)OC(=O)CNC(=O)CNC(=O)CN)cnn1CC12CC3CC(CC(C3)C1)C2
