Prodrug_SMILES,API_SMILES,,,,,,,,,,,,,,,
C1C(C(OC1N2C=C(C(=O)NC2=O)I)CO)O,O=C(NC1=O)C(I)=CN1C2OC(COP(O)(OP(O)(OP(O)(O)=O)=O)=O)C(O)C2,,,,,,,,,,,,,,,
C1=CN(C(=O)N=C1N)C2C(C(C(O2)CO)O)O,C1=CN(C(=O)N=C1N)N2C(C(C(O2)COP(=O)(O)OP(=O)(O)OP(=O)(O)O)O)O,,,,,,,,,,,,,,,
CCC1=CN(C(=O)NC1=O)C2CC(C(O2)CO)O,CCC1=CN(C2CC(O)C(COP(O)(OP(O)(OP(O)(O)=O)=O)=O)O2)C(NC1=O)=O,,,,,,,,,,,,,,,
C1C(C(OC1N2C=C(C(=O)NC2=O)F)CO)O,C1=C(C(=O)NC(=O)N1)F,,,,,,,,,,,,,,,
C1=NC(=O)NC(=C1F)N,O=c1[nH]cc(F)c(=O)[nH]1,,,,,,,,,,,,,,,
CC1([C@@H](N2[C@H](S1)[C@@H](C2=O)NC(=O)C(C3=CC=CC=C3)C(=O)OC4=CC5=C(CCC5)C=C4)C(=O)O)C,CC1([C@@H](N2[C@H](S1)[C@@H](C2=O)NC(=O)C(C3=CC=CC=C3)C(=O)O)C(=O)O)C,,,,,,,,,,,,,,,
C[C@]12C[C@H](O)[C@H]3[C@@H](CCC4=CC(=O)C=C[C@@]43C)[C@@H]1CC[C@]2(O)C(=O)COP(=O)(O)O,C[C@]12C[C@H](O)[C@H]3[C@@H](CCC4=CC(=O)C=C[C@@]43C)[C@@H]1CC[C@]2(O)C(=O)CO,,,,,,,,,,,,,,,
CC(=O)OC[C@H]1O[C@@H](n2ncc(=O)[nH]c2=O)[C@H](OC(C)=O)[C@@H]1OC(C)=O,O=c1cnn([C@@H]2O[C@H](CO)[C@@H](O)[C@H]2O)c(=O)[nH]1,,,,,,,,,,,,,,,
N[C@@H](Cc1ccc(O)c(O)c1)C(=O)O,NCCc1ccc(O)c(O)c1,,,,,,,,,,,,,,,
Cn1nnnc1SCC1=C(C(=O)O)N2C(=O)[C@@H](NC(=O)[C@H](OC=O)c3ccccc3)[C@H]2SC1,Cn1nnnc1SCC1=C(C(=O)O)N2C(=O)[C@@H](NC(=O)[C@H](O)c3ccccc3)[C@H]2SC1,,,,,,,,,,,,,,,
C1=NC(=C2C(=N1)N(C=N2)C3C(C(C(O3)CO)O)O)N,C1=NC(=C2C(=N1)N(C=N2)C3C(C(C(O3)COP(=O)(O)OP(=O)(O)OP(=O)(O)O)O)O)N,,,,,,,,,,,,,,,
C1C(C(OC1N2C=C(C(=O)NC2=O)C(F)(F)F)CO)O,O=C(NC1=O)C(C(F)(F)F)=CN1C2OC(COP(O)(OP(O)(OP(O)(O)=O)=O)=O)C(O)C2,,,,,,,,,,,,,,,
CN(C)N=Nc1[nH]cnc1C(N)=O,C=[N+]=[N-],,,,,,,,,,,,,,,
CCC(=C(C1=CC=CC=C1)C2=CC=C(C=C2)OCCN(C)C)C3=CC=CC=C3,CCC(=C(C1=CC=C(C=C1)O)C2=CC=C(C=C2)OCCNC)C3=CC=CC=C3,,,,,,,,,,,,,,,
C1CNP(=O)(OC1)N(CCCl)CCCl,C(CCl)N(CCCl)P(=O)(N)O,,,,,,,,,,,,,,,
CCCC(C)(COC(=O)N)COC(=O)NC(C)C,CCCC(C)(COC(=O)N)COC(=O)N,,,,,,,,,,,,,,,
C1=CC=C2C(=C1)C=CC3=CC=CC=C3N2C(=O)N,C1=CC=C2C(=C1)C3C(O3)C4=CC=CC=C4N2C(=O)N,,,,,,,,,,,,,,,
O=C(O)C1N=C(c2ccccc2)c2cc(Cl)ccc2NC1=O,O=C1CN=C(c2ccccc2)c2cc(Cl)ccc2N1,,,,,,,,,,,,,,,
O=[N+]([O-])OCC(CO[N+](=O)[O-])O[N+](=O)[O-],[N]=O,,,,,,,,,,,,,,,
C[C@H](CSC(=O)c1ccccc1)C(=O)N1C[C@@H](Sc2ccccc2)C[C@H]1C(=O)O,C[C@H](CS)C(=O)N1C[C@@H](Sc2ccccc2)C[C@H]1C(=O)O,,,,,,,,,,,,,,,
CNCC(O)c1ccc(OC(=O)C(C)(C)C)c(OC(=O)C(C)(C)C)c1,CNCC(O)c1ccc(O)c(O)c1,,,,,,,,,,,,,,,
CCOC(=O)OC(C)OC(=O)[C@@H]1N2C(=O)[C@@H](NC(=O)[C@H](N)c3ccccc3)[C@H]2SC1(C)C,CC1(C)S[C@@H]2[C@H](NC(=O)[C@H](N)c3ccccc3)C(=O)N2[C@H]1C(=O)O,,,,,,,,,,,,,,,
CN1C(=NN=N1)SCC2=C(N3[C@@H]([C@@H](C3=O)NC(=O)[C@@H](C4=CC=CC=C4)OC=O)SC2)C(=O)[O-].[Na+],CN1C(=NN=N1)SCC2=C(N3C(C(C3=O)NC(=O)C(C4=CC=CC=C4)O)SC2)C(=O)O,,,,,,,,,,,,,,,
CCC(C)CCCCC(=O)NC(CCNCS(=O)(=O)[O-])C(=O)NC(C(C)O)C(=O)NC(CCNCS(=O)(=O)[O-])C(=O)NC1CCNC(=O)C(NC(=O)C(NC(=O)C(NC(=O)C(NC(=O)C(NC(=O)C(NC1=O)CCNCS(=O)(=O)[O-])CC(C)C)CC(C)C)CCNCS(=O)(=O)[O-])CCNCS(=O)(=O)[O-])C(C)O,CCC(C)CCCC(=O)NC(CCN)C(=O)NC(C(C)O)C(=O)NC(CCN)C(=O)NC1CCNC(=O)C(NC(=O)C(NC(=O)C(NC(=O)C(NC(=O)C(NC(=O)C(NC1=O)CCN)CC(C)C)CC(C)C)CCN)CCN)C(C)O,,,,,,,,,,,,,,,
C1=CN=CC=C1C(=O)NN,C1=CN(C=C(C1C(=O)C2=CC=NC=C2)C(=O)N)C3C(C(C(O3)COP(=O)([O-])OP(=O)([O-])OCC4C(C(C(O4)N5C=NC6=C(N=CN=C65)N)O)O)O)O,,,,,,,,,,,,,,,
C1N2CN3CN1CN(C2)C3.C1=CC=C(C=C1)C(=O)NCC(=O)O,C=O,,,,,,,,,,,,,,,
C1=NC2=C(N1COCCO)N=C(NC2=O)N,C1=NC2=C(N1COCCOP(=O)(O)OP(=O)(O)OP(=O)(O)O)N=C(NC2=O)N,,,,,,,,,,,,,,,
CCC(=O)OCC(=O)[C@@]1(OC(=O)CC)[C@@H](C)C[C@H]2[C@@H]3CCC4=CC(=O)C=C[C@]4(C)[C@@]3(Cl)[C@@H](O)C[C@@]21C,C[C@H]1C[C@H]2[C@@H]3CCC4=CC(=O)C=C[C@]4(C)[C@@]3(Cl)[C@@H](O)C[C@]2(C)[C@@]1(O)C(=O)CO,,,,,,,,,,,,,,,
CC1=C(CC(=O)O)c2cc(F)ccc2/C1=C\c1ccc(S(C)=O)cc1,CSc1ccc(/C=C2/C(C)=C(CC(=O)O)c3cc(F)ccc32)cc1,,,,,,,,,,,,,,,
C1=CC=NC(=C1)NS(=O)(=O)C2=CC=C(C=C2)N=NC3=CC(=C(C=C3)O)C(=O)O,C1=CC=NC(=C1)NS(=O)(=O)C2=CC=C(C=C2)N,,,,,,,,,,,,,,,
C[C@]12CC(=O)[C@H]3[C@@H](CCC4=CC(=O)C=C[C@@]43C)[C@@H]1CC[C@]2(O)C(=O)CO,C[C@]12C[C@H](O)[C@H]3[C@@H](CCC4=CC(=O)C=C[C@@]43C)[C@@H]1CC[C@]2(O)C(=O)CO,,,,,,,,,,,,,,,
CCN(CC)Cc1cc(Nc2ccnc3cc(Cl)ccc23)ccc1O,CCNCC1=C(C=CC(=C1)NC2=C3C=CC(=CC3=NC=C2)Cl)O,,,,,,,,,,,,,,,
CCCCCCCCCC(=O)OCCN1CCN(CCCN2c3ccccc3Sc3ccc(C(F)(F)F)cc32)CC1,OCCN1CCN(CCCN2c3ccccc3Sc3ccc(C(F)(F)F)cc32)CC1,,,,,,,,,,,,,,,
C#C[C@]1(O)CC[C@H]2[C@@H]3CCc4cc(OC)ccc4[C@H]3CC[C@@]21C,C#C[C@]1(O)CC[C@H]2[C@@H]3CCc4cc(O)ccc4[C@H]3CC[C@@]21C,,,,,,,,,,,,,,,
C[C@]12CC[C@H]3[C@H]([C@@H]1CC[C@@H]2OP(=O)(O)O)CCC4=C3C=CC(=C4)OC(=O)N(CCCl)CCCl,CC12CCC3C(C1CCC2O)CCC4=C3C=CC(=C4)OC(=O)N(CCCl)CCCl,,,,,,,,,,,,,,,
Cn1cnc([N+](=O)[O-])c1Sc1ncnc2nc[nH]c12,S=c1[nH]cnc2nc[nH]c12,,,,,,,,,,,,,,,
COc1ccc2c3c1O[C@H]1[C@@H](O)C=C[C@H]4[C@@H](C2)N(C)CC[C@]314,CN1CC[C@]23c4c5ccc(O)c4O[C@H]2[C@@H](O)C=C[C@H]3[C@H]1C5,,,,,,,,,,,,,,,
COc1ccc2c(c1)[C@]13CCCC[C@@H]1[C@H](C2)N(C)CC3,CN1CC[C@@]23CCCC[C@@H]2[C@@H]1Cc1ccc(O)cc13,,,,,,,,,,,,,,,
C1=NNC2=C1C(=O)NC=N2,C1=NNC2=C1C(=O)NC(=O)N2,,,,,,,,,,,,,,,
CC1=CC=C(C=C1)C(=O)OC2=C(C=C(C=C2)C(CNC(C)(C)C)O)OC(=O)C3=CC=C(C=C3)C,CC(C)(C)NCC(O)c1ccc(O)c(O)c1,,,,,,,,,,,,,,,
CCOC(=O)[C@H](CCc1ccccc1)N[C@@H](C)C(=O)N1CCC[C@H]1C(=O)O,C[C@H](N[C@@H](CCc1ccccc1)C(=O)O)C(=O)N1CCC[C@H]1C(=O)O,,,,,,,,,,,,,,,
CCCCCCCCCC(=O)OC1(CCN(CC1)CCCC(=O)C2=CC=C(C=C2)F)C3=CC=C(C=C3)Cl,C1CN(CCC1(C2=CC=C(C=C2)Cl)O)CCCC(=O)C3=CC=C(C=C3)F,,,,,,,,,,,,,,,
CC[C@H](C)C(=O)O[C@H]1C[C@@H](C)C=C2C=C[C@H](C)[C@H](CC[C@@H]3C[C@@H](O)CC(=O)O3)[C@H]21,CC[C@H](C)C(=O)O[C@H]1CCC=C2C=C[C@H](C)[C@H](CC[C@@H]3C[C@@H](O)CC(=O)O3)[C@H]21,,,,,,,,,,,,,,,
CC(OC(=O)C)OC(=O)C1=C(CSC2N1C(=O)C2NC(=O)C(=NOC)C3=CC=CO3)COC(=O)N,CON=C(C1=CC=CO1)C(=O)NC2C3N(C2=O)C(=C(CS3)COC(=O)N)C(=O)O,,,,,,,,,,,,,,,
CC1=CN(C(=O)NC1=O)C2CC(C(O2)CO)N=[N+]=[N-],CC1=CN(C(=O)NC1=O)C2CC(C(O2)COP(=O)(O)OP(=O)(O)OP(=O)(O)O)N=[N+]=[N-],,,,,,,,,,,,,,,
C1CN(P(=O)(OC1)NCCCl)CCCl,C1COP(=O)(N(C1O)CCCl)NCCCl,,,,,,,,,,,,,,,
CC(C)C(=O)NC1=CC(=C(C=C1)[N+](=O)[O-])C(F)(F)F,CC(C)(C(=O)NC1=CC(=C(C=C1)[N+](=O)[O-])C(F)(F)F)O,,,,,,,,,,,,,,,
C1=NC2=C(N1COC(CO)CO)N=C(NC2=O)N,C1=NC2=C(N1COC(CO)COP(=O)(O)OP(=O)(O)OP(=O)(O)O)N=C(NC2=O)N,,,,,,,,,,,,,,,
CC1=CN=C(C(=C1OC)C)CS(=O)C2=NC3=C(N2)C=C(C=C3)OC,CC1=C[N+]2=C(CSN3C2=NC4=C3C=C(C=C4)OC)C(=C1OC)C,,,,,,,,,,,,,,,
O=C(O)c1cc(N=Nc2ccc(O)c(C(=O)O)c2)ccc1O,Nc1ccc(O)c(C(=O)O)c1,,,,,,,,,,,,,,,
C1=NC2=C(N=C(N=C2N1[C@H]3[C@H]([C@@H]([C@H](O3)COP(=O)(O)O)O)O)F)N,C1=NC2=C(N=C(N=C2N1[C@H]3[C@H]([C@@H]([C@H](O3)CO)O)O)F)N,,,,,,,,,,,,,,,
CCC(C)(C)C(=O)O[C@H]1C[C@H](C=C2[C@H]1[C@H]([C@H](C=C2)C)CC[C@@H]3C[C@H](CC(=O)O3)O)C,CCC(C)(C)C(=O)O[C@H]1C[C@H](C=C2[C@H]1[C@H]([C@H](C=C2)C)CC[C@H](C[C@H](CC(=O)O)O)O)C,,,,,,,,,,,,,,,
CCOC(=O)[C@H](CCc1ccccc1)N[C@H]1CCc2ccccc2N(CC(=O)O)C1=O,O=C(O)CN1C(=O)[C@@H](N[C@@H](CCc2ccccc2)C(=O)O)CCc2ccccc21,,,,,,,,,,,,,,,
CCC(=O)OC(OP(=O)(CCCCc1ccccc1)CC(=O)N1C[C@H](C2CCCCC2)C[C@H]1C(=O)O)C(C)C,O=C(O)[C@@H]1C[C@@H](C2CCCCC2)CN1C(=O)CP(=O)(O)CCCCc1ccccc1,,,,,,,,,,,,,,,
CCOC(=O)[C@H](CCc1ccccc1)N[C@@H](C)C(=O)N1Cc2ccccc2C[C@H]1C(=O)O,C[C@H](N[C@@H](CCc1ccccc1)C(=O)O)C(=O)N1Cc2ccccc2C[C@H]1C(=O)O,,,,,,,,,,,,,,,
CCOC(=O)[C@H](CCc1ccccc1)N[C@@H](C)C(=O)N1[C@H](C(=O)O)C[C@@H]2CCC[C@@H]21,C[C@H](N[C@@H](CCc1ccccc1)C(=O)O)C(=O)N1[C@H](C(=O)O)C[C@@H]2CCC[C@@H]21,,,,,,,,,,,,,,,
C1CC(OC1CO)N2C=NC3=C2N=CNC3=O,C1CC(OC1COP(=O)(O)OP(=O)(O)OP(=O)(O)O)N2C=NC3=C(N=CN=C32)N,,,,,,,,,,,,,,,
COc1ccc2cc(CCC(C)=O)ccc2c1,COc1ccc2cc(CC(=O)O)ccc2c1,,,,,,,,,,,,,,,
COCC1=C(C(=O)OC(C)OC(=O)OC(C)C)N2C(=O)[C@@H](NC(=O)/C(=N\OC)c3csc(N)n3)[C@H]2SC1,COCC1=C(C(=O)O)N2C(=O)[C@@H](NC(=O)/C(=N\OC)c3csc(N)n3)[C@H]2SC1,,,,,,,,,,,,,,,
C1CC(OC1CO)N2C=CC(=NC2=O)N,C1CC(OC1COP(=O)(O)OP(=O)(O)OP(=O)(O)O)N2C=CC(=NC2=O)N,,,,,,,,,,,,,,,
CC[C@]12CC(=C)[C@H]3[C@H]([C@@H]1CC[C@]2(C#C)O)CCC4=CCCC[C@H]34,CC[C@]12CC(=C)[C@H]3[C@H]([C@@H]1CC[C@]2(C#C)O)CCC4=CC(=O)CC[C@H]34,,,,,,,,,,,,,,,
C1C(C(OC1N2C=NC3=C(N=C(N=C32)Cl)N)CO)O,CC1=NC(=C2C(=N1)N(C=N2)C3CC(C(O3)COP(=O)(O)OP(=O)(O)OP(=O)(O)O)O)N,,,,,,,,,,,,,,,
CC(C)OC(=O)C(C)(C)OC1=CC=C(C=C1)C(=O)C2=CC=C(C=C2)Cl,CC(C)(C(=O)O)OC1=CC=C(C=C1)C(=O)C2=CC=C(C=C2)Cl,,,,,,,,,,,,,,,
CCC[C@@H](C(=O)OCC)N[C@@H](C)C(=O)N1[C@H]2CCCC[C@H]2C[C@H]1C(=O)O,CCC[C@@H](C(=O)O)N[C@@H](C)C(=O)N1[C@H]2CCCC[C@H]2C[C@H]1C(=O)O,,,,,,,,,,,,,,,
CCOC(=O)[C@H](CCc1ccccc1)N[C@@H](C)C(=O)N1CC2(C[C@H]1C(=O)O)SCCS2,C[C@H](N[C@@H](CCc1ccccc1)C(=O)O)C(=O)N1CC2(C[C@H]1C(=O)O)SCCS2,,,,,,,,,,,,,,,
CC(=O)OCC(CCn1cnc2cnc(N)nc21)COC(C)=O,C1=NC2=C(N1CCC(CO)COP(=O)(O)OP(=O)(O)OP(=O)(O)O)N=C(NC2=O)N,,,,,,,,,,,,,,,
CC1=CN(C(=O)NC1=O)C2C=CC(O2)CO,CC1=CN(C(=O)NC1=O)C2C=CC(O2)COP(=O)(O)OP(=O)(O)OP(=O)(O)O,,,,,,,,,,,,,,,
NCCCNCCSP(=O)(O)O,NCCCNCCS,,,,,,,,,,,,,,,
C[C@@H](CN1CC(=O)NC(=O)C1)N2CC(=O)NC(=O)C2,CC(CN(CC(=O)N)CC(=O)O)N(CC(=O)N)CC(=O)O,,,,,,,,,,,,,,,
CCOC(=O)[C@H](CCC1=CC=CC=C1)N[C@@H](C)C(=O)N2CC3=CC(=C(C=C3C[C@H]2C(=O)O)OC)OC,C[C@@H](C(=O)N1CC2=CC(=C(C=C2C[C@H]1C(=O)O)OC)OC)N[C@@H](CCC3=CC=CC=C3)C(=O)O,,,,,,,,,,,,,,,
CC[C@H]1OC(=O)[C@H](C)[C@@H](O[C@H]2C[C@@](C)(OC)[C@@H](O)[C@H](C)O2)[C@H](C)[C@@H](O[C@@H]2O[C@H](C)C[C@H](N(C)C)[C@H]2O)[C@](C)(O)C[C@@H](C)[C@@H]2N[C@@H](COCCOC)O[C@H]([C@H]2C)[C@]1(C)O,CC[C@H]1OC(=O)[C@H](C)[C@@H](O[C@H]2C[C@@](C)(OC)[C@@H](O)[C@H](C)O2)[C@H](C)[C@@H](O[C@@H]2O[C@H](C)C[C@H](N(C)C)[C@H]2O)[C@](C)(O)C[C@@H](C)[C@H](N)[C@H](C)[C@@H](O)[C@]1(C)O,,,,,,,,,,,,,,,
CC(C)[C@@H](C(=O)OCCOCN1C=NC2=C1N=C(NC2=O)N)N,C1=NC2=C(N1COCCOP(=O)(O)OP(=O)(O)OP(=O)(O)O)N=C(NC2=O)N,,,,,,,,,,,,,,,
C1C(OC(S1)CO)N2C=CC(=NC2=O)N,C1C(OC(S1)COP(=O)(O)OP(=O)(O)OP(=O)(O)O)N2C=CC(=NC2=O)N,,,,,,,,,,,,,,,
COc1c(C)c2c(c(O)c1C/C=C(\C)CCC(=O)OCCN1CCOCC1)C(=O)OC2,COc1c(C)c2c(c(O)c1C/C=C(\C)CCC(=O)O)C(=O)OC2,,,,,,,,,,,,,,,
CN(C)C[C@H]1CCCC[C@@]1(C2=CC(=CC=C2)OC)O,CN(C)C[C@H]1CCCC[C@@]1(C2=CC(=CC=C2)O)O,,,,,,,,,,,,,,,
CC1=C(C=CN=C1CS(=O)C2=NC3=CC=CC=C3N2)OCC(F)(F)F,CC1=C[N+]2=C(CSN3C2=NC4=C3C=C(C=C4)OC)C(=C1OC)C,,,,,,,,,,,,,,,
CCc1c2c(nc3ccc(OC(=O)N4CCC(N5CCCCC5)CC4)cc13)-c1cc3c(c(=O)n1C2)COC(=O)[C@]3(O)CC,CCc1c2c(nc3ccc(O)cc13)-c1cc3c(c(=O)n1C2)COC(=O)[C@]3(O)CC,,,,,,,,,,,,,,,
O=C(O)CCCc1ccccc1,O=C([O-])Cc1ccccc1,,,,,,,,,,,,,,,
C1=CN(C(=O)N=C1N)C2C(C(C(O2)CO)O)(F)F,C1=CN(C(=O)N=C1N)C2C(C(C(O2)COP(=O)(O)OP(=O)(O)OP(=O)(O)O)O)(F)F,,,,,,,,,,,,,,,
C1=CC=C(C=C1)C2(C(=O)N(C(=O)N2)COP(=O)(O)O)C3=CC=CC=C3,C1=CC=C(C=C1)C2(C(=O)NC(=O)N2)C3=CC=CC=C3,,,,,,,,,,,,,,,
CCOC(=O)[C@H](CCc1ccccc1)N[C@@H](C)C(=O)N1[C@H](C(=O)O)C[C@H]2CCCC[C@@H]21,C[C@H](N[C@@H](CCc1ccccc1)C(=O)O)C(=O)N1[C@H](C(=O)O)C[C@H]2CCCC[C@@H]21,,,,,,,,,,,,,,,
CC(C)OC(=O)CCC/C=C\C[C@H]1[C@@H](O)C[C@@H](O)[C@@H]1CC[C@@H](O)CCc1ccccc1,O=C(O)CCC/C=C\C[C@H]1[C@@H](O)C[C@@H](O)[C@@H]1CC[C@@H](O)CCc1ccccc1,,,,,,,,,,,,,,,
C1=CN(C(=O)N=C1N)CC(CO)OCP(=O)(O)O,C1=CN(C(=O)N=C1N)CC(CO)OCP(=O)(O)OP(=O)(O)O,,,,,,,,,,,,,,,
CC(C)(C)C1=CC=C(C=C1)C(CCCN2CCC(CC2)C(C3=CC=CC=C3)(C4=CC=CC=C4)O)O,CC(C)(C1=CC=C(C=C1)C(CCCN2CCC(CC2)C(C3=CC=CC=C3)(C4=CC=CC=C4)O)O)C(=O)O,,,,,,,,,,,,,,,
COc1ccc(OC)c(C(O)CNC(=O)CN)c1,COc1ccc(OC)c(C(O)CN)c1,,,,,,,,,,,,,,,
COC(=O)[C@H](C1=CC=CC=C1Cl)N2CCC3=C(C2)C=CS3,COC(=O)[C@H](C1=CC=CC=C1Cl)N2CCC(C(=CC(=O)O)C2)S,,,,,,,,,,,,,,,
CC1([C@@H](N2[C@H](S1)[C@@H](C2=O)NC(=O)[C@@H](C3=CC=CC=C3)N)C(=O)OCOC(=O)[C@H]4C(S(=O)(=O)[C@H]5N4C(=O)C5)(C)C)C,CC1([C@@H](N2[C@H](S1(=O)=O)CC2=O)C(=O)O)C,,,,,,,,,,,,,,,
CCOC(=O)c1ccc(C#Cc2ccc3c(c2)C(C)(C)CCS3)nc1,CC1(C)CCSc2ccc(C#Cc3ccc(C(=O)O)cn3)cc21,,,,,,,,,,,,,,,
CCCCCOC(=O)Nc1nc(=O)n([C@@H]2O[C@H](C)[C@@H](O)[C@H]2O)cc1F,O=c1[nH]cc(F)c(=O)[nH]1,,,,,,,,,,,,,,,
CCOC1=NC2=CC=CC(=C2N1CC3=CC=C(C=C3)C4=CC=CC=C4C5=NNN=N5)C(=O)OC(C)OC(=O)OC6CCCCC6,CCOC1=NC2=CC=CC(=C2N1CC3=CC=C(C=C3)C4=CC=CC=C4C5=NNN=N5)C(=O)O,,,,,,,,,,,,,,,
C1=NC(=NN1C2C(C(C(O2)CO)O)O)C(=O)N,C1=NC(=NN1C2C(C(C(O2)COP(=O)(O)OP(=O)(O)OP(=O)(O)O)O)O)C(=O)N,,,,,,,,,,,,,,,
C1CC1NC2=C3C(=NC(=N2)N)N(C=N3)C4CC(C=C4)CO,C1C(C=CC1N2C=NC3=C2N=C(NC3=O)N)COP(=O)(O)OP(=O)(O)OP(=O)(O)O,,,,,,,,,,,,,,,
Cc1oncc1C(=O)Nc1ccc(C(F)(F)F)cc1,C/C(O)=C(\C#N)C(=O)Nc1ccc(C(F)(F)F)cc1,,,,,,,,,,,,,,,
Cn1nnc2c(C(N)=O)ncn2c1=O,CN1C(=CN=C1N=NN)C(=O)N,,,,,,,,,,,,,,,
CCOC(=O)C1=C[C@@H](OC(CC)CC)[C@H](NC(C)=O)[C@@H](N)C1,CCC(CC)O[C@@H]1C=C(C(=O)O)C[C@H](N)[C@H]1NC(C)=O,,,,,,,,,,,,,,,
CC(C)C(C)C=CC(C)C1CCC2C1(CCCC2=CC=C3CC(CC(C3=C)O)O)C,CC(C=CC(C)C(C)(C)O)C1CCC2C1(CCCC2=CC=C3CC(CC(C3=C)O)O)C,,,,,,,,,,,,,,,
CC1=C(C=CN=C1CS(=O)C2=NC3=CC=CC=C3N2)OCCCOC,CC1=C[N+]2=C(CSN3C2=NC4=C3C=C(C=C4)OC)C(=C1OC)C,,,,,,,,,,,,,,,
C1C2=CC=CC=C2N(C3=CC=CC=C3C1=O)C(=O)N,C1C(C2=CC=CC=C2N(C3=CC=CC=C31)C(=O)N)O,,,,,,,,,,,,,,,
CCCCCCCC(=O)CC[C@H]1[C@H](O)C[C@H](O)[C@@H]1C/C=C\CCCC(=O)OC(C)C,CCCCCCCC(=O)CC[C@H]1[C@H](O)C[C@H](O)[C@@H]1C/C=C\CCCC(=O)O,,,,,,,,,,,,,,,
CC(C)N=C(N)N=C(N)NC1=CC=C(C=C1)Cl,CC1(N=C(N=C(N1C2=CC=C(C=C2)Cl)N)N)C,,,,,,,,,,,,,,,
O=C(O)CCNC(=O)c1ccc(/N=N/c2ccc(O)c(C(=O)O)c2)cc1,Nc1ccc(O)c(C(=O)O)c1,,,,,,,,,,,,,,,
COC1=C(C(=NC=C1)CS(=O)C2=NC3=C(N2)C=C(C=C3)OC(F)F)OC,CC1=C[N+]2=C(CSN3C2=NC4=C3C=C(C=C4)OC)C(=C1OC)C,,,,,,,,,,,,,,,
CC(C)OC(=O)CCC/C=C\C[C@H]1[C@@H](O)C[C@@H](O)[C@@H]1/C=C/[C@@H](O)COc1cccc(C(F)(F)F)c1,O=C(O)CCC/C=C\C[C@H]1[C@@H](O)C[C@@H](O)[C@@H]1/C=C/[C@@H](O)COc1cccc(C(F)(F)F)c1,,,,,,,,,,,,,,,
CC(C)[C@H](N)C(=O)OCC(CO)OCn1cnc2c(=O)nc(N)[nH]c21,C1=NC2=C(N1COC(CO)COP(=O)(O)OP(=O)(O)OP(=O)(O)O)N=C(NC2=O)N,,,,,,,,,,,,,,,
CC(C)OC(=O)OCOP(=O)(CO[C@H](C)Cn1cnc2c(N)ncnc21)OCOC(=O)OC(C)C,C[C@H](Cn1cnc2c(N)ncnc21)OCP(=O)(O)O,,,,,,,,,,,,,,,
CO/N=C(\C(=O)N[C@@H]1C(=O)N2C(C(=O)OCOC(=O)C(C)(C)C)=C(/C=C\c3scnc3C)CS[C@H]12)c1csc(N)n1,CO/N=C(\C(=O)N[C@@H]1C(=O)N2C(C(=O)O)=C(/C=C\c3scnc3C)CS[C@H]12)c1csc(N)n1,,,,,,,,,,,,,,,
CC1=CN=C(C(=C1OC)C)CS(=O)C2=NC3=C(N2)C=C(C=C3)OC,CC1=C[N+]2=C(CSN3C2=NC4=C3C=C(C=C4)OC)C(=C1OC)C,,,,,,,,,,,,,,,
CCCC1=NC(=C(N1CC2=CC=C(C=C2)C3=CC=CC=C3C4=NNN=N4)C(=O)OCC5=C(OC(=O)O5)C)C(C)(C)O,CCCC1=NC(=C(N1CC2=CC=C(C=C2)C3=CC=CC=C3C4=NNN=N4)C(=O)O)C(C)(C)O,,,,,,,,,,,,,,,
CC(C)(C)OC(=O)OCOP(=O)(COCCn1cnc2c(N)ncnc21)OCOC(=O)OC(C)(C)C,Nc1ncnc2c1ncn2CCOCP(=O)(O)O,,,,,,,,,,,,,,,
CC(=O)OC1=CC=CC=C1C(=O)NC2=NC=C(S2)[N+](=O)[O-],C1=CC=C(C(=C1)C(=O)NC2=NC=C(S2)[N+](=O)[O-])O,,,,,,,,,,,,,,,
C1=NC2=C(N1CCC(CO)CO)N=C(NC2=O)N,C1=NC2=C(N1CCC(CO)COP(=O)(O)OP(=O)(O)OP(=O)(O)O)N=C(NC2=O)N,,,,,,,,,,,,,,,
CC(C)CN(C[C@@H](OP(=O)(O)O)[C@H](Cc1ccccc1)NC(=O)O[C@H]1CCOC1)S(=O)(=O)c1ccc(N)cc1,CC(C)CN(C[C@@H](O)[C@H](Cc1ccccc1)NC(=O)O[C@H]1CCOC1)S(=O)(=O)c1ccc(N)cc1,,,,,,,,,,,,,,,
C1C(OC(S1)CO)N2C=C(C(=NC2=O)N)F,C1C(OC(S1)COP(=O)(O)OP(=O)(O)OP(=O)(O)O)N2C=C(C(=NC2=O)N)F,,,,,,,,,,,,,,,
COC(=O)CCC(=O)CN,C=CC1=C(C)c2cc3[nH]c(cc4nc(cc5[nH]c(cc1n2)c(C)c5CCC(=O)[O-])C(CCC(=O)[O-])=C4C)c(C)c3C=C,,,,,,,,,,,,,,,
C1=NC2=C(N=C(N=C2N1C3C(C(C(O3)CO)O)F)Cl)N,C1=NC2=C(N=C(N=C2N1C3C(C(C(O3)COP(=O)(O)OP(=O)(O)OP(=O)(O)O)O)F)Cl)N,,,,,,,,,,,,,,,
C1=NC(=NC(=O)N1C2C(C(C(O2)CO)O)O)N,O=C1N=C(N)N=CN1C2C(O)C(O)C(COP(O)(OP(O)(OP(O)(O)=O)=O)=O)O2,,,,,,,,,,,,,,,
C=C1C(CC(C1CO)O)N2C=NC3=C2N=C(NC3=O)N,C=C1C(CC(C1OP(=O)(O)OP(=O)(O)OP(=O)(O)O)O)N2C=NC3=C2N=C(NC3=O)N,,,,,,,,,,,,,,,
COC1=NC(=NC2=C1N=CN2C3C(C(C(O3)CO)O)O)N,C1=NC2=C(N1C3C(C(C(O3)COP(=O)(O)OP(=O)(O)OP(=O)(O)O)O)O)N=C(NC2=O)N,,,,,,,,,,,,,,,
NC(=O)Cc1cccc(C(=O)c2ccccc2)c1N,Nc1c(CC(=O)O)cccc1C(=O)c1ccccc1,,,,,,,,,,,,,,,
C1C(C(OC1N2C=NC(=NC2=O)N)CO)O,O=C1N=C(N)N=CN1C2OC(COP(O)(OP(O)(OP(O)(O)=O)=O)=O)C(O)C2,,,,,,,,,,,,,,,
CC1=CN(C(=O)NC1=O)C2CC(C(O2)CO)O,CC1=CN(C(=O)NC1=O)C2CC(C(O2)COP(=O)(O)OP(=O)(O)OP(=O)(O)O)O,,,,,,,,,,,,,,,
CC(C)C(=O)OCC(=O)[C@@]12[C@@H](C[C@@H]3[C@@]1(C[C@@H]([C@H]4[C@H]3CCC5=CC(=O)C=C[C@]45C)O)C)O[C@H](O2)C6CCCCC6,C[C@]12C[C@@H]([C@H]3[C@H]([C@@H]1C[C@@H]4[C@]2(O[C@@H](O4)C5CCCCC5)C(=O)CO)CCC6=CC(=O)C=C[C@]36C)O,,,,,,,,,,,,,,,
C[C@@H]1C[C@H]2[C@@H]3C[C@H](F)C4=CC(=O)C=C[C@]4(C)[C@@]3(F)[C@@H](O)C[C@]2(C)[C@@]1(OC(=O)c1ccco1)C(=O)SCF,C[C@@H]1C[C@H]2[C@@H]3C[C@H](F)C4=CC(=O)C=C[C@]4(C)[C@@]3(F)[C@@H](O)C[C@]2(C)[C@@]1(O)C(=O)SCF,,,,,,,,,,,,,,,
C[C@@H](CC1=CC=CC=C1)NC(=O)[C@H](CCCCN)N.CS(=O)(=O)O.CS(=O)(=O)O,C[C@@H](CC1=CC=CC=C1)N,,,,,,,,,,,,,,,
CC(C)C(=O)OC1=C(C=C(C=C1)CO)[C@H](CCN(C(C)C)C(C)C)C2=CC=CC=C2.C(=C/C(=O)O)\\C(=O)O,CC(C)N(CC[C@H](C1=CC=CC=C1)C2=C(C=CC(=C2)CO)O)C(C)C,,,,,,,,,,,,,,,
C[C@@H](O[C@H]1OCCN(Cc2nn(P(=O)(O)O)c(=O)[nH]2)[C@H]1c1ccc(F)cc1)c1cc(C(F)(F)F)cc(C(F)(F)F)c1,C[C@@H](O[C@H]1OCCN(Cc2n[nH]c(=O)[nH]2)[C@H]1c1ccc(F)cc1)c1cc(C(F)(F)F)cc(C(F)(F)F)c1,,,,,,,,,,,,,,,
CC(C)C1=C(C(=CC=C1)C(C)C)OCOP(=O)([O-])[O-].[Na+].[Na+],CC(C)C1=C(C(=CC=C1)C(C)C)O,,,,,,,,,,,,,,,
CC=C1C(=O)NC(C(=O)OC2CC(=O)NC(C(=O)NC(CSSCCC=C2)C(=O)N1)C(C)C)C(C)C,CC=C1C(=O)NC(C(=O)OC(CC(=O)NC(C(=O)NC(C(=O)N1)CS)C(C)C)C=CCCS)C(C)C,,,,,,,,,,,,,,,
CC(=O)OC1=CC2=C(S1)CCN(C2)C(C3=CC=CC=C3F)C(=O)C4CC4,C1CC1C(=O)C(C2=CC=CC=C2F)N3CCC(C(=CC(=O)O)C3)S,,,,,,,,,,,,,,,
CCCCCCOC(=O)/N=C(/N)c1ccc(NCc2nc3cc(C(=O)N(CCC(=O)OCC)c4ccccn4)ccc3n2C)cc1,Cn1c(CNc2ccc(C(=N)N)cc2)nc2cc(C(=O)N(CCC(=O)O)c3ccccn3)ccc21,,,,,,,,,,,,,,,
CCO/N=C(\C(=O)N[C@@H]1C(=O)N2C(C(=O)[O-])=C(Sc3nc(-c4cc[n+](C)cc4)cs3)CS[C@H]12)c1nsc(NP(=O)(O)O)n1,CCO/N=C(\C(=O)N[C@@H]1C(=O)N2C(C(=O)[O-])=C(Sc3nc(-c4cc[n+](C)cc4)cs3)CS[C@H]12)c1nsc(N)n1,,,,,,,,,,,,,,,
CCCCCCCCc1ccc(CCC(N)(CO)CO)cc1,CCCCCCCCc1ccc(CCC(N)(CO)COP(=O)(O)O)cc1,,,,,,,,,,,,,,,
CC(=O)O[C@H]1CC[C@@]2(C)C(=CC[C@H]3[C@@H]4CC=C(c5cccnc5)[C@@]4(C)CC[C@@H]32)C1,C[C@]12CC[C@H]3[C@@H](CC=C4C[C@@H](O)CC[C@@]43C)[C@@H]1CC=C2c1cccnc1,,,,,,,,,,,,,,,
CC(OC(=O)NCC1(CC(=O)O)CCCCC1)OC(=O)C(C)C,NCC1(CC(=O)O)CCCCC1,,,,,,,,,,,,,,,
CCOc1nc2cccc(C(=O)OCc3oc(=O)oc3C)c2n1Cc1ccc(-c2ccccc2-c2noc(=O)[nH]2)cc1,CCOc1nc2cccc(C(=O)O)c2n1Cc1ccc(-c2ccccc2-c2noc(=O)[nH]2)cc1,,,,,,,,,,,,,,,
CC(C)OC(=O)CCCC=CCC1C(CC(C1C=CC(COC2=CC=CC=C2)(F)F)O)O,C1C(C(C(C1O)C=CC(COC2=CC=CC=C2)(F)F)CC=CCCCC(=O)O)O,,,,,,,,,,,,,,,
CC(=O)O[C@H]1CC2=CC=CC=C2N(C3=CC=CC=C13)C(=O)N,C1[C@@H](C2=CC=CC=C2N(C3=CC=CC=C31)C(=O)N)O,,,,,,,,,,,,,,,
C[C@@H](C(=O)OC(C)C)N[P@](=O)(OC[C@@H]1[C@H]([C@@]([C@@H](O1)N2C=CC(=O)NC2=O)(C)F)O)OC3=CC=CC=C3,C[C@]1([C@@H]([C@H](O[C@H]1N2C=CC(=O)NC2=O)COP(=O)(O)OP(=O)(O)OP(=O)(O)O)O)F,,,,,,,,,,,,,,,
COC(=O)C=CC(=O)OC,COC(=O)C=CC(=O)O,,,,,,,,,,,,,,,
C1=CC=C(C=C1)CCCC(=O)OCC(COC(=O)CCCC2=CC=CC=C2)OC(=O)CCCC3=CC=CC=C3,C1=CC=C(C=C1)CCCC(=O)O,,,,,,,,,,,,,,,
Cn1nnc(-c2ccc(-c3ccc(N4C[C@H](COP(=O)(O)O)OC4=O)cc3F)cn2)n1,Cn1nnc(-c2ccc(-c3ccc(N4C[C@H](CO)OC4=O)cc3F)cn2)n1,,,,,,,,,,,,,,,
CCCCCCCCCCC(=O)O[C@H]1CC[C@@H]2[C@@]1(CC[C@H]3[C@H]2CCC4=CC(=O)CC[C@]34C)C,C[C@]12CC[C@H]3[C@H]([C@@H]1CC[C@@H]2O)CCC4=CC(=O)CC[C@]34C,,,,,,,,,,,,,,,
N[C@H](C(=O)O)[C@H](O)c1ccc(O)c(O)c1,NCC(O)c1ccc(O)c(O)c1,,,,,,,,,,,,,,,
CC(C)C[C@H](NC(=O)CNC(=O)c1cc(Cl)ccc1Cl)B1OC(=O)C(CC(=O)O)(CC(=O)O)O1,CC(C)C[C@H](NC(=O)CNC(=O)c1cc(Cl)ccc1Cl)B(O)O,,,,,,,,,,,,,,,
CC(C)N(CCCCOCC(=O)NS(C)(=O)=O)c1cnc(-c2ccccc2)c(-c2ccccc2)n1,CC(C)N(CCCCOCC(=O)O)c1cnc(-c2ccccc2)c(-c2ccccc2)n1,,,,,,,,,,,,,,,
CCOC(=O)[C@H](C)C[C@@H](CC1=CC=C(C=C1)C2=CC=CC=C2)NC(=O)CCC(=O)O,C[C@H](C[C@@H](CC1=CC=C(C=C1)C2=CC=CC=C2)NC(=O)CCC(=O)O)C(=O)O,,,,,,,,,,,,,,,
CNCC(=O)OCc1cccnc1N(C)C(=O)OC(C)[n+]1cnn(C[C@](O)(c2cc(F)ccc2F)[C@@H](C)c2nc(-c3ccc(C#N)cc3)cs2)c1,C[C@@H](c1nc(-c2ccc(C#N)cc2)cs1)[C@](O)(Cn1cncn1)c1cc(F)ccc1F,,,,,,,,,,,,,,,
CC(C)OC(=O)[C@H](C)N[P@](=O)(CO[C@H](C)Cn1cnc2c(N)ncnc21)Oc1ccccc1,C[C@H](Cn1cnc2c(N)ncnc21)OCP(=O)(O)O,,,,,,,,,,,,,,,
CCCCCCCCCCCC(=O)OCN1C(=O)CCc2ccc(OCCCCN3CCN(c4cccc(Cl)c4Cl)CC3)cc21,O=C1CCc2ccc(OCCCCN3CCN(c4cccc(Cl)c4Cl)CC3)cc2N1,,,,,,,,,,,,,,,
CC(=O)OC[C@H]1O[C@@H](n2ccc(=O)[nH]c2=O)[C@H](OC(C)=O)[C@@H]1OC(C)=O,O=c1ccn([C@@H]2O[C@H](CO)[C@@H](O)[C@H]2O)c(=O)[nH]1,,,,,,,,,,,,,,,
NCC(=O)CCC(=O)O,C=CC1=C(C)c2cc3[nH]c(cc4nc(cc5[nH]c(cc1n2)c(C)c5CCC(=O)[O-])C(CCC(=O)[O-])=C4C)c(C)c3C=C,,,,,,,,,,,,,,,
CC(C)C[C@@H]1CN2CCC3=CC(=C(C=C3[C@H]2C[C@H]1OC(=O)[C@H](C(C)C)N)OC)OC,CC(C)CC1CN2CCC3=CC(=C(C=C3C2CC1O)OC)OC,,,,,,,,,,,,,,,
[2H]C([2H])([2H])OC1=C(C=C2[C@H]3CC(=O)[C@@H](CN3CCC2=C1)CC(C)C)OC([2H])([2H])[2H],CC(C)CC1CN2CCC3=CC(=C(C=C3C2CC1O)OC)OC,,,,,,,,,,,,,,,
C1C(C(C(C1O)CC=CCCCC(=O)OCCCCO[N+](=O)[O-])CCC(CCC2=CC=CC=C2)O)O,C1C(C(C(C1O)CC=CCCCC(=O)O)CCC(CCC2=CC=CC=C2)O)O,,,,,,,,,,,,,,,
CC1=CC(=C(C=C1)C(=O)OCC2=CC=C(C=C2)C(CN)C(=O)NC3=CC4=C(C=C3)C=NC=C4)C,OCC1=CC=C(C(C(NC2=CC3=C(C=NC=C3)C=C2)=O)CN)C=C1,,,,,,,,,,,,,,,
C1=CC=C(C=C1)CNC(=O)CN2C=CN=C2[N+](=O)[O-],NC1=NC(O)C(O)N1,,,,,,,,,,,,,,,
C=1(N(C(=NC1)C)CC(C)O)[N+]([O-])=O,CC1=NC=C(N1CC(C)O)N,,,,,,,,,,,,,,,
CC1=N[C@@]2([C@H](O1)C[C@@H]3[C@@]2(C[C@@H]([C@H]4[C@H]3CCC5=CC(=O)C=C[C@]45C)O)C)C(=O)COC(=O)C,CC1=N[C@@]2([C@H](O1)C[C@@H]3[C@@]2(C[C@@H]([C@H]4[C@H]3CCC5=CC(=O)C=C[C@]45C)O)C)C(=O)CO,,,,,,,,,,,,,,,
CCOC(=O)[C@H](CC1=CC=C(C=C1)C2=CC(=NC(=N2)N)O[C@H](C3=C(C=C(C=C3)Cl)N4C=CC(=N4)C)C(F)(F)F)N,CC1=NN(C=C1)C2=C(C=CC(=C2)Cl)[C@H](C(F)(F)F)OC3=NC(=NC(=C3)C4=CC=C(C=C4)C[C@@H](C(=O)O)N)N,,,,,,,,,,,,,,,
C1=CC=NC(=C1)C(C2=CC=C(C=C2)OS(=O)(=O)[O-])C3=CC=C(C=C3)OS(=O)(=O)[O-].[Na+].[Na+],C1=CC=NC(=C1)C(C2=CC=C(C=C2)O)C3=CC=C(C=C3)O,,,,,,,,,,,,,,,
CC1=CC=CC=C1C2=CC(=NC=C2N(C)C(=O)C(C)(C)C3=CC(=CC(=C3)C(F)(F)F)C(F)(F)F)N4CC[N+](CC4)(C)COP(=O)(O)[O-],CC1=CC=CC=C1C2=CC(=NC=C2N(C)C(=O)C(C)(C)C3=CC(=CC(=C3)C(F)(F)F)C(F)(F)F)N4CCN(CC4)C,,,,,,,,,,,,,,,
CC1=CC(=NC2=C1C(=C(C=C2NC(C)CCCN)OC)OC3=CC=CC(=C3)C(F)(F)F)OC,CC1=C(C(C(C=C2NC(CCCN)C)=O)=O)C2=NC(OC)=C1,,,,,,,,,,,,,,,
COC(=O)OCOC1=C2C(=O)N3CCOC[C@H]3N(N2C=CC1=O)[C@H]4C5=C(CSC6=CC=CC=C46)C(=C(C=C5)F)F,C1COC[C@@H]2N1C(=O)C3=C(C(=O)C=CN3N2[C@H]4C5=C(CSC6=CC=CC=C46)C(=C(C=C5)F)F)O,,,,,,,,,,,,,,,
CC1(C(=O)N(C2=C(O1)C=CC(=N2)NC3=NC(=NC=C3F)NC4=CC(=C(C(=C4)OC)OC)OC)COP(=O)(O)O)C,CC1(C(=O)NC2=C(O1)C=CC(=N2)NC3=NC(=NC=C3F)NC4=CC(=C(C(=C4)OC)OC)OC)C,,,,,,,,,,,,,,,
C1C(COC2=NC(=CN21)[N+](=O)[O-])OCC3=CC=C(C=C3)OC(F)(F)F,FC(F)(F)OC(C=C1)=CC=C1COC2CN3C=CN=C3OC2,,,,,,,,,,,,,,,
COC(/C=C/C(OCCN1C(CCC1=O)=O)=O)=O,COC(/C=C/C(O)=O)=O,,,,,,,,,,,,,,,
CC(C)(CCCCCC(CCCCCC(C)(C)C(=O)O)O)C(=O)O,O=C(C(C)(C)CCCCCC(O)CCCCCC(C)(C(O)=O)C)SCCNC(CCNC(C(O)C(C)(COP(O)(OP(O)(OCC1C(OP(O)(O)=O)C(O)C(N2C=NC3=C(N)N=CN=C32)O1)=O)=O)C)=O)=O,,,,,,,,,,,,,,,
CC1=NN(C=N1)C2=NC=C(C3=C2N(C=C3C(=O)C(=O)N4CCN(CC4)C(=O)C5=CC=CC=C5)COP(=O)(O)O)OC,CC1=NN(C=N1)C2=NC=C(C3=C2NC=C3C(=O)C(=O)N4CCN(CC4)C(=O)C5=CC=CC=C5)OC,,,,,,,,,,,,,,,
CCC(CC)COC(=O)[C@H](C)N[P@](=O)(OC[C@H]1O[C@@](C#N)(c2ccc3c(N)ncnn23)[C@H](O)[C@@H]1O)Oc1ccccc1,C1=C2C(=NC=NN2C(=C1)C3(C(C(C(O3)COP(=O)(O)OP(=O)(O)OP(=O)(O)O)O)O)C#N)N,,,,,,,,,,,,,,,
CC1CCC2C(C(OC3C24C1CCC(O3)(OO4)C)OC(=O)CCC(=O)O)C,CC1CCC2C(C(OC3C24C1CCC(O3)(OO4)C)O)C,,,,,,,,,,,,,,,
CC1CS(=O)(=O)CCN1N=CC2=CC=C(O2)[N+](=O)[O-],[O-][O],,,,,,,,,,,,,,,
CCCCCCC(=O)OCC(COC(=O)CCCCCC)OC(=O)CCCCCC,CCCCCCC(=O)[O-],,,,,,,,,,,,,,,
CCOC(=O)C(CC1=CC=C(C=C1)F)NC(=O)C(CC2=CC=C(C=C2)N(CCCl)CCCl)N,C1=CC(=CC=C1CC(C(=O)O)N)N(CCCl)CCCl,,,,,,,,,,,,,,,
CN1C(=CN=C1COC2=CC=C(C=C2)SC)[N+](=O)[O-],CN1C(N)=CN=C1COC2=CC=C(SC)C=C2,,,,,,,,,,,,,,,
CCCCCCCCCCCCCCCCOCCCOP(=O)(COC(CN1C=CC(=NC1=O)N)CO)O,C1=CN(C(=O)N=C1N)CC(CO)OCP(=O)(O)OP(=O)(O)O,,,,,,,,,,,,,,,
COC(=O)[C@@H]([C@H]1CCCCN1C(=O)OC[N+]2=CC=CC(=C2)C(=O)N[C@@H](CO)C(=O)[O-])C3=CC=CC=C3,COC(=O)[C@@H]([C@H]1CCCCN1)C2=CC=CC=C2,,,,,,,,,,,,,,,
C1CC(N(C1)C(=O)C2CSSCC(C(=O)NC(C(=O)NC(C(=O)NC(C(=O)NC(C(=O)N2)CC(=O)N)CCC(=O)N)CC3=CC=CC=C3)CC4=CC=C(C=C4)O)NC(=O)CNC(=O)CNC(=O)CN)C(=O)NC(CCCCN)C(=O)NCC(=O)N,C1CC(N(C1)C(=O)C2CSSCC(C(=O)NC(C(=O)NC(C(=O)NC(C(=O)NC(C(=O)N2)CC(=O)N)CCC(=O)N)CC3=CC=CC=C3)CC4=CC=C(C=C4)O)N)C(=O)NC(CCCCN)C(=O)NCC(=O)N,,,,,,,,,,,,,,,
CC(C)OC(=O)CNC1=CC=CC(=N1)CN(CC2=CC=C(C=C2)N3C=CC=N3)S(=O)(=O)C4=CN=CC=C4,C1=CC(=NC(=C1)NCC(=O)O)CN(CC2=CC=C(C=C2)N3C=CC=N3)S(=O)(=O)C4=CN=CC=C4,,,,,,,,,,,,,,,
