Prodrug_SMILES,API_SMILES
CSCC[C@@H](C(=O)N[C@]1(CS(=O)(=O)[C@@H]2[C@H]1[C@H]2C(=O)O)C(=O)O)N,C1[C@]([C@@H]2[C@H]([C@@H]2S1(=O)=O)C(=O)O)(C(=O)O)N
CO/N=C(\\N)/C1=CC=C(C=C1)C2=CC=C(O2)C3=CC=C(C=C3)/C(=N/OC)/N.C(=C\\C(=O)O)\\C(=O)O,C1=CC(=CC=C1C2=CC=C(O2)C3=CC=C(C=C3)C(=N)N)C(=N)N
CCCCOC(=O)N1CCN(CC1)C(=O)[C@H](CP(=O)(OCOC(=O)OC(C)C)OCOC(=O)OC(C)C)NC(=O)C2=CC(=NC(=N2)C3=CC=CC=C3)N4CC[C@@H](C4)OC,CCCCOC(=O)N1CCN(CC1)C(=O)[C@H](CP(=O)(O)O)NC(=O)C2=CC(=NC(=N2)C3=CC=CC=C3)N4CC[C@@H](C4)OC
CC(=O)O[C@@H]1C[C@H](O[C@H]1N2C3=NC(=NC=C3SC2=O)N)CO,C([C@@H]1[C@H]([C@H]([C@@H](O1)N2C3=C(C(=O)NC(=N3)N)SC2=O)O)O)O
CC(C)C(=O)OC[C@@]1(C(C(C(O1)N2C=CC(=NC2=O)N)OC(=O)C(C)C)OC(=O)C(C)C)N=[N+]=[N-],C1=CN(C(=O)N=C1N)[C@H]2[C@@H]([C@@H]([C@](O2)(CO)N=[N+]=[N-])O)O
CC(C)C(=O)OC1=C(C=C(C=C1)CCNC)OC(=O)C(C)C,CNCCC1=CC(=C(C=C1)O)O
C[C@H]1[C@H]([C@H](C[C@@H](O1)O[C@H]2C[C@@](CC3=C2C(=C4C(=C3O)C(=O)C5=C(C4=O)C(=CC=C5)OC)O)(/C(=N/NC(=O)CCCCCN6C(=O)C=CC6=O)/CO)O)N)O,C[C@H]1[C@H]([C@H](C[C@@H](O1)O[C@H]2C[C@@](CC3=C2C(=C4C(=C3O)C(=O)C5=C(C4=O)C(=CC=C5)OC)O)(C(=O)CO)O)N)O
CSCC[C@@H](C(=O)N[C@]1(CS(=O)(=O)[C@@H]2[C@H]1[C@H]2C(=O)O)C(=O)O)N,C1[C@]([C@@H]2[C@H]([C@@H]2S1(=O)=O)C(=O)O)(C(=O)O)N
CN1C(=CN=C1[N+](=O)[O-])COP(=O)(NCCBr)NCCBr,C(CBr)NP(=O)(NCCBr)O
CC[C@@]1(C[C@H]2C[C@@](C3=C(CCN(C2)C1)C4=CC=CC=C4N3)(C5=C(C=C6C(=C5)[C@]78CCN9[C@H]7[C@@](C=CC9)([C@H]([C@@]([C@@H]8N6C)(C(=O)NNC(=O)OCCSSC[C@@H](C(=O)O)NC(=O)[C@H](CC(=O)O)NC(=O)[C@H](CC(=O)O)NC(=O)[C@H](CCCNC(=N)N)NC(=O)[C@H](CC(=O)O)NC(=O)CC[C@@H](C(=O)O)NC(=O)C1=CC=C(C=C1)NCC1=CN=C2C(=N1)C(=O)NC(=N2)N)O)O)CC)OC)C(=O)OC)O,CC[C@@]1(C[C@H]2C[C@@](C3=C(CCN(C2)C1)C4=CC=CC=C4N3)(C5=C(C=C6C(=C5)[C@]78CCN9[C@H]7[C@@](C=CC9)([C@H]([C@@]([C@@H]8N6C)(C(=O)NN)O)O)CC)OC)C(=O)OC)O
C[C@@H]1OC[C@@H]2[C@@H](O1)[C@@H]([C@H]([C@@H](O2)O[C@H]3[C@H]4COC(=O)[C@@H]4[C@@H](C5=CC6=C(C=C35)OCO6)C7=CC(=C(C(=C7)OC)OC(=O)OCC8COC(O8)(C)C)OC)O)O,C[C@@H]1OC[C@@H]2[C@@H](O1)[C@@H]([C@H]([C@@H](O2)O[C@H]3[C@H]4COC(=O)[C@@H]4[C@@H](C5=CC6=C(C=C35)OCO6)C7=CC(=C(C(=C7)OC)O)OC)O)O
C[C@H](C1=CC(=C(C=C1)[N+](=O)[O-])OC2=CC=CC(=C2)C(=O)N(C)C)OP(=O)(N3CC3)N4CC4,C1CN1P(=O)(N2CC2)O
C1CO[P@@](=O)(O[C@@H]1C2=CC(=CC=C2)Cl)COCCN3C=NC4=C(N=CN=C43)N,C1=NC(=C2C(=N1)N(C=N2)CCOCP(=O)(O)O)N
C1COP(=O)(OC1C2=CC=NC=C2)OCC3C(C(C(O3)N4C=CC(=NC4=O)N)O)O,C1=CN(C(=O)N=C1N)[C@H]2[C@H]([C@@H]([C@H](O2)CO)O)O
CCOC(=O)C1=CC=C(C=C1)O,CCOC(=O)C1=CC(=O)C(=O)C=C1
C1=CC(=CC=C1CNNC(=O)C2=CC=C(C=C2)N(CCCl)CCCl)O,C1=CC=C(C=C1)N(CCCl)CCCl
CC(=C)[C@@H]1CC[C@]2([C@H]1[C@H]3CC[C@@H]4[C@]5(CC[C@@H](C([C@@H]5CC[C@]4([C@@]3(CC2)C)C)(C)C)O)C)C(=O)O,C(C(=O)[O-])(Cl)Cl
O=C(CC1)OC(C1=C2)=CC(OC(CCCCC3CCSS3)=O)=C2OC,C1CSS[C@@H]1CCCCC(=O)O
O=C(CC1)OC(C1=C2)=CC(OC(CCCCC3CCSS3)=O)=C2OC,COC1=C(C=C2C(=C1)C=CC(=O)O2)O
O[C@H]1CC[C@@]2(C)C(CC[C@]3(C)[C@]2([H])CC([H])=C4[C@@]3(C)CC[C@]5(C(OCC(NC6=CC([C@H]([C@H]7O[C@@H](CO)SC7)C=C6)=O)=O)=O)[C@@]4([H])[C@@H](C)[C@H](C)CC5)C1(C)C,C1[C@H](O[C@H](S1)CO)N2C=CC(=NC2=O)N
O[C@H]1CC[C@@]2(C)C(CC[C@]3(C)[C@]2([H])CC([H])=C4[C@@]3(C)CC[C@]5(C(OCC(NC6=CC([C@H]([C@H]7O[C@@H](CO)SC7)C=C6)=O)=O)=O)[C@@]4([H])[C@@H](C)[C@H](C)CC5)C1(C)C,C[C@@H]1CC[C@@]2(CC[C@@]3(C(=CC[C@H]4[C@]3(CC[C@@H]5[C@@]4(CC[C@@H](C5(C)C)O)C)C)[C@@H]2[C@H]1C)C)C(=O)O
CC(C)CC1=CC=C(C(C)C(NC(CCC(NC(CS)C(NCC(OC)=O)=O)=O)C(OC)=O)=O)C=C1,CC(C)CC1=CC=C(C=C1)C(C)C(=O)O
CC(C)CC1=CC=C(C(C)C(NC(CCC(NC(CS)C(NCC(OC)=O)=O)=O)C(OC)=O)=O)C=C1,C(CC(=O)N[C@@H](CS)C(=O)NCC(=O)O)[C@@H](C(=O)O)N
OC1=C(O)C=CC(C[C@@H](C(NCC[C@@H](CCSC)C(OC)=O)=O)NC(C)=O)=C1,CSCCC(C(=O)O)N
OC1=C(O)C=CC(C[C@@H](C(NCC[C@@H](CCSC)C(OC)=O)=O)NC(C)=O)=C1,C1=CC(=C(C=C1C[C@@H](C(=O)O)N)O)O
O=C(NC(C1=O)C2N1C(C(O)=O)=C(COC(C3=CN(C(C(F)=C(N4CCN(C)CC4)C(F)=C5)=C5C3=O)CCF)=O)CS2)C(C6=CSC(N)=N6)=NOC,CO/N=C(\\C1=CSC(=N1)N)/C(=O)N[C@H]2[C@@H]3N(C2=O)C(=C(CS3)CO)C(=O)O
O=C(NC(C1=O)C2N1C(C(O)=O)=C(COC(C3=CN(C(C(F)=C(N4CCN(C)CC4)C(F)=C5)=C5C3=O)CCF)=O)CS2)C(C6=CSC(N)=N6)=NOC,CN1CCN(CC1)C2=C(C=C3C(=C2F)N(C=C(C3=O)C(=O)O)CCF)F
O=C(CCC(NCCCCCCNC1=C(C=CC=C2)C2=NC3=C1CCCC3)=O)OC[C@H](O4)[C@H](C5=CC(OC)=C(O)C=C5)OC6=C4C=CC([C@@H]7[C@@H](O)C(C8=C(O)C=C(O)C=C8O7)=O)=C6,COC1=C(C=CC(=C1)[C@@H]2[C@H](OC3=C(O2)C=C(C=C3)[C@@H]4[C@H](C(=O)C5=C(C=C(C=C5O4)O)O)O)CO)O
O=C(CCC(NCCCCCCNC1=C(C=CC=C2)C2=NC3=C1CCCC3)=O)OC[C@H](O4)[C@H](C5=CC(OC)=C(O)C=C5)OC6=C4C=CC([C@@H]7[C@@H](O)C(C8=C(O)C=C(O)C=C8O7)=O)=C6,C1CCC2=NC3=CC=CC=C3C(=C2C1)N
[H]O[C@]1(O[C@H](C[C@@H](O[H])CC(O[C@H](C2)[C@@H](C)OC(OCCCSSCCC(OCC)=O)=O)=O)C[C@H](OC(C)=O)C1(C)C)C[C@H](C/3)O[C@@H](/C=C/C(C)(C)[C@@]4(O[H])[C@@H](OC(/C([H])=C([H])/C([H])=C([H])/CCC)=O)/C(C[C@@H]2O4)=C/C(OC)=O)CC3=C/C(OC)=O,CCC/C=C/C=C/C(=O)O[C@H]1/C(=C/C(=O)OC)/C[C@H]2C[C@@H](OC(=O)C[C@@H](C[C@@H]3C[C@@H](C([C@@](O3)(C[C@@H]4C/C(=C/C(=O)OC)/C[C@@H](O4)/C=C/C([C@@]1(O2)O)(C)C)O)(C)C)OC(=O)C)O)[C@@H](C)O
[H]O[C@]1(O[C@H](C[C@@H](O[H])CC(O[C@H](C2)[C@@H](C)OC(OCC3=CC=C(OC(OC)=O)C=C3)=O)=O)C[C@H](OC(C)=O)C1(C)C)C[C@H](C/4)O[C@@H](/C=C/C(C)(C)[C@@]5(O[H])[C@@H](OC(/C([H])=C([H])/C([H])=C([H])/CCC)=O)/C(C[C@@H]2O5)=C/C(OC)=O)CC4=C/C(OC)=O,CCC/C=C/C=C/C(=O)O[C@H]1/C(=C/C(=O)OC)/C[C@H]2C[C@@H](OC(=O)C[C@@H](C[C@@H]3C[C@@H](C([C@@](O3)(C[C@@H]4C/C(=C/C(=O)OC)/C[C@@H](O4)/C=C/C([C@@]1(O2)O)(C)C)O)(C)C)OC(=O)C)O)[C@@H](C)O
[H]O[C@]1(O[C@H](C[C@@H](O[H])CC(O[C@H](C2)[C@@H](C)OC(OCC3=CC=C(OC(C)=O)C=C3)=O)=O)C[C@H](OC(C)=O)C1(C)C)C[C@H](C/4)O[C@@H](/C=C/C(C)(C)[C@@]5(O[H])[C@@H](OC(/C([H])=C([H])/C([H])=C([H])/CCC)=O)/C(C[C@@H]2O5)=C/C(OC)=O)CC4=C/C(OC)=O,CCC/C=C/C=C/C(=O)O[C@H]1/C(=C/C(=O)OC)/C[C@H]2C[C@@H](OC(=O)C[C@@H](C[C@@H]3C[C@@H](C([C@@](O3)(C[C@@H]4C/C(=C/C(=O)OC)/C[C@@H](O4)/C=C/C([C@@]1(O2)O)(C)C)O)(C)C)OC(=O)C)O)[C@@H](C)O
[H]O[C@]1(O[C@H](C[C@@H](O[H])CC(O[C@H](C2)[C@@H](C)OC(CCCCCCCCC)=O)=O)C[C@H](OC(C)=O)C1(C)C)C[C@H](C/3)O[C@@H](/C=C/C(C)(C)[C@@]4(O[H])[C@@H](OC(/C([H])=C([H])/C([H])=C([H])/CCC)=O)/C(C[C@@H]2O4)=C/C(OC)=O)CC3=C/C(OC)=O,CCC/C=C/C=C/C(=O)O[C@H]1/C(=C/C(=O)OC)/C[C@H]2C[C@@H](OC(=O)C[C@@H](C[C@@H]3C[C@@H](C([C@@](O3)(C[C@@H]4C/C(=C/C(=O)OC)/C[C@@H](O4)/C=C/C([C@@]1(O2)O)(C)C)O)(C)C)OC(=O)C)O)[C@@H](C)O
CC1=C[C@]2([H])[C@@](CC(COC(C)=O)=C[C@]3([H])[C@]2(O[H])[C@H](C)C[C@]4(OC(CC56C[C@@H](C[C@H](C7)C6)C[C@@H]7C5)=O)[C@]3(C4(C)C)[H])(O[H])C1=O,CC1=C[C@]2([H])[C@@](CC(CO[H])=C[C@]([C@]([H])(C3(C)C)[C@@]3(OC(CC45C[C@@H](C[C@H](C6)C5)C[C@@H]6C4)=O)C[C@H]7C)([H])[C@@]27O[H])(O[H])C1=O
CC1=C[C@]2([H])[C@@](CC(COC(CCCCC)=O)=C[C@]3([H])[C@]2(O[H])[C@H](C)C[C@]4(OC(CC56C[C@@H](C[C@H](C7)C6)C[C@@H]7C5)=O)[C@]3(C4(C)C)[H])(O[H])C1=O,CC1=C[C@]2([H])[C@@](CC(CO[H])=C[C@]([C@]([H])(C3(C)C)[C@@]3(OC(CC45C[C@@H](C[C@H](C6)C5)C[C@@H]6C4)=O)C[C@H]7C)([H])[C@@]27O[H])(O[H])C1=O
CC1=C[C@]2([H])[C@@](CC(COC(CCCCCCCCC)=O)=C[C@]3([H])[C@]2(O[H])[C@H](C)C[C@]4(OC(CC56C[C@@H](C[C@H](C7)C6)C[C@@H]7C5)=O)[C@]3(C4(C)C)[H])(O[H])C1=O,CC1=C[C@]2([H])[C@@](CC(CO[H])=C[C@]([C@]([H])(C3(C)C)[C@@]3(OC(CC45C[C@@H](C[C@H](C6)C5)C[C@@H]6C4)=O)C[C@H]7C)([H])[C@@]27O[H])(O[H])C1=O
CC1=C[C@]2([H])[C@@](CC(COC(C3=CC=CC=C3)=O)=C[C@]4([H])[C@]2(O[H])[C@H](C)C[C@]5(OC(CC67C[C@@H](C[C@H](C8)C7)C[C@@H]8C6)=O)[C@]4(C5(C)C)[H])(O[H])C1=O,CC1=C[C@]2([H])[C@@](CC(CO[H])=C[C@]([C@]([H])(C3(C)C)[C@@]3(OC(CC45C[C@@H](C[C@H](C6)C5)C[C@@H]6C4)=O)C[C@H]7C)([H])[C@@]27O[H])(O[H])C1=O
CC1=C[C@]2([H])[C@@](CC(COC(OCC)=O)=C[C@]3([H])[C@]2(O[H])[C@H](C)C[C@]4(OC(CC56C[C@@H](C[C@H](C7)C6)C[C@@H]7C5)=O)[C@]3(C4(C)C)[H])(O[H])C1=O,CC1=C[C@]2([H])[C@@](CC(CO[H])=C[C@]([C@]([H])(C3(C)C)[C@@]3(OC(CC45C[C@@H](C[C@H](C6)C5)C[C@@H]6C4)=O)C[C@H]7C)([H])[C@@]27O[H])(O[H])C1=O
CC1=C[C@]2([H])[C@@](CC(COC(N(CCCCCCCCC)[H])=O)=C[C@]3([H])[C@]2(O[H])[C@H](C)C[C@]4(OC(CC56C[C@@H](C[C@H](C7)C6)C[C@@H]7C5)=O)[C@]3(C4(C)C)[H])(O[H])C1=O,CC1=C[C@]2([H])[C@@](CC(CO[H])=C[C@]([C@]([H])(C3(C)C)[C@@]3(OC(CC45C[C@@H](C[C@H](C6)C5)C[C@@H]6C4)=O)C[C@H]7C)([H])[C@@]27O[H])(O[H])C1=O
CCC(=O)O[C@]1(C2=C(COC1=O)C(=O)N3CC4=CC5=CC=CC=C5N=C4C3=C2)CC,CC[C@@]1(C2=C(COC1=O)C(=O)N3CC4=CC5=CC=CC=C5N=C4C3=C2)O
O=C1N([C@@H]2O[C@H](COP3(OCC(C=CC=C4)=C4O3)=O)C(N=[N+]=[N-])C2)C=CC(N([H])[H])=N1,CC1=CN(C(=O)NC1=O)[C@H]2C[C@@H]([C@H](O2)CO)N=[N+]=[N-]
O=C(N1[H])N([C@@H]2O[C@H](COP(OC3=CC=CC=C3)(OCCSC(C(C)(C)C)=O)=O)C(N=[N+]=[N-])C2)C=C(C)C1=O,CC1=CN(C(=O)NC1=O)[C@H]2C[C@@H]([C@H](O2)CO)N=[N+]=[N-]
O=C(N(C=C(C1=O)C)[C@@H]2O[C@@H](C(C2)N=[N+]=[N-])COP(OC3=CC=CC=C3)(OCCSC(C(C)(C)C)=O)=O)N1[H],C1[C@@H]([C@H](O[C@H]1N2C=C(C(=O)NC2=O)F)CO)O
O=C(N1[H])N([C@@H]2O[C@H](COP3(O[C@H](C4=CC=CC=C4)CCO3)=O)C(O[H])C2)C=C(F)C1=O,C1[C@@H]([C@H](O[C@H]1N2C=C(C(=O)NC2=O)F)CO)O
[H]N([H])C(C=CN1[C@@H]2O[C@H](COP3(OCC[C@@H](C4=CC=CC=C4)O3)=O)C(O[H])C2(F)F)=NC1=O,C1[C@@H]([C@H](O[C@H]1N2C=C(C(=O)NC2=O)F)CO)O
[H]N([H])C(C=CN1[C@@H]2O[C@H](COP(OCCSC(C(C)(C)C)=O)(OC3=CC=CC=C3)=O)C(O[H])C2(F)F)=NC1=O,C1[C@@H]([C@H](O[C@H]1N2C=C(C(=O)NC2=O)F)CO)O
[H]N([H])C(C=CN1[C@@H]2O[C@H](COP(OCCSC(C(C)(C)C)=O)(OCCSC(C(C)(C)C)=O)=O)C(O[H])C2(F)F)=NC1=O,C1[C@@H]([C@H](O[C@H]1N2C=C(C(=O)NC2=O)F)CO)O
[H]/C(C1=CC(OC(N([H])[C@@H]([C@@H](CC)C)C(O[H])=O)=O)=CC(OC(N([C@H](C(O[H])=O)[C@H](C)CC)[H])=O)=C1)=C(C2=CC=C(OC(N([H])[C@@H]([C@@H](CC)C)C(O[H])=O)=O)C=C2)/[H],C1=CC(=CC=C1/C=C/C2=CC(=CC(=C2)O)O)O
[H]/C(C1=CC(OC(N([H])[C@@H]([C@@H](O[H])C)C(O[H])=O)=O)=CC(OC(N([C@H](C(O[H])=O)[C@H](C)O[H])[H])=O)=C1)=C(C2=CC=C(OC(N([H])[C@@H]([C@@H](O[H])C)C(O[H])=O)=O)C=C2)/[H],C1=CC(=CC=C1/C=C/C2=CC(=CC(=C2)O)O)O
[H]/C(C1=CC(OC(N([H])[C@@H](CC2=CC=CC=C2)C(O[H])=O)=O)=CC(OC(N([C@H](C(O[H])=O)CC3=CC=CC=C3)[H])=O)=C1)=C(C4=CC=C(OC(N([H])[C@@H](CC5=CC=CC=C5)C(O[H])=O)=O)C=C4)/[H],C1=CC(=CC=C1/C=C/C2=CC(=CC(=C2)O)O)O
CC1=CN([C@@H]2O[C@H](COC(C(N(C(CC(C)C)C(O[H])=O)[H])=O)=O)[C@@H](N=[N+]=[N-])C2)C(N([H])C1=O)=O,CC1=CN(C(=O)NC1=O)[C@H]2C[C@@H]([C@H](O2)CO)N=[N+]=[N-]
CC1=CN([C@H]2C=C[C@@H](COP(OP(OP(OCC3=CC=C(OC(CCCCCCC/C=C/CCCCCCCC)=O)C=C3)(OCC4=CC=C(OC(CCCCCCC/C=C/CCCCCCCC)=O)C=C4)=O)(O[H])=O)(O[H])=O)O2)C(N([H])C1=O)=O,CC1=CN(C(=O)NC1=O)[C@H]2C=C[C@H](O2)COP(=O)(O)OP(=O)(O)OP(=O)(O)O
CC1=CN([C@H]2C=C[C@@H](COP(OP(OP(OCC3=CC=C(OC(CCCCCC/C=C/CCCCCCCC)=O)C=C3)(OCC4=CC=C(OC(CCCCCC/C=C/CCCCCCCC)=O)C=C4)=O)(O[H])=O)(O[H])=O)O2)C(N([H])C1=O)=O,CC1=CN(C(=O)NC1=O)[C@H]2C=C[C@H](O2)COP(=O)(O)OP(=O)(O)OP(=O)(O)O
CC1=CN([C@H]2C=C[C@@H](COP(OP(OP(OCC3=CC=C(OC(CCCCC/C=C/CCCCCCCC)=O)C=C3)(OCC4=CC=C(OC(CCCCC/C=C/CCCCCCCC)=O)C=C4)=O)(O[H])=O)(O[H])=O)O2)C(N([H])C1=O)=O,CC1=CN(C(=O)NC1=O)[C@H]2C=C[C@H](O2)COP(=O)(O)OP(=O)(O)OP(=O)(O)O
CC1=CN([C@H]2C=C[C@@H](COP(OP(OP(OCC3=CC=C(OC(CCCC/C=C/CCCCCCCC)=O)C=C3)(OCC4=CC=C(OC(CCCC/C=C/CCCCCCCC)=O)C=C4)=O)(O[H])=O)(O[H])=O)O2)C(N([H])C1=O)=O,CC1=CN(C(=O)NC1=O)[C@H]2C=C[C@H](O2)COP(=O)(O)OP(=O)(O)OP(=O)(O)O
CC1=CN([C@H]2C=C[C@@H](COP(OP(OP(OCC3=CC=C(OC(CCC/C=C/CCCCCCCC)=O)C=C3)(OCC4=CC=C(OC(CCC/C=C/CCCCCCCC)=O)C=C4)=O)(O[H])=O)(O[H])=O)O2)C(N([H])C1=O)=O,CC1=CN(C(=O)NC1=O)[C@H]2C=C[C@H](O2)COP(=O)(O)OP(=O)(O)OP(=O)(O)O
CC1=CN([C@H]2C=C[C@@H](COP(OP(OP(OCC3=CC=C(OC(CC/C=C/CCCCCCCC)=O)C=C3)(OCC4=CC=C(OC(CC/C=C/CCCCCCCC)=O)C=C4)=O)(O[H])=O)(O[H])=O)O2)C(N([H])C1=O)=O,CC1=CN(C(=O)NC1=O)[C@H]2C=C[C@H](O2)COP(=O)(O)OP(=O)(O)OP(=O)(O)O
CC1=CN([C@H]2C=C[C@@H](COP(OP(OP(OCC3=CC=C(OC(N(CCCCCCCCCCCCCCCCC[N+]([O-])=O)C)=O)C=C3)(OCC4=CC=C(OC(N(CCCCCCCCCCCCCCCCC[N+]([O-])=O)C)=O)C=C4)=O)(O[H])=O)(O[H])=O)O2)C(N([H])C1=O)=O,CC1=CN(C(=O)NC1=O)[C@H]2C=C[C@H](O2)COP(=O)(O)OP(=O)(O)OP(=O)(O)O
CC1=CN([C@H]2C=C[C@@H](COP(OP(OP(OCC3=CC=C(OC(N(CCCCCCCCCCCCCCCC[N+]([O-])=O)C)=O)C=C3)(OCC4=CC=C(OC(N(CCCCCCCCCCCCCCCC[N+]([O-])=O)C)=O)C=C4)=O)(O[H])=O)(O[H])=O)O2)C(N([H])C1=O)=O,CC1=CN(C(=O)NC1=O)[C@H]2C=C[C@H](O2)COP(=O)(O)OP(=O)(O)OP(=O)(O)O
CC1=CN([C@H]2C=C[C@@H](COP(OP(OP(OCC3=CC=C(OC(N(CCCCCCCCCCCCCCC[N+]([O-])=O)C)=O)C=C3)(OCC4=CC=C(OC(N(CCCCCCCCCCCCCCC[N+]([O-])=O)C)=O)C=C4)=O)(O[H])=O)(O[H])=O)O2)C(N([H])C1=O)=O,CC1=CN(C(=O)NC1=O)[C@H]2C=C[C@H](O2)COP(=O)(O)OP(=O)(O)OP(=O)(O)O
CC1=CN([C@H]2C=C[C@@H](COP(OP(OP(OCC3=CC=C(OC(OCCCCCCCCCC)=O)C=C3)(OCC4=CC=C(OC(OCCCCCCCCCC)=O)C=C4)=O)(O[H])=O)(O[H])=O)O2)C(N([H])C1=O)=O,CC1=CN(C(=O)NC1=O)[C@H]2C=C[C@H](O2)COP(=O)(O)OP(=O)(O)OP(=O)(O)O
CC1=CN([C@H]2C=C[C@@H](COP(OP(OP(OCC3=CC=C(OC(OCCCCCCCCC)=O)C=C3)(OCC4=CC=C(OC(OCCCCCCCCC)=O)C=C4)=O)(O[H])=O)(O[H])=O)O2)C(N([H])C1=O)=O,CC1=CN(C(=O)NC1=O)[C@H]2C=C[C@H](O2)COP(=O)(O)OP(=O)(O)OP(=O)(O)O
CC1=CN([C@H]2C=C[C@@H](COP(OP(OP(OCC3=CC=C(OC(OCCCCCCCC)=O)C=C3)(OCC4=CC=C(OC(OCCCCCCCC)=O)C=C4)=O)(O[H])=O)(O[H])=O)O2)C(N([H])C1=O)=O,CC1=CN(C(=O)NC1=O)[C@H]2C=C[C@H](O2)COP(=O)(O)OP(=O)(O)OP(=O)(O)O
CC1=CN([C@H]2C=C[C@@H](COP(OP(OP(OCC3=CC=C(OC(OCCCCCCC)=O)C=C3)(OCC4=CC=C(OC(OCCCCCCC)=O)C=C4)=O)(O[H])=O)(O[H])=O)O2)C(N([H])C1=O)=O,CC1=CN(C(=O)NC1=O)[C@H]2C=C[C@H](O2)COP(=O)(O)OP(=O)(O)OP(=O)(O)O
CC1=CN([C@H]2C=C[C@@H](COP(OP(OP(OCC3=CC=C(OC(OCCCCCC)=O)C=C3)(OCC4=CC=C(OC(OCCCCCC)=O)C=C4)=O)(O[H])=O)(O[H])=O)O2)C(N([H])C1=O)=O,CC1=CN(C(=O)NC1=O)[C@H]2C=C[C@H](O2)COP(=O)(O)OP(=O)(O)OP(=O)(O)O
CC1=CN([C@H]2C=C[C@@H](COP(OP(OP(OCC3=CC=C(OC(OC)=O)C=C3)(OCC4=CC=C(OC(OC)=O)C=C4)=O)(O[H])=O)(O[H])=O)O2)C(N([H])C1=O)=O,CC1=CN(C(=O)NC1=O)[C@H]2C=C[C@H](O2)COP(=O)(O)OP(=O)(O)OP(=O)(O)O
CN(C)C(=O)C(CC[N+]1(CCC(CC1)(C2=CC=C(C=C2)Cl)O)[O-])(C3=CC=CC=C3)C4=CC=CC=C4,CN(C)C(=O)C(CCN1CCC(CC1)(C2=CC=C(C=C2)Cl)O)(C3=CC=CC=C3)C4=CC=CC=C4
CCCCCCCC(=O)OC[C@H]([C@H]([C@H]1[C@@H]([C@H](C=C(O1)C(=O)O)N=C(N)N)NC(=O)C)OC)O,CC(=O)N[C@@H]1[C@H](C=C(O[C@H]1[C@@H]([C@@H](CO)O)OC)C(=O)O)N=C(N)N
CC(C)C(=O)OC[C@@H]1[C@H]([C@@]([C@@H](O1)N2C=CC(=NC2=O)N)(C)F)OC(=O)C(C)C,C[C@]1([C@@H]([C@H](O[C@H]1N2C=CC(=NC2=O)N)CO)O)F
CCCCOC(=O)N1CCN(CC1)C(=O)[C@H](CP(=O)(OCOC(=O)OC(C)C)OCOC(=O)OC(C)C)NC(=O)C2=CC(=NC(=N2)C3=CC=CC=C3)N4CC[C@@H](C4)OC,CCCCOC(=O)N1CCN(CC1)C(=O)[C@H](CP(=O)(O)O)NC(=O)C2=CC(=NC(=N2)C3=CC=CC=C3)N4CC[C@@H](C4)OC
CC(=O)O[C@@H]1C[C@H](O[C@H]1N2C3=NC(=NC=C3SC2=O)N)CO,C([C@@H]1[C@H]([C@H]([C@@H](O1)N2C3=C(C(=O)NC(=N3)N)SC2=O)O)O)O
CCOC(=O)[C@@H]1CC2(CCN(CC2)C3=CC(=NC(=N3)N)O[C@H](C4=C(C=C(C=C4)Cl)C5=CC=CC=C5)C(F)(F)F)CN1,C1CN(CCC12C[C@H](NC2)C(=O)O)C3=CC(=NC(=N3)N)O[C@H](C4=C(C=C(C=C4)Cl)C5=CC=CC=C5)C(F)(F)F
CC(C)C(=O)OC[C@@]1(C(C(C(O1)N2C=CC(=NC2=O)N)OC(=O)C(C)C)OC(=O)C(C)C)N=[N+]=[N-],C1=CN(C(=O)N=C1N)[C@H]2[C@@H]([C@@H]([C@](O2)(CO)N=[N+]=[N-])O)O
O=C(N([C@@H](C)CO1)[C@@]1([H])CN2C=C3C(N(CC4=C(F)C=C(F)C=C4)[H])=O)C2=C(OC(CCCCCCCCCCCCCCCCC)=O)C3=O,C[C@H]1CO[C@H]2N1C(=O)C3=C(C(=O)C(=CN3C2)C(=O)NCC4=C(C=C(C=C4)F)F)O
O=C(N([C@@H](C)CO1)[C@@]1([H])CN2C=C3C(N(CC4=C(F)C=C(F)C=C4)[H])=O)C2=C(OC(CCCCCCCCCCCCCCCCCCC)=O)C3=O,C[C@H]1CO[C@H]2N1C(=O)C3=C(C(=O)C(=CN3C2)C(=O)NCC4=C(C=C(C=C4)F)F)O
O=C(N([C@@H](C)CO1)[C@@]1([H])CN2C=C3C(N(CC4=C(F)C=C(F)C=C4)[H])=O)C2=C(OC(CCCCCCCCCCCCC)=O)C3=O,C[C@H]1CO[C@H]2N1C(=O)C3=C(C(=O)C(=CN3C2)C(=O)NCC4=C(C=C(C=C4)F)F)O
C[C@@H](O[H])[C@@]1([H])C(N2[C@]1([H])[C@@H](C)C(S[C@@H]3CN(C(OCOC(C(C)C)=O)=O)[C@H](C(N(C)C)=O)C3)=C2C(OCOC(C(C)(C)C)=O)=O)=O,C[C@@H]1[C@@H]2[C@H](C(=O)N2C(=C1S[C@H]3C[C@H](NC3)C(=O)N(C)C)C(=O)O)[C@@H](C)O
FC1=CN([C@@H]2SC(COC(OC)=O)OC2)C(N=C1N(C(OC)=O)[H])=O,C1[C@H](O[C@H](S1)CO)N2C=C(C(=NC2=O)N)F
FC1=CN([C@@H]2SC(CO[H])OC2)C(N=C1N(C(OCC)=O)[H])=O,C1[C@H](O[C@H](S1)CO)N2C=C(C(=NC2=O)N)F
FC1=CN([C@@H]2SC(CO[H])OC2)C(N=C1N(C(OCCC)=O)[H])=O,C1[C@H](O[C@H](S1)CO)N2C=C(C(=NC2=O)N)F
FC1=CN([C@@H]2SC(CO[H])OC2)C(N=C1N(C(OCCCC)=O)[H])=O,C1[C@H](O[C@H](S1)CO)N2C=C(C(=NC2=O)N)F
FC1=CN([C@@H]2SC(CO[H])OC2)C(N=C1N(C(OCCCCC)=O)[H])=O,C1[C@H](O[C@H](S1)CO)N2C=C(C(=NC2=O)N)F
FC1=CN([C@@H]2SC(CO[H])OC2)C(N=C1N(C(OCCCCCC)=O)[H])=O,C1[C@H](O[C@H](S1)CO)N2C=C(C(=NC2=O)N)F
FC1=CN([C@@H]2SC(CO[H])OC2)C(N=C1N(C(OCCCCCCC)=O)[H])=O,C1[C@H](O[C@H](S1)CO)N2C=C(C(=NC2=O)N)F
FC1=CN([C@@H]2SC(CO[H])OC2)C(N=C1N(C(OCCCCCCCC)=O)[H])=O,C1[C@H](O[C@H](S1)CO)N2C=C(C(=NC2=O)N)F
FC1=CN([C@@H]2SC(COC(OCC)=O)OC2)C(N=C1N(C(OCC)=O)[H])=O,C1[C@H](O[C@H](S1)CO)N2C=C(C(=NC2=O)N)F
FC1=CN([C@@H]2SC(COC(OCCC)=O)OC2)C(N=C1N(C(OCCC)=O)[H])=O,C1[C@H](O[C@H](S1)CO)N2C=C(C(=NC2=O)N)F
FC1=CN([C@@H]2SC(COC(OCCCC)=O)OC2)C(N=C1N(C(OCCCC)=O)[H])=O,C1[C@H](O[C@H](S1)CO)N2C=C(C(=NC2=O)N)F
FC1=CN([C@@H]2SC(COC(OCCCCC)=O)OC2)C(N=C1N(C(OCCCCC)=O)[H])=O,C1[C@H](O[C@H](S1)CO)N2C=C(C(=NC2=O)N)F
FC1=CN([C@@H]2SC(COC(OCCCCCC)=O)OC2)C(N=C1N(C(OCCCCCC)=O)[H])=O,C1[C@H](O[C@H](S1)CO)N2C=C(C(=NC2=O)N)F
FC1=CN([C@@H]2SC(COC(OCCCCCCC)=O)OC2)C(N=C1N(C(OCCCCCCC)=O)[H])=O,C1[C@H](O[C@H](S1)CO)N2C=C(C(=NC2=O)N)F
FC1=CN([C@@H]2SC(COC(OCCCCCCCC)=O)OC2)C(N=C1N(C(OCCCCCCCC)=O)[H])=O,C1[C@H](O[C@H](S1)CO)N2C=C(C(=NC2=O)N)F
CC(=O)OC1=CC=CC2=C1C(=CN2)CCN(C)C,CN(C)CCC1=CNC2=C1C(=CC=C2)O
C1=CC=C2C(=C1)C(OC2=O)OC(=O)C3=C(N=CC=C3)NC4=CC=CC(=C4)C(F)(F)F,C1=CC(=CC(=C1)NC2=C(C=CC=N2)C(=O)O)C(F)(F)F
CC1=C(C(=C2C(=O)C=C(OC2=C1F)C3=CC(=C(C=C3)NC(=O)[C@H](CCCCN)N)F)N)F.CS(=O)(=O)O,CC1=C(C(=C2C(=O)C=C(OC2=C1F)C3=CC(=C(C=C3)N)F)N)F
C[C@@H](C(=O)OC(C)C)N[P@](=O)(OCC1[C@H]([C@@]([C@@H](O1)N2C=NC3=C(N=C(N=C32)N)NC)(C)F)O)OC4=CC=CC=C4,[H]N(C)C1=C(N=CN2[C@H]3[C@](C)(F)[C@H](O)C(COP(O[H])(OP(O[H])(OP(O[H])(O[H])=O)=O)=O)O3)C2=NC(N([H])[H])=N1
CC1=C(OC2=CC=CC=C12)CN(C)C(=O)/C=C/C3=CC4=C(N=C3)N(C(=O)CC4)COP(=O)(O)O,CC1=C(OC2=CC=CC=C12)CN(C)C(=O)/C=C/C3=CC4=C(NC(=O)CC4)N=C3
C[C@@H](C1=NC(=CS1)C2=CC=C(C=C2)C#N)[C@](CN3C=NC=N3)(C4=C(C=C(C=C4)F)F)OCOP(=O)(O)O,C[C@@H](C1=NC(=CS1)C2=CC=C(C=C2)C#N)[C@](CN3C=NC=N3)(C4=C(C=C(C=C4)F)F)O
COCCOCCOCCOCCOC(=O)OC[N+]1=CC=C(C=C1)NC(=NCCCCCCOC2=CC=C(C=C2)Cl)NC#N.[Cl-],C1=CC(=CC=C1OCCCCCCN=C(NC#N)NC2=CC=NC=C2)Cl
COC1=C(C=CC(=C1)N2C=NC3=C(C2=O)SC(=C3)C4=CC=C(C=C4)Cl)OC[C@@H](C5CC5)OP(=O)(O)O,COC1=C(C=CC(=C1)N2C=NC3=C(C2=O)SC(=C3)C4=CC=C(C=C4)Cl)OC[C@@H](C5CC5)O
C1=CC(=CC=C1[C@H]([C@@H](COC(=O)CCC(=O)O)NC(=O)C(Cl)Cl)O)[N+](=O)[O-],C1=CC(=CC=C1[C@H]([C@@H](CO)NC(=O)C(Cl)Cl)O)[N+](=O)[O-]
CC(C)C[C@@H](C(=O)N[C@@H](C[C@@H]1CCNC1=O)C(=O)COP(=O)(O)O)NC(=O)C2=CC3=C(N2)C=CC=C3OC,CC(C)C[C@@H](C(=O)N[C@@H](C[C@@H]1CCNC1=O)C(=O)CO)NC(=O)C2=CC3=C(N2)C=CC=C3OC
CC[C@@]1(C2=C(COC1=O)C(=O)N3CC4=CC5=C(C=CC(=C5CC=C)OC(=O)N6CCC(CC6)N7CCCCC7)N=C4C3=C2)O,CC[C@@]1(C2=C(COC1=O)C(=O)N3CC4=CC5=C(C=CC(=C5CC=C)O)N=C4C3=C2)O
CN1CC[C@@H]([C@@H](C1)O)C2=C(C=C(C3=C2OC(=CC3=O)C4=CC=CC=C4Cl)O)OP(=O)(O)O,CN1CC[C@@H]([C@@H](C1)O)C2=C(C=C(C3=C2OC(=CC3=O)C4=CC=CC=C4Cl)O)O
COC1=CC=CC2=C1C(C(C(O[H])=C([C@@H](O[C@H]3C[C@H](N([H])[H])[C@H](O[H])[C@H](C)O3)C[C@@](/C(CO[H])=N/N([H])C(CCCCCN4C(CC(SCCCSCC(P([O-])([O-])=O)P([O-])([O-])=O)C4=O)=O)=O)(O[H])C5)C5=C6O[H])=C6C2=O)=O.[NH4+].[NH4+].[NH4+].[NH4+],C[C@H]1[C@H]([C@H](C[C@@H](O1)O[C@H]2C[C@@](CC3=C2C(=C4C(=C3O)C(=O)C5=C(C4=O)C(=CC=C5)OC)O)(C(=O)CO)O)N)O
COC1=CC=CC(C(C2=C3C(O[H])=C4C(C[C@@](O[H])(C(COC(CCSSCCC(OCC([C@](C[C@@H]5O[C@H]6C[C@H](N([H])[H])[C@H](O[H])[C@H](C)O6)(O[H])CC(C5=C7O[H])=C(O[H])C8=C7C(C9=C(C8=O)C=CC=C9OC)=O)=O)=O)=O)=O)C[C@@H]4O[C@H]%10C[C@H](N([H])[H])[C@H](O[H])[C@H](C)O%10)=C2O[H])=O)=C1C3=O,C[C@H]1[C@H]([C@H](C[C@@H](O1)O[C@H]2C[C@@](CC3=C2C(=C4C(=C3O)C(=O)C5=C(C4=O)C(=CC=C5)OC)O)(C(=O)CO)O)N)O
CC/C(=C(/C1=CC=C(C=C1)OCCN(C)C)\\C2=CC=C(C=C2)OP(=O)(O)O)/C3=CC=C(C=C3)C(C)C,CC/C(=C(\\C1=CC=C(C=C1)O)/C2=CC=C(C=C2)OCCN(C)C)/C3=CC=C(C=C3)C(C)C
COC1=CC=C2C(C=CC([C@H](C)C(N([H])[C@@](CC(N([H])[C@](CC(N([H])[C@@](CC(O[H])=O)([H])C(O[H])=O)=O)([H])C(N([C@@](C(O[H])=O)([H])CC(O[H])=O)[H])=O)=O)([H])C(N([H])[C@@](CC(N([C@@](CC(O[H])=O)([H])C(O[H])=O)[H])=O)([H])C(N([H])[C@]([H])(CC(O[H])=O)C(O[H])=O)=O)=O)=O)=C2)=C1,C[C@@H](C1=CC2=C(C=C1)C=C(C=C2)OC)C(=O)O
COC1=CC=C2C(C=CC([C@H](C)C(N([H])[C@@](CC(N([H])[C@](CC(O[H])=O)([H])C(O[H])=O)=O)([H])C(N([H])[C@@](CC(O[H])=O)([H])C(O[H])=O)=O)=O)=C2)=C1,C[C@@H](C1=CC2=C(C=C1)C=C(C=C2)OC)C(=O)O
CC(O[C@]12C3[C@](C)(C([C@H](OC(C)=O)C4=C(C)[C@@H](OC([C@H](OC5=CC=C(O[H])C=C5)[C@H](C6=CC=CC=C6)N([H])C(OCC(C7=CC=C(N(CC(N([H])CCN(C)C)=O)CC(N(CCN(C)C)[H])=O)C=C7O8)=CC8=O)=O)=O)C[C@]([C@H]3OC(C9=CC=CC=C9)=O)(O[H])C4(C)C)=O)[C@@H](O[H])C[C@H]1OC2)=O,CC1=C2[C@H](C(=O)[C@@]3([C@H](C[C@@H]4[C@]([C@H]3[C@@H]([C@@](C2(C)C)(C[C@@H]1OC(=O)[C@@H]([C@H](C5=CC=CC=C5)NC(=O)C6=CC=CC=C6)O)O)OC(=O)C7=CC=CC=C7)(CO4)OC(=O)C)O)C)OC(=O)C
[H]OC1=C2C=C[C@](CC/C=C(C)/C)(C)OC2=C(C/C=C(C)/C)C(OC3[C@@]4(C/C=C(C(N(C(CC(C)C)C(OCCOCCOC(C(N([H])C(C/C(C)=C\C[C@]56C([C@@]([H])(C7)C=C8[C@]5([C@]7([H])C(C)(C)O6)OC9=C(C(OC)=C(C=C[C@](CC/C=C(C)/C)(C)O%10)C%10=C9C/C=C(C)/C)C8=O)=O)=O)CC(C)C)=O)=O)[H])=O)/C)OC(C)(C)C%11[H])=C1C(C3=C[C@]([H])(C%11)C4=O)=O,CC(=CCC[C@@]1(C=CC2=C(C3=C(C(=C2O1)CC=C(C)C)O[C@@]45[C@H]6C[C@@H](C=C4C3=O)C(=O)[C@@]5(OC6(C)C)C/C=C(/C)\\C(=O)O)O)C)C
C[C@@]1(C([C@@H](O[H])C2=C(C)[C@H](OC([C@@H](O[H])[C@H](C3=CC=CC=C3)N([H])C(OC(C)(C)C)=O)=O)C[C@@]4(O[H])C2(C)C)=O)[C@]([C@H]4OC(C5=CC=CC=C5)=O)([H])[C@]6(OC(C)=O)[C@@H](OC6)C[C@H]1OC(CCCO[C@H]7[C@@H](O[H])[C@@H](O[H])[C@H](O[H])[C@@H](CO[H])O7)=O,CC(=CCC[C@@]1(C=CC2=C(C3=C(C(=C2O1)CC=C(C)C)O[C@@]45[C@H]6C[C@@H](C=C4C3=O)C(=O)[C@@]5(OC6(C)C)C/C=C(/C)\\C(=O)O)O)C)C
O=C(N([H])[C@@H](C1=CC=CC=C1)[C@@H](OC(OCCSSCCN([H])[H])=O)C(O[C@H]2C[C@]3(O[H])C(C)(C)C([C@@H](OC(C)=O)C([C@@]4(C)C([C@](OC(C)=O)(CO5)[C@H]5C[C@@H]4O[H])[C@@H]3OC(C6=CC=CC=C6)=O)=O)=C2C)=O)C7=CC=CC=C7,CC(=CCC[C@@]1(C=CC2=C(C3=C(C(=C2O1)CC=C(C)C)O[C@@]45[C@H]6C[C@@H](C=C4C3=O)C(=O)[C@@]5(OC6(C)C)C/C=C(/C)\\C(=O)O)O)C)C
COC1=CC([C@@H]([C@H]2C(OC[C@@H]2[C@@H]3O[H])=O)C4=C3C=C5OCOC5=C4)=CC(OC)=C1OC(CC(O[H])C(O[H])=O)=O,C[C@@H]1OC[C@@H]2[C@@H](O1)[C@@H]([C@H]([C@@H](O2)O[C@H]3[C@H]4COC(=O)[C@@H]4[C@@H](C5=CC6=C(C=C35)OCO6)C7=CC(=C(C(=C7)OC)O)OC)O)O
CCCCCCCCCCCCCCCCCC(=O)OCOC(=O)N(CC)C1C2CCC(C2)C1C3=CC=CC=C3,CCNC1C2CCC(C2)C1C3=CC=CC=C3
C1[C@@H]([C@H](O[C@H]1N2C=C(C=NC2=O)I)CO)O,C1[C@@H]([C@H](O[C@H]1N2C=C(C(=O)NC2=O)I)CO)O
CC1=CC2=C(N1)C=CC=C2OCC(CNC(C)(C)C)OC(=O)C3=CC=CC=C3,CC(C)NCC(COC1=CC=CC2=C1C=CN2)O
C[C@@H](C(=O)OCC1=CC=CC=C1)NP(=O)(OC[C@@H]2[C@H](C([C@@H](O2)N3C=CC(=NC3=O)N)(F)F)O)OC4=CC=CC=C4,C1=CN(C(=O)N=C1N)[C@H]2C([C@@H]([C@H](O2)CO)O)(F)F
CC1=CC=C(C=C1)C(=O)OC2=CC=C(C=C2)C(CN(C)C)C3(CCCCC3)O,CN(C)CC(C1=CC=C(C=C1)O)C2(CCCCC2)O
ClC1=CC2=C(N=C1)SC(COC3=C(F)C(C(N)=O)=C(F)C=C3)=N2,C1=CC(=C(C(=C1OCC2=NC3=C(S2)N=CC(=C3)Cl)F)C(=O)N)F
COC1=CC=C2C(C=CC(CC(OCCCN3CCN(CC)CC3)=O)=C2)=C1,COC1=CC2=C(C=C1)C=C(C=C2)CC(=O)O
N[C@H](C=O)CC1=CC=CC=C1.FC(F)(C([O-])=O)F.[H]N(C(N(S(C2=CC=C3C(CCN3C(C4=CC=C(N([H])C(C([N+]([H])([H])[H])CC)=O)C=C4)=O)=C2)(=O)=O)C5)=O)[C@H]5C6=CC=CC=C6,[H]N(C(N(S(C1=CC=C2C(CCN2C(C3=CC=C(N([H])[H])C=C3)=O)=C1)(=O)=O)C4)=O)[C@H]4C5=CC=CC=C5
O=C(N(CCCOC([C@H](C(C)C)[N+](C)(C)C)=O)C1=C2N(C)C(/C([H])=C(C3=CC=CC(OC)=C3)\[H])=N1)N(CC#C[H])C2=O.[Cl-],CN1C(=NC2=C1C(=O)N(C(=O)N2CCCO)CC#C)/C=C/C3=CC(=CC=C3)OC
[H]OC1=CC(O[H])=C(C(C(OC(CCC)=O)=C(C2=CC=C(O[H])C(O[H])=C2)C3)=O)C3=C1,C1=CC(=C(C=C1C2=C(C(=O)C3=C(C=C(C=C3O2)O)O)O)O)O
CC1=C(OC(CN(C)C)=O)C=C2C(O[C@@](CC/C([H])=C(C)/CC/C([H])=C(C)/CC/C=C(C)/C)(C)CC2)=C1C,CC1=C(C=C2CC[C@@](OC2=C1C)(C)CC/C=C(\\C)/CC/C=C(\\C)/CCC=C(C)C)O
[H]N(C1=NC=C(C2=CC=C(Cl)C=C2)O1)C3=CC=C4C(C=NN4COC(CCC([H])=O)=O)=C3,[H]N1N=CC2=CC(N(C3=NC=C(C4=CC=C(OC)C(OC)=C4)O3)[H])=CC=C21
[H]N([H])C1=C(O[C@@H]2O[C@H](C(O[H])=O)[C@@H](O[H])C(O[H])[C@H]2O[H])C=CC(COC(N([H])C3=CC=C(C(N(C4=CC=CC=C4N([H])[H])[H])=O)C=C3)=O)=C1,CC(=O)NC1=CC=C(C=C1)C(=O)NC2=CC=CC=C2N
O=C(OC1O[C@H](C(O[H])=O)[C@@H](O[H])[C@H](O[H])[C@H]1O[H])N([H])C2=CC=C(C(N(C3=CC=CC=C3N([H])[H])[H])=O)C=C2,CC(=O)NC1=CC=C(C=C1)C(=O)NC2=CC=CC=C2N
BrC1=CC(N(C2=C3C(N(CC(C)C4=CC=CC=C4)N=C3)=NC(SC)=N2)C(OCCN5CCN(C)CC5)=O)=CC=C1,BrC1=CC(N(C(OCCN2CCN(CC2)C)=O)C3=C4C(N(N=C4)CC(C5=CC=CC=C5)C)=NC(SC)=N3)=CC=C1
O=C1C2=C([C@@](O[H])(CC)C(OC2)=O)C=C3C4=NC5=CC=C(OCC6=CC([N+]([O-])=O)=C(O[C@@H]7O[C@H](C(O[H])=O)[C@@H](O[H])[C@@H](O[H])[C@H]7O[H])C=C6)C=C5C=C4CN31,CC[C@@]1(C2=C(COC1=O)C(=O)N3CC4=C(C3=C2)N=C5C=CC(=CC5=C4)O)O
CC1=C(O[C@@H]2O[C@H](CO[H])[C@@H](O[H])[C@@H](O[H])[C@H]2O[H])C=C3C(C(C(C)C)=C(OC)C=C3C)=C1,CC[C@@]1(C2=C(COC1=O)C(=O)N3CC4=C(C3=C2)N=C5C=CC(=CC5=C4)O)O
C[C@@H]([C@H](C)[C@H](O[H])[C@@H](C)/C([H])=C([H])/C([H])=C([H])/C([H])=C([H])/C([H])=C([H])/C([H])=C([H])/C([H])=C([H])/C([H])=C([H])/[C@H](O[C@@H]1[C@H](O[H])[C@H](N=CC2=CC(COP(O[H])(O[H])=O)=NC(C)=C2O[H])[C@@H](O[H])[C@H](C)O1)C[C@@]3([H])[C@H](C(O[H])=O)[C@@H](O[H])C[C@@](O3)(O[H])C[C@@H](O[H])C[C@@H](O[H])[C@H](O[H])CC[C@@H](O[H])C[C@@H](O[H])C4)OC4=O,C[C@H]1/C=C/C=C/C=C/C=C/C=C/C=C/C=C/[C@@H](C[C@H]2[C@@H]([C@H](C[C@](O2)(C[C@H](C[C@H]([C@@H](CC[C@H](C[C@H](CC(=O)O[C@H]([C@@H]([C@@H]1O)C)C)O)O)O)O)O)O)O)C(=O)O)O[C@H]3[C@H]([C@H]([C@@H]([C@H](O3)C)O)N)O
CC1=C(OCC(N[C@H]([C@@H](O)C[C@@H](NC([C@@H](N2CCCNC2=O)C(C)C)=O)CC3=CC=CC=C3)CC4=CC=CC=C4)=O)C(C)=CC=C1,CC1=C(C(=CC=C1)C)OCC(=O)N[C@@H](CC2=CC=CC=C2)[C@H](C[C@H](CC3=CC=CC=C3)NC(=O)[C@H](C(C)C)N4CCCNC4=O)O
CC(C)C1=NC(CN(C)C(N([H])[C@@H](C(N([C@H](CC2=CC=CC=C2)C[C@H]([C@H](N([H])C(OCC3=CN=CS3)=O)CC4=CC=CC=C4)OC(C)OP([O-])([O-])=O)[H])=O)C(C)C)=O)=CS1.[Na+].[Na+],CC(C)C1=NC(=CS1)CN(C)C(=O)N[C@@H](C(C)C)C(=O)N[C@@H](CC2=CC=CC=C2)C[C@@H]([C@H](CC3=CC=CC=C3)NC(=O)OCC4=CN=CS4)O
O=C1N([H])CCCN1[C@@H](C(N([H])[C@H](CC2=CC=CC=C2)C[C@@H](OC(OP([O-])([O-])=O)[H])[C@@H](CC3=CC=CC=C3)N([H])C(COC4=C(C)C=CC=C4C)=O)=O)C(C)C.[Na+].[Na+],CC1=C(C(=CC=C1)C)OCC(=O)N[C@@H](CC2=CC=CC=C2)[C@H](C[C@H](CC3=CC=CC=C3)NC(=O)[C@H](C(C)C)N4CCCNC4=O)O
O=C([C@@](C(C([H])([H])[H])([H])C([H])([H])[H])([H])N([H])C(N(C([H])([H])[H])C([H])([H])C1=C([H])SC(C(C([H])([H])[H])([H])C([H])([H])[H])=N1)=O)N([H])[C@](C([H])([H])C2=C([H])C([H])=C([H])C([H])=C2[H])([H])C([H])([H])[C@]([C@@](C([H])([H])C3=C([H])C([H])=C([H])C([H])=C3[H])([H])N([H])C(OC([H])([H])C4=C([H])N=C([H])S4)=O)([H])O[H],CC(C)C1=NC(=CS1)CN(C)C(=O)N[C@@H](C(C)C)C(=O)N[C@@H](CC2=CC=CC=C2)C[C@@H]([C@H](CC3=CC=CC=C3)NC(=O)OCC4=CN=CS4)O
ClC1=CC=C(C(/C=C/C2=CC=C(OP([O-])([O-])=O)C(OC)=C2)=O)C=C1.[Na+].[Na+],C1=CC=C(C=C1)/C=C/C(=O)C2=CC=CC=C2
CC1(C)[C@@H](O[H])CC[C@@]2(C)[C@@]1([H])CC[C@]3(C)[C@]2([H])CC=C4[C@@]3(C)CC[C@]5(C(OCCOC([C@H](C(C)([H])C)N([H])[H])=O)=O)[C@@]4([H])CC(C)(C)CC5,C[C@]12CC[C@H](C(C1CC[C@@]3(C2CC=C4[C@]3(CC[C@@]5(C4CC(CC5)(C)C)C(=O)O)C)C)(C)C)O
[O-]P([O-])(OCOC1=C(C(C)C)C=CC=C1C(C)C)=O.[Na+].[Na+],CC(C)C1=C(C(=CC=C1)C(C)C)O
[O-]P([O-])(OC(C)OC1=C(C(C)C)C=CC=C1C(C)C)=O.[Na+].[Na+],CC(C)C1=C(C(=CC=C1)C(C)C)O
O=S(C(C=C1)=CC=C1OC2=CC=C(OP(O[H])(O[H])=O)C=C2)(CC3SC3)=O,C1C(S1)CS(=O)(=O)C2=CC=C(C=C2)OC3=CC=CC=C3
[H]N(CCC(S/1)=CN(COP(O[H])(O[H])=O)C1=N\C(N([H])C2=CC=CC(Cl)=C2)=O)C3=C(SC=C4)C4=NC=N3,C1=CC(=CC(=C1)Cl)NC(=O)NC2=NC=C(S2)CCNC3=NC=NC4=C3SC=C4
CC1(C)[C@@H](O[H])CC[C@@]2(C)[C@@]1([H])CC[C@]3(C)[C@]2([H])CC=C4[C@@]3(C)CC[C@]5(C(OCC(OC([C@@](C)([H])N(OC([C@H](C(C)([H])C)N([H])[H])=O)[H])=O)C)=O)[C@@]4([H])CC(C)(C)CC5,C[C@]12CC[C@H](C(C1CC[C@@]3(C2CC=C4[C@]3(CC[C@@]5(C4CC(CC5)(C)C)C(=O)O)C)C)(C)C)O
FC(F)(F)C1=NN(C2=CC=C(S(=O)(N([Na])C(CCC(O[Na])=O)=O)=O)C=C2)C(C3=CC4=CC=CC=C4C=C3)=C1,FC(F)(F)C1=NN(C2=CC=C(S(=O)(N([H])[H])=O)C=C2)C(C3=CC4=CC=CC=C4C=C3)=C1
[H]N([H])/C(N([H])[H])=N/C1=NC(CS(CC/C(N([H])[H])=N/S(=O)(N([H])[H])=O)=O)=CS1,O=S(/N=C(C([H])([H])C([H])([H])SC([H])([H])C1=C([H])SC(/N=C(N([H])[H])/N([H])[H])=N1)\N([H])[H])(N([H])[H])=O
[H]N1C(N([C@@H]2C[C@H](CO[H])[C@@H](OC(OCCOCCOCCO[H])=O)C2)C=C(CN3C=C(CCCCCCCCCC)N=N3)C1=O)=O,[H]N1C(N([C@@H]2C[C@H](CO[H])[C@@H](O[H])C2)C=C(CN3C=C(CCCCCCCCCC)N=N3)C1=O)=O
[H]N1C(N([C@@H]2C[C@H](CO[H])[C@@H](OC(OCCOCCOCCOCCO[H])=O)C2)C=C(CN3C=C(CCCCCCCCCC)N=N3)C1=O)=O,[H]N1C(N([C@@H]2C[C@H](CO[H])[C@@H](O[H])C2)C=C(CN3C=C(CCCCCCCCCC)N=N3)C1=O)=O
[H]N1C(N([C@@H]2C[C@H](CO[H])[C@@H](OC(OCCOCCOCCOCCOCCO[H])=O)C2)C=C(CN3C=C(CCCCCCCCCC)N=N3)C1=O)=O,[H]N1C(N([C@@H]2C[C@H](CO[H])[C@@H](O[H])C2)C=C(CN3C=C(CCCCCCCCCC)N=N3)C1=O)=O
CC1=C([C@@H](OC(C)=O)C([C@@]2(C)[C@]([C@@]3(OC(C)=O)[C@H](OC3)C[C@@H]2OC(COCC(O[H])=O)=O)([H])[C@@H]4OC(C5=CC=CC=C5)=O)=O)C(C)(C)[C@@]4(O[H])C[C@@H]1OC(C(OC(COCC(O[H])=O)=O)[C@@H](N([H])C(C6=CC=CC=C6)=O)C7=CC=CC=C7)=O,CC1=C2[C@H](C(=O)[C@@]3([C@H](C[C@@H]4[C@]([C@H]3[C@@H]([C@@](C2(C)C)(C[C@@H]1OC(=O)[C@@H]([C@H](C5=CC=CC=C5)NC(=O)C6=CC=CC=C6)O)O)OC(=O)C7=CC=CC=C7)(CO4)OC(=O)C)O)C)OC(=O)C
CC1=C([C@@H](OC(C)=O)C([C@@]2(C)[C@]([C@@]3(OC(C)=O)[C@H](OC3)C[C@@H]2OC(CSCC(O[H])=O)=O)([H])[C@@H]4OC(C5=CC=CC=C5)=O)=O)C(C)(C)[C@@]4(O[H])C[C@@H]1OC(C(OC(CSCC(O[H])=O)=O)[C@@H](N([H])C(C6=CC=CC=C6)=O)C7=CC=CC=C7)=O,CC1=C2[C@H](C(=O)[C@@]3([C@H](C[C@@H]4[C@]([C@H]3[C@@H]([C@@](C2(C)C)(C[C@@H]1OC(=O)[C@@H]([C@H](C5=CC=CC=C5)NC(=O)C6=CC=CC=C6)O)O)OC(=O)C7=CC=CC=C7)(CO4)OC(=O)C)O)C)OC(=O)C
CC1=C([C@@H](OC(C)=O)C([C@@]2(C)[C@]([C@@]3(OC(C)=O)[C@H](OC3)C[C@@H]2O[H])([H])[C@@H]4OC(C5=CC=CC=C5)=O)=O)C(C)(C)[C@@]4(O[H])C[C@@H]1OC(C(OC(CS(CC(O[H])=O)(=O)=O)=O)[C@@H](N([H])C(C6=CC=CC=C6)=O)C7=CC=CC=C7)=O,CC1=C2[C@H](C(=O)[C@@]3([C@H](C[C@@H]4[C@]([C@H]3[C@@H]([C@@](C2(C)C)(C[C@@H]1OC(=O)[C@@H]([C@H](C5=CC=CC=C5)NC(=O)C6=CC=CC=C6)O)O)OC(=O)C7=CC=CC=C7)(CO4)OC(=O)C)O)C)OC(=O)C
CC1=C([C@@H](OC(C)=O)C([C@@]2(C)[C@]([C@@]3(OC(C)=O)[C@H](OC3)C[C@@H]2O[H])([H])[C@@H]4OC(C5=CC=CC=C5)=O)=O)C(C)(C)[C@@]4(O[H])C[C@@H]1OC(C(OC(CS(CC(OC)=O)(=O)=O)=O)[C@@H](N([H])C(C6=CC=CC=C6)=O)C7=CC=CC=C7)=O,CC1=C2[C@H](C(=O)[C@@]3([C@H](C[C@@H]4[C@]([C@H]3[C@@H]([C@@](C2(C)C)(C[C@@H]1OC(=O)[C@@H]([C@H](C5=CC=CC=C5)NC(=O)C6=CC=CC=C6)O)O)OC(=O)C7=CC=CC=C7)(CO4)OC(=O)C)O)C)OC(=O)C
O=C(CC[C@H](N(C(C1=CC=C(N(CC2=NC3=C(N([H])[H])N=C(N([H])[H])N=C3N=C2)C)C=C1)=O)[H])C(O[H])=O)OCCSSCCOC(O[C@@H]4[C@](COC5=O)([H])[C@@]5([H])[C@H](C6=CC(OC)=C(OC)C(OC)=C6)C7=C4C=C8C(OCO8)=C7)=O,COC1=CC(=CC(=C1OC)OC)[C@H]2[C@@H]3[C@H](COC3=O)[C@H](C4=CC5=C(C=C24)OCO5)O
CCN(CC)CC(=O)OC1=CC=C(C=C1)NC(=O)C,CC(=O)NC1=CC=C(C=C1)O
ClC1=CC2=C(SC(COC3=C(F)C(C(N([H])C[N+](C)([H])C)=O)=C(F)C=C3)=N2)N=C1,C1=CC(=C(C(=C1OCC2=NC3=C(S2)N=CC(=C3)Cl)F)C(=O)N)F
