SMILES,MW,Lipo,pIC50
C=CCNS(=C)(O)=COC=NC=COC(=O)OC(C)OC(=O)c1nc(N2CCc3cccc(C(=O)Nc4nc5ccccc5s4)c3C2)ccc1-c1cnn(CC23CC4CC(CC(C4)C2)C3)c1C,288.33299999999963,0.5254498980737433,0.283516288191787
C=C=CC=CONC(=CCOC(=O)OC(C)OC(=O)c1nc(N2CCc3cccc(C(=O)Nc4nc5ccccc5s4)c3C2)ccc1-c1cnn(CC23CC4CC(CC(C4)C2)C3)c1C)CF,255.25299999999945,1.8823985419156577,-0.10008164602842
Cc1c(-c2ccc(N3CCc4cccc(C(=O)Nc5nc6ccccc6s5)c4C3)nc2C(=O)OC(C)OC(=O)OCC=CON)cnn1CC12CC3CC(CC(C3)C1)C2,159.1489999999996,0.5599509194306087,0.0475334096278498
CCCC=[SH]N=CCN=C=COC(=O)OC(C)OC(=O)c1nc(N2CCc3cccc(C(=O)Nc4nc5ccccc5s4)c3C2)ccc1-c1cnn(CC23CC4CC(CC(C4)C2)C3)c1C,256.3349999999994,1.3998698428939076,0.6093346314669253
Cc1c(-c2ccc(N3CCc4cccc(C(=O)Nc5nc6ccccc6s5)c4C3)nc2C(=O)OC(C)OC(=O)OCCCCNCOC=CCNOCC=O)cnn1CC12CC3CC(CC(C3)C1)C2,302.3349999999992,0.2143824027801296,0.3815982791239851
Cc1c(-c2ccc(N3CCc4cccc(C(=O)Nc5nc6ccccc6s5)c4C3)nc2C(=O)OC(C)OC(=O)OCC(C)NOC=CCC=O)cnn1CC12CC3CC(CC(C3)C1)C2,229.2399999999996,0.860483055079907,-0.0078564523050518
C=CN=COOCNC(N)NC(=O)OOC(=CCOC(=O)OC(C)OC(=O)c1nc(N2CCc3cccc(C(=O)Nc4nc5ccccc5s4)c3C2)ccc1-c1cnn(CC23CC4CC(CC(C4)C2)C3)c1C)NOCC=C=O,431.3659999999997,-0.1231474899681131,-0.1143534508684679
Cc1c(-c2ccc(N3CCc4cccc(C(=O)Nc5nc6ccccc6s5)c4C3)nc2C(=O)OC(C)OC(=O)OCCOOOC=CCl)cnn1CC12CC3CC(CC(C3)C1)C2,224.60399999999964,2.016016916319674,-0.0275507326268867
CCOCCOOCCCN=CCCCOC(=O)OC(C)OC(=O)c1nc(N2CCc3cccc(C(=O)Nc4nc5ccccc5s4)c3C2)ccc1-c1cnn(CC23CC4CC(CC(C4)C2)C3)c1C,303.3629999999992,2.10998867398174,-0.0081200513315646
CC=CCC(S)=CNC=CCCNCCOC(=O)OC(C)OC(=O)c1nc(N2CCc3cccc(C(=O)Nc4nc5ccccc5s4)c3C2)ccc1-c1cnn(CC23CC4CC(CC(C4)C2)C3)c1C,312.44299999999936,0.7607370280212565,0.2527562211999796
Cc1c(-c2ccc(N3CCc4cccc(C(=O)Nc5nc6ccccc6s5)c4C3)nc2C(=O)OC(C)OC(=O)OCCC=CBr)cnn1CC12CC3CC(CC(C3)C1)C2,221.0579999999996,1.992349773363552,-0.0048585955317968
Cc1c(-c2ccc(N3CCc4cccc(C(=O)Nc5nc6ccccc6s5)c4C3)nc2C(=O)OC(C)OC(=O)OCCCBr)cnn1CC12CC3CC(CC(C3)C1)C2,209.0469999999995,2.284376355233404,0.0177655460546873
CNC=C=CCCOC(=O)OC(C)OC(=O)c1nc(N2CCc3cccc(C(=O)Nc4nc5ccccc5s4)c3C2)ccc1-c1cnn(CC23CC4CC(CC(C4)C2)C3)c1C,183.2149999999994,1.1674507846262738,-0.0527592337157409
C#CCCOOCC(C)CCC(CC=CCOC(=O)OC(C)OC(=O)c1nc(N2CCc3cccc(C(=O)Nc4nc5ccccc5s4)c3C2)ccc1-c1cnn(CC23CC4CC(CC(C4)C2)C3)c1C)(N=CC)OC=CC,407.51499999999913,3.0151048442017565,0.3507782170735815
CCC=CCC=C=CNC(=CC=CCOC=CNC(O)CCOC(=O)OC(C)OC(=O)c1nc(N2CCc3cccc(C(=O)Nc4nc5ccccc5s4)c3C2)ccc1-c1cnn(CC23CC4CC(CC(C4)C2)C3)c1C)COONC,465.5549999999991,1.46352602713018,0.4651842530204392
Cc1c(-c2ccc(N3CCc4cccc(C(=O)Nc5nc6ccccc6s5)c4C3)nc2C(=O)OC(C)OC(=O)OCCCCNNCBr)cnn1CC12CC3CC(CC(C3)C1)C2,267.13099999999923,0.1922598839855265,0.3058938628948143
Cc1c(-c2ccc(N3CCc4cccc(C(=O)Nc5nc6ccccc6s5)c4C3)nc2C(=O)OC(C)OC(=O)OCC=CCCCCNC=CNCC(C)C#CC=N)cnn1CC12CC3CC(CC(C3)C1)C2,333.4399999999992,1.3922522404561868,0.6817535073815384
Cc1c(-c2ccc(N3CCc4cccc(C(=O)Nc5nc6ccccc6s5)c4C3)nc2C(=O)OC(C)OC(=O)OCOC=CCCNCC=COC=CBr)cnn1CC12CC3CC(CC(C3)C1)C2,348.2009999999996,0.5622775202683259,0.281294059245661
C=COCCC=C(N)SCCOC(=O)OC(C)OC(=O)c1nc(N2CCc3cccc(C(=O)Nc4nc5ccccc5s4)c3C2)ccc1-c1cnn(CC23CC4CC(CC(C4)C2)C3)c1C,259.3349999999994,1.4926836235864054,0.0809317123333319
Cc1c(-c2ccc(N3CCc4cccc(C(=O)Nc5nc6ccccc6s5)c4C3)nc2C(=O)OC(C)OC(=O)OCC=NN=N)cnn1CC12CC3CC(CC(C3)C1)C2,157.13699999999957,0.2729926668818488,-0.1812148665776909
Cc1c(-c2ccc(N3CCc4cccc(C(=O)Nc5nc6ccccc6s5)c4C3)nc2C(=O)OC(C)OC(=O)OCC2CCC=C2SC=CCCCl)cnn1CC12CC3CC(CC(C3)C1)C2,288.80399999999923,2.7386744477687874,0.0790400799451921
Cc1c(-c2ccc(N3CCc4cccc(C(=O)Nc5nc6ccccc6s5)c4C3)nc2C(=O)OC(C)OC(=O)OCC(N)N=O)cnn1CC12CC3CC(CC(C3)C1)C2,160.13699999999957,0.167302843916456,0.2130886926819616
Cc1c(-c2ccc(N3CCc4cccc(C(=O)Nc5nc6ccccc6s5)c4C3)nc2C(=O)OC(C)OC(=O)OC2C=N2)cnn1CC12CC3CC(CC(C3)C1)C2,127.10699999999969,0.8191312107812814,0.3892724571432017
Cc1c(-c2ccc(N3CCc4cccc(C(=O)Nc5nc6ccccc6s5)c4C3)nc2C(=O)OC(C)OC(=O)OCNNC2CC2)cnn1CC12CC3CC(CC(C3)C1)C2,172.1919999999995,0.9784280793820808,0.186345633343742
Cc1c(-c2ccc(N3CCc4cccc(C(=O)Nc5nc6ccccc6s5)c4C3)nc2C(=O)OC(C)OC(=O)OCC=O)cnn1CC12CC3CC(CC(C3)C1)C2,130.1069999999997,0.764543142165713,-0.1437840044083112
Cc1c(-c2ccc(N3CCc4cccc(C(=O)Nc5nc6ccccc6s5)c4C3)nc2C(=O)OC(C)OC(=O)OC=O)cnn1CC12CC3CC(CC(C3)C1)C2,116.07999999999976,0.4453563220135886,0.1955340753315173
CC(=CCC=O)ONCC1N=C1CCCOC(=O)OC(C)OC(=O)c1nc(N2CCc3cccc(C(=O)Nc4nc5ccccc5s4)c3C2)ccc1-c1cnn(CC23CC4CC(CC(C4)C2)C3)c1C,296.3309999999992,1.350746371024744,0.152383540090388
Cc1c(-c2ccc(N3CCc4cccc(C(=O)Nc5nc6ccccc6s5)c4C3)nc2C(=O)OC(C)OC(=O)OCC=CCCCNC=C2CN2)cnn1CC12CC3CC(CC(C3)C1)C2,238.29499999999933,1.371445057257215,0.3746051206997671
Cc1c(-c2ccc(N3CCc4cccc(C(=O)Nc5nc6ccccc6s5)c4C3)nc2C(=O)OC(C)OC(=O)OCCCCNCCC=NC(C)C#CO)cnn1CC12CC3CC(CC(C3)C1)C2,282.3479999999992,-0.4678409456290784,0.6874854888379183
Cc1c(-c2ccc(N3CCc4cccc(C(=O)Nc5nc6ccccc6s5)c4C3)nc2C(=O)OC(C)OC(=O)OCCC=O)cnn1CC12CC3CC(CC(C3)C1)C2,144.13399999999962,0.9499425557239548,-0.0406898978746019
Cc1c(-c2ccc(N3CCc4cccc(C(=O)Nc5nc6ccccc6s5)c4C3)nc2C(=O)OC(C)OC(=O)OCCCCCCNC=N)cnn1CC12CC3CC(CC(C3)C1)C2,214.27299999999929,0.5310448939780169,0.4759640693431861
Cc1c(-c2ccc(N3CCc4cccc(C(=O)Nc5nc6ccccc6s5)c4C3)nc2C(=O)OC(C)OC(=O)OCCC=CC=CCSO)cnn1CC12CC3CC(CC(C3)C1)C2,230.2929999999996,1.7077101111288149,0.004704553603207
Cc1c(-c2ccc(N3CCc4cccc(C(=O)Nc5nc6ccccc6s5)c4C3)nc2C(=O)OC(C)OC(=O)OC2C=C2)cnn1CC12CC3CC(CC(C3)C1)C2,126.11899999999974,1.9988587801613185,0.4124180750471534
Cc1c(-c2ccc(N3CCc4cccc(C(=O)Nc5nc6ccccc6s5)c4C3)nc2C(=O)OC(C)OC(=O)OC=CSCCBr)cnn1CC12CC3CC(CC(C3)C1)C2,253.1249999999996,1.3407163841664465,0.2741020871437608
Cc1c(-c2ccc(N3CCc4cccc(C(=O)Nc5nc6ccccc6s5)c4C3)nc2C(=O)OC(C)OC(=O)OC2=C=CCCCCC2)cnn1CC12CC3CC(CC(C3)C1)C2,194.2379999999993,2.1561197589552017,0.4622107468892092
Cc1c(-c2ccc(N3CCc4cccc(C(=O)Nc5nc6ccccc6s5)c4C3)nc2C(=O)OC(C)OC(=O)OCC=CC=O)cnn1CC12CC3CC(CC(C3)C1)C2,156.1449999999997,1.3646061994014802,0.0742885112234644
Cc1c(-c2ccc(N3CCc4cccc(C(=O)Nc5nc6ccccc6s5)c4C3)nc2C(=O)OC(C)OC(=O)OCCCC=O)cnn1CC12CC3CC(CC(C3)C1)C2,158.16099999999955,1.5881635904818638,0.1941175465901033
C#CCN(C=NC=NCCCCCOC(=O)OC(C)OC(=O)c1nc(N2CCc3cccc(C(=O)Nc4nc5ccccc5s4)c3C2)ccc1-c1cnn(CC23CC4CC(CC(C4)C2)C3)c1C)CNCNOCl,373.8489999999992,0.8917006743131672,0.4629558366160936
CSC=CCOCOCC1=C=C1CC=C(C)CCOC(=O)OC(C)OC(=O)c1nc(N2CCc3cccc(C(=O)Nc4nc5ccccc5s4)c3C2)ccc1-c1cnn(CC23CC4CC(CC(C4)C2)C3)c1C,352.4599999999994,2.4885992826862697,0.1286288983250483
Cc1c(-c2ccc(N3CCc4cccc(C(=O)Nc5nc6ccccc6s5)c4C3)nc2C(=O)OC(C)OC(=O)OC#CNCC(=C=CN=N)CCNN)cnn1CC12CC3CC(CC(C3)C1)C2,265.2809999999992,-1.2161430025985465,0.3920503597565246
CN=CCOC(=O)OC(C)OC(=O)c1nc(N2CCc3cccc(C(=O)Nc4nc5ccccc5s4)c3C2)ccc1-c1cnn(CC23CC4CC(CC(C4)C2)C3)c1C,143.1499999999995,0.913563624255321,0.0961070856688541
Cc1c(-c2ccc(N3CCc4cccc(C(=O)Nc5nc6ccccc6s5)c4C3)nc2C(=O)OC(C)OC(=O)OCCOCC(C)COCC=O)cnn1CC12CC3CC(CC(C3)C1)C2,246.26699999999943,1.0955198308121958,-0.0534167010504201
Cc1c(-c2ccc(N3CCc4cccc(C(=O)Nc5nc6ccccc6s5)c4C3)nc2C(=O)OC(C)OC(=O)OCCBr)cnn1CC12CC3CC(CC(C3)C1)C2,195.0199999999996,1.8151663179433308,0.2077227692376649
Cc1c(-c2ccc(N3CCc4cccc(C(=O)Nc5nc6ccccc6s5)c4C3)nc2C(=O)OC(C)OC(=O)OCCC=C(CNC=O)NN=COCC=O)cnn1CC12CC3CC(CC(C3)C1)C2,299.2909999999994,0.5496137948979838,-0.4469159489568696
C=CN=S=NCOCCOC#CC#CCC=NNCCOC(=O)OC(C)OC(=O)c1nc(N2CCc3cccc(C(=O)Nc4nc5ccccc5s4)c3C2)ccc1-c1cnn(CC23CC4CC(CC(C4)C2)C3)c1C,380.4339999999992,1.950713099178104,-0.0769808705636074
Cc1c(-c2ccc(N3CCc4cccc(C(=O)Nc5nc6ccccc6s5)c4C3)nc2C(=O)OC(C)OC(=O)OCCC=NOCC=NCl)cnn1CC12CC3CC(CC(C3)C1)C2,234.64699999999945,1.3547277027001472,-0.1241346912727571
Cc1c(-c2ccc(N3CCc4cccc(C(=O)Nc5nc6ccccc6s5)c4C3)nc2C(=O)OC(C)OC(=O)OC2CCC3NC32NN)cnn1CC12CC3CC(CC(C3)C1)C2,199.21799999999945,-0.0066089716681173,0.5232661229223687
Cc1c(-c2ccc(N3CCc4cccc(C(=O)Nc5nc6ccccc6s5)c4C3)nc2C(=O)OC(C)OC(=O)OCC=CCl)cnn1CC12CC3CC(CC(C3)C1)C2,162.57999999999964,2.195406003529916,0.0982768210178276
CNCC=C=CONCCCOC(=O)OC(C)OC(=O)c1nc(N2CCc3cccc(C(=O)Nc4nc5ccccc5s4)c3C2)ccc1-c1cnn(CC23CC4CC(CC(C4)C2)C3)c1C,242.2829999999996,-0.5690806818592439,0.4568212711845931
Cc1c(-c2ccc(N3CCc4cccc(C(=O)Nc5nc6ccccc6s5)c4C3)nc2C(=O)OC(C)OC(=O)OCCCOC=O)cnn1CC12CC3CC(CC(C3)C1)C2,174.15999999999957,1.5693944264695243,-0.0704684044580553
