SMILES,MW,Caco2,MIC90
CO/N=C(\C(=O)N[C@@H]1C(=O)N2C(C(=O)OC(C)OC(=O)OCC=CON)=C(COC(N)=O)CS[C@H]12)c1ccco1,159.14200000000034,-0.1165123737138983,0.141770499434596
CO/N=C(\C(=O)N[C@@H]1C(=O)N2C(C(=O)OC(C)OC(=O)OCC(C)NOC=CCC=O)=C(COC(N)=O)CS[C@H]12)c1ccco1,229.23300000000023,0.1016286469742662,0.1886267705051656
CO/N=C(\C(=O)N[C@@H]1C(=O)N2C(C(=O)OC(C)OC(=O)OCCOOOC=CCl)=C(COC(N)=O)CS[C@H]12)c1ccco1,224.59700000000024,0.2810310628939833,0.2483227454093997
CO/N=C(\C(=O)N[C@@H]1C(=O)N2C(C(=O)OC(C)OC(=O)OCCC=CBr)=C(COC(N)=O)CS[C@H]12)c1ccco1,221.0510000000001,0.2730101261901948,0.023703152720665
CO/N=C(\C(=O)N[C@@H]1C(=O)N2C(C(=O)OC(C)OC(=O)OCCCBr)=C(COC(N)=O)CS[C@H]12)c1ccco1,209.04000000000025,0.28364417755886,0.0129225440523253
CNC=C=CCCOC(=O)OC(C)OC(=O)C1=C(COC(N)=O)CS[C@@H]2[C@H](NC(=O)/C(=N\OC)c3ccco3)C(=O)N12,183.20800000000025,0.2043695554308855,0.2230319083432499
CO/N=C(\C(=O)N[C@@H]1C(=O)N2C(C(=O)OC(C)OC(=O)OCC=NN=N)=C(COC(N)=O)CS[C@H]12)c1ccco1,157.13000000000028,-0.2530988367680949,0.222006344440499
CO/N=C(\C(=O)N[C@@H]1C(=O)N2C(C(=O)OC(C)OC(=O)OCC(N)N=O)=C(COC(N)=O)CS[C@H]12)c1ccco1,160.13000000000028,-0.1508215929553224,0.0638332601666524
CO/N=C(\C(=O)N[C@@H]1C(=O)N2C(C(=O)OC(C)OC(=O)OC3C=N3)=C(COC(N)=O)CS[C@H]12)c1ccco1,127.1000000000003,0.2025978274121193,-0.0589016154893569
CO/N=C(\C(=O)N[C@@H]1C(=O)N2C(C(=O)OC(C)OC(=O)OCNNC3CC3)=C(COC(N)=O)CS[C@H]12)c1ccco1,172.18500000000023,-0.0110119677649993,0.1284545739715005
CO/N=C(\C(=O)N[C@@H]1C(=O)N2C(C(=O)OC(C)OC(=O)OCC=O)=C(COC(N)=O)CS[C@H]12)c1ccco1,130.1000000000003,0.1670634426123426,-0.0419184085019817
CO/N=C(\C(=O)N[C@@H]1C(=O)N2C(C(=O)OC(C)OC(=O)OC=O)=C(COC(N)=O)CS[C@H]12)c1ccco1,116.07300000000026,0.0726346117891408,-0.0870755620462841
CO/N=C(\C(=O)N[C@@H]1C(=O)N2C(C(=O)OC(C)OC(=O)OCC=CCCCNC=C3CN3)=C(COC(N)=O)CS[C@H]12)c1ccco1,238.28800000000012,-0.1456886072991795,0.2940329910036318
CO/N=C(\C(=O)N[C@@H]1C(=O)N2C(C(=O)OC(C)OC(=O)OCCC=O)=C(COC(N)=O)CS[C@H]12)c1ccco1,144.12700000000035,0.23267058189434,-0.027965487906369
CO/N=C(\C(=O)N[C@@H]1C(=O)N2C(C(=O)OC(C)OC(=O)OCCCCCCNC=N)=C(COC(N)=O)CS[C@H]12)c1ccco1,214.26600000000025,-0.2379312865008886,0.2945181183525108
CO/N=C(\C(=O)N[C@@H]1C(=O)N2C(C(=O)OC(C)OC(=O)OCCC=CC=CCSO)=C(COC(N)=O)CS[C@H]12)c1ccco1,230.28600000000023,0.1389207797897784,0.2661759005702236
CO/N=C(\C(=O)N[C@@H]1C(=O)N2C(C(=O)OC(C)OC(=O)OC3C=C3)=C(COC(N)=O)CS[C@H]12)c1ccco1,126.11200000000024,0.2251652519299683,-0.1598802799321458
CO/N=C(\C(=O)N[C@@H]1C(=O)N2C(C(=O)OC(C)OC(=O)OC3=C=CCCCCC3)=C(COC(N)=O)CS[C@H]12)c1ccco1,194.2310000000004,0.4076863544274474,0.3427561821037522
CO/N=C(\C(=O)N[C@@H]1C(=O)N2C(C(=O)OC(C)OC(=O)OCC=CC=O)=C(COC(N)=O)CS[C@H]12)c1ccco1,156.13800000000032,0.0710088061907689,0.03538651736137
CO/N=C(\C(=O)N[C@@H]1C(=O)N2C(C(=O)OC(C)OC(=O)OCCCC=O)=C(COC(N)=O)CS[C@H]12)c1ccco1,158.1540000000004,0.1934066793305104,0.0547236466154798
CN=CCOC(=O)OC(C)OC(=O)C1=C(COC(N)=O)CS[C@@H]2[C@H](NC(=O)/C(=N\OC)c3ccco3)C(=O)N12,143.1430000000001,0.2553763331400701,0.1040407085861603
CO/N=C(\C(=O)N[C@@H]1C(=O)N2C(C(=O)OC(C)OC(=O)OCCOCC(C)COCC=O)=C(COC(N)=O)CS[C@H]12)c1ccco1,246.26000000000028,0.2798257050682621,0.3193702315553264
CO/N=C(\C(=O)N[C@@H]1C(=O)N2C(C(=O)OC(C)OC(=O)OCCBr)=C(COC(N)=O)CS[C@H]12)c1ccco1,195.0130000000002,0.3571021198543656,-0.0572067164617757
CO/N=C(\C(=O)N[C@@H]1C(=O)N2C(C(=O)OC(C)OC(=O)OCCC=NOCC=NCl)=C(COC(N)=O)CS[C@H]12)c1ccco1,234.64000000000016,0.2135479021514053,0.3867077824680384
CO/N=C(\C(=O)N[C@@H]1C(=O)N2C(C(=O)OC(C)OC(=O)OC3CCC4NC43NN)=C(COC(N)=O)CS[C@H]12)c1ccco1,199.2110000000003,-0.3305109754477916,0.1801953977982712
CO/N=C(\C(=O)N[C@@H]1C(=O)N2C(C(=O)OC(C)OC(=O)OCC=CCl)=C(COC(N)=O)CS[C@H]12)c1ccco1,162.57300000000026,0.1682706338810841,0.0402987247200676
CNCC=C=CONCCCOC(=O)OC(C)OC(=O)C1=C(COC(N)=O)CS[C@@H]2[C@H](NC(=O)/C(=N\OC)c3ccco3)C(=O)N12,242.27600000000007,-0.1038796239025529,0.4001422946164155
CO/N=C(\C(=O)N[C@@H]1C(=O)N2C(C(=O)OC(C)OC(=O)OCCCOC=O)=C(COC(N)=O)CS[C@H]12)c1ccco1,174.1530000000003,0.2678576929420137,0.1958638393618728
CO/N=C(\C(=O)N[C@@H]1C(=O)N2C(C(=O)OC(C)OC(=O)OCNC=C=CCCC=O)=C(COC(N)=O)CS[C@H]12)c1ccco1,211.21800000000025,0.1523392581555425,0.2570451945256214
CO/N=C(\C(=O)N[C@@H]1C(=O)N2C(C(=O)OC(C)OC(=O)OCCCCC=O)=C(COC(N)=O)CS[C@H]12)c1ccco1,172.18100000000032,0.2975079861382665,0.0906760360271387
CO/N=C(\C(=O)N[C@@H]1C(=O)N2C(C(=O)OC(C)OC(=O)OC=CF)=C(COC(N)=O)CS[C@H]12)c1ccco1,132.0910000000003,0.1536249928136773,-0.1070140617241735
CO/N=C(\C(=O)N[C@@H]1C(=O)N2C(C(=O)OC(C)OC(=O)OCC=C=C(NO)OS)=C(COC(N)=O)CS[C@H]12)c1ccco1,219.2190000000001,-0.2031239600788767,0.3846322811145733
C=CNCOC(=O)OC(C)OC(=O)C1=C(COC(N)=O)CS[C@@H]2[C@H](NC(=O)/C(=N\OC)c3ccco3)C(=O)N12,143.1430000000001,0.2018039138442165,0.0382738453508335
CO/N=C(\C(=O)N[C@@H]1C(=O)N2C(C(=O)OC(C)OC(=O)OC=C=NN=O)=C(COC(N)=O)CS[C@H]12)c1ccco1,156.09800000000024,0.1728637360478164,0.1586937099962161
CO/N=C(\C(=O)N[C@@H]1C(=O)N2C(C(=O)OC(C)OC(=O)OCCCN=O)=C(COC(N)=O)CS[C@H]12)c1ccco1,159.14200000000034,0.2415536460684077,0.1601073757780703
CO/N=C(\C(=O)N[C@@H]1C(=O)N2C(C(=O)OC(C)OC(=O)OC3(C)C=NOC3)=C(COC(N)=O)CS[C@H]12)c1ccco1,171.1530000000003,0.1804015768857469,0.049895340508424
CO/N=C(\C(=O)N[C@@H]1C(=O)N2C(C(=O)OC(C)OC(=O)OC=N)=C(COC(N)=O)CS[C@H]12)c1ccco1,115.08900000000024,-0.1554938278324188,-0.043697677503281
CO/N=C(\C(=O)N[C@@H]1C(=O)N2C(C(=O)OC(C)OC(=O)OCC3CCC=C4C3CC3=CN34)=C(COC(N)=O)CS[C@H]12)c1ccco1,233.2680000000002,0.2434852765105991,-0.2792919160678149
CO/N=C(\C(=O)N[C@@H]1C(=O)N2C(C(=O)OC(C)OC(=O)OC=CCCNCl)=C(COC(N)=O)CS[C@H]12)c1ccco1,191.6150000000003,0.1054434198387693,0.0795345122755888
CO/N=C(\C(=O)N[C@@H]1C(=O)N2C(C(=O)OC(C)OC(=O)OCC=CCCl)=C(COC(N)=O)CS[C@H]12)c1ccco1,176.6000000000003,0.415005524445137,0.1074703480178006
CO/N=C(\C(=O)N[C@@H]1C(=O)N2C(C(=O)OC(C)OC(=O)OCCN(C)CNCF)=C(COC(N)=O)CS[C@H]12)c1ccco1,206.21800000000025,0.0574756394160658,0.2351657167301398
CCOC=[SH]CCOCOC(=O)OC(C)OC(=O)C1=C(COC(N)=O)CS[C@@H]2[C@H](NC(=O)/C(=N\OC)c3ccco3)C(=O)N12,236.29000000000013,0.3469492326883761,0.3620590946462986
CNC=CCCOCCCCOC(=O)OC(C)OC(=O)C1=C(COC(N)=O)CS[C@@H]2[C@H](NC(=O)/C(=N\OC)c3ccco3)C(=O)N12,243.3040000000001,0.171007735130218,0.3475019931253947
CO/N=C(\C(=O)N[C@@H]1C(=O)N2C(C(=O)OC(C)OC(=O)OC[O-])=C(COC(N)=O)CS[C@H]12)c1ccco1,117.0810000000003,0.0449914639694837,-0.0708840266456304
CCOC(=COC=O)CCOC(=O)OC(C)OC(=O)C1=C(COC(N)=O)CS[C@@H]2[C@H](NC(=O)/C(=N\OC)c3ccco3)C(=O)N12,230.21700000000016,0.2329214034475465,0.319907387054665
CO/N=C(\C(=O)N[C@@H]1C(=O)N2C(C(=O)OC(C)OC(=O)OCCOCC=CCCCC=O)=C(COC(N)=O)CS[C@H]12)c1ccco1,242.2720000000004,0.2613631139227654,0.2635224648967897
CO/N=C(\C(=O)N[C@@H]1C(=O)N2C(C(=O)OC(C)OC(=O)OCOC=O)=C(COC(N)=O)CS[C@H]12)c1ccco1,146.09900000000033,0.2390256882838194,0.0438455446707608
CO/N=C(\C(=O)N[C@@H]1C(=O)N2C(C(=O)OC(C)OC(=O)OCCl)=C(COC(N)=O)CS[C@H]12)c1ccco1,136.53500000000037,0.3788486202598142,0.0032790560563477
CC=C=CCC(C)C=CCOC(=O)OC(C)OC(=O)C1=C(COC(N)=O)CS[C@@H]2[C@H](NC(=O)/C(=N\OC)c3ccco3)C(=O)N12,222.2850000000001,0.3832933772421608,0.2505360510532708
CO/N=C(\C(=O)N[C@@H]1C(=O)N2C(C(=O)OC(C)OC(=O)OCOO)=C(COC(N)=O)CS[C@H]12)c1ccco1,134.08800000000036,0.0943111139592735,-0.0142263073239271
